[INFO] Scanning for projects...
[INFO] 
[INFO] ---------------------< vn.edu.multigame:multigame >---------------------
[INFO] Building MultiGame 0.0.1-SNAPSHOT
[INFO]   from pom.xml
[INFO] --------------------------------[ jar ]---------------------------------
[INFO] 
[INFO] --- resources:3.3.1:resources (default-resources) @ multigame ---
[INFO] Copying 3 resources from src\main\resources to target\classes
[INFO] Copying 23 resources from src\main\resources to target\classes
[INFO] 
[INFO] --- compiler:3.14.1:compile (default-compile) @ multigame ---
[INFO] Nothing to compile - all classes are up to date.
[INFO] 
[INFO] --- resources:3.3.1:testResources (default-testResources) @ multigame ---
[INFO] Copying 3 resources from src\test\resources to target\test-classes
[INFO] 
[INFO] --- compiler:3.14.1:testCompile (default-testCompile) @ multigame ---
[INFO] Nothing to compile - all classes are up to date.
[INFO] 
[INFO] --- surefire:3.5.6:test (default-test) @ multigame ---
[INFO] Using auto detected provider org.apache.maven.surefire.junitplatform.JUnitPlatformProvider
[INFO] 
[INFO] -------------------------------------------------------
[INFO]  T E S T S
[INFO] -------------------------------------------------------
[INFO] Running vn.edu.multigame.auth.security.PermissionPolicyTest
[INFO] Tests run: 28, Failures: 0, Errors: 0, Skipped: 0, Time elapsed: 0.171 s -- in vn.edu.multigame.auth.security.PermissionPolicyTest
[INFO] Running vn.edu.multigame.common.config.CodebaseStructureTest
[INFO] Tests run: 3, Failures: 0, Errors: 0, Skipped: 0, Time elapsed: 0.102 s -- in vn.edu.multigame.common.config.CodebaseStructureTest
[INFO] Running vn.edu.multigame.common.config.WebAccessPropertiesTest
[INFO] Tests run: 10, Failures: 0, Errors: 0, Skipped: 0, Time elapsed: 0.015 s -- in vn.edu.multigame.common.config.WebAccessPropertiesTest
[INFO] Running vn.edu.multigame.game.dto.GameplayRulesSnapshotTest
[INFO] Tests run: 16, Failures: 0, Errors: 0, Skipped: 0, Time elapsed: 0.057 s -- in vn.edu.multigame.game.dto.GameplayRulesSnapshotTest
[INFO] Running vn.edu.multigame.game.dto.MultimodeRulesSnapshotTest
[INFO] Tests run: 3, Failures: 0, Errors: 0, Skipped: 0, Time elapsed: 0.164 s -- in vn.edu.multigame.game.dto.MultimodeRulesSnapshotTest
[INFO] Running vn.edu.multigame.game.engine.ArrangementEvaluatorTest
[INFO] Tests run: 5, Failures: 0, Errors: 0, Skipped: 0, Time elapsed: 0.015 s -- in vn.edu.multigame.game.engine.ArrangementEvaluatorTest
[INFO] Running vn.edu.multigame.game.engine.MultimodeScoreEngineTest
[INFO] Tests run: 56, Failures: 0, Errors: 0, Skipped: 0, Time elapsed: 0.064 s -- in vn.edu.multigame.game.engine.MultimodeScoreEngineTest
[INFO] Running vn.edu.multigame.game.engine.RankingEngineTest
[INFO] Tests run: 6, Failures: 0, Errors: 0, Skipped: 0, Time elapsed: 0.009 s -- in vn.edu.multigame.game.engine.RankingEngineTest
[INFO] Running vn.edu.multigame.game.engine.ScoreEngineTest
[INFO] Tests run: 113, Failures: 0, Errors: 0, Skipped: 0, Time elapsed: 0.105 s -- in vn.edu.multigame.game.engine.ScoreEngineTest
[INFO] Running vn.edu.multigame.game.engine.TextAnswerEvaluatorTest
[INFO] Tests run: 3, Failures: 0, Errors: 0, Skipped: 0, Time elapsed: 0.003 s -- in vn.edu.multigame.game.engine.TextAnswerEvaluatorTest
[INFO] Running vn.edu.multigame.game.service.SpinSelectorTest
[INFO] Tests run: 3, Failures: 0, Errors: 0, Skipped: 0, Time elapsed: 0.006 s -- in vn.edu.multigame.game.service.SpinSelectorTest
[INFO] Running vn.edu.multigame.questionbank.model.ClueTimelineTest
[INFO] Tests run: 3, Failures: 0, Errors: 0, Skipped: 0, Time elapsed: 0.003 s -- in vn.edu.multigame.questionbank.model.ClueTimelineTest
[INFO] Running vn.edu.multigame.questionbank.service.Mp4MetadataTest
[INFO] Tests run: 4, Failures: 0, Errors: 0, Skipped: 0, Time elapsed: 8.095 s -- in vn.edu.multigame.questionbank.service.Mp4MetadataTest
[INFO] Running vn.edu.multigame.questionbank.service.QuestionBankAccessPolicyTest
[INFO] Tests run: 3, Failures: 0, Errors: 0, Skipped: 0, Time elapsed: 0.017 s -- in vn.edu.multigame.questionbank.service.QuestionBankAccessPolicyTest
[INFO] Running vn.edu.multigame.realtime.connection.AuthenticatedSocketRegistryTest
Java HotSpot(TM) 64-Bit Server VM warning: Sharing is only supported for boot loader classes because bootstrap classpath has been appended
Mockito is currently self-attaching to enable the inline-mock-maker. This will no longer work in future releases of the JDK. Please add Mockito as an agent to your build as described in Mockito's documentation: https://javadoc.io/doc/org.mockito/mockito-core/latest/org.mockito/org/mockito/Mockito.html#0.3
WARNING: A Java agent has been loaded dynamically (D:\BTL_LTM\.cache\maven\net\bytebuddy\byte-buddy-agent\1.17.8\byte-buddy-agent-1.17.8.jar)
WARNING: If a serviceability tool is in use, please run with -XX:+EnableDynamicAgentLoading to hide this warning
WARNING: If a serviceability tool is not in use, please run with -Djdk.instrument.traceUsage for more information
WARNING: Dynamic loading of agents will be disallowed by default in a future release
[INFO] Tests run: 5, Failures: 0, Errors: 0, Skipped: 0, Time elapsed: 1.291 s -- in vn.edu.multigame.realtime.connection.AuthenticatedSocketRegistryTest
[INFO] Running vn.edu.multigame.realtime.idempotency.GameReplayCacheTest
[INFO] Tests run: 4, Failures: 0, Errors: 0, Skipped: 0, Time elapsed: 0.065 s -- in vn.edu.multigame.realtime.idempotency.GameReplayCacheTest
[INFO] Running vn.edu.multigame.realtime.session.RoomBoundaryTest
[INFO] Tests run: 5, Failures: 0, Errors: 0, Skipped: 0, Time elapsed: 0.077 s -- in vn.edu.multigame.realtime.session.RoomBoundaryTest
[INFO] Running vn.edu.multigame.realtime.session.SessionQueueTest
[INFO] Tests run: 21, Failures: 0, Errors: 0, Skipped: 0, Time elapsed: 0.134 s -- in vn.edu.multigame.realtime.session.SessionQueueTest
[INFO] Running vn.edu.multigame.realtime.timer.ScheduledTimerSchedulerTest
[INFO] Tests run: 1, Failures: 0, Errors: 0, Skipped: 0, Time elapsed: 0.005 s -- in vn.edu.multigame.realtime.timer.ScheduledTimerSchedulerTest
[INFO] Running vn.edu.multigame.realtime.websocket.GameCommandParserTest
[INFO] Tests run: 6, Failures: 0, Errors: 0, Skipped: 0, Time elapsed: 0.043 s -- in vn.edu.multigame.realtime.websocket.GameCommandParserTest
[INFO] Running vn.edu.multigame.system.controller.SystemWebTest
12:47:55.647 [main] INFO org.springframework.test.context.support.AnnotationConfigContextLoaderUtils -- Could not detect default configuration classes for test class [vn.edu.multigame.system.controller.SystemWebTest]: SystemWebTest does not declare any static, non-private, non-final, nested classes annotated with @Configuration.
12:47:55.841 [main] INFO org.springframework.boot.test.context.SpringBootTestContextBootstrapper -- Found @SpringBootConfiguration vn.edu.multigame.MultigameApplication for test class vn.edu.multigame.system.controller.SystemWebTest

  .   ____          _            __ _ _
 /\\ / ___'_ __ _ _(_)_ __  __ _ \ \ \ \
( ( )\___ | '_ | '_| | '_ \/ _` | \ \ \ \
 \\/  ___)| |_)| | | | | || (_| |  ) ) ) )
  '  |____| .__|_| |_|_| |_\__, | / / / /
 =========|_|==============|___/=/_/_/_/

 :: Spring Boot ::               (v3.5.16)

2026-10-10T12:47:56.630+07:00  INFO 122628 --- [multigame] [           main] v.e.m.system.controller.SystemWebTest    : Starting SystemWebTest using Java 21.0.9 with PID 122628 (started by CodexSandboxOffline in D:\BTL_LTM)
2026-10-10T12:47:56.632+07:00  INFO 122628 --- [multigame] [           main] v.e.m.system.controller.SystemWebTest    : The following 1 profile is active: "web-only"
2026-10-10T12:47:58.152+07:00  INFO 122628 --- [multigame] [           main] o.s.b.w.embedded.tomcat.TomcatWebServer  : Tomcat initialized with port 0 (http)
2026-10-10T12:47:58.169+07:00  INFO 122628 --- [multigame] [           main] o.apache.catalina.core.StandardService   : Starting service [Tomcat]
2026-10-10T12:47:58.169+07:00  INFO 122628 --- [multigame] [           main] o.apache.catalina.core.StandardEngine    : Starting Servlet engine: [Apache Tomcat/10.1.55]
2026-10-10T12:47:58.220+07:00  INFO 122628 --- [multigame] [           main] o.a.c.c.C.[Tomcat].[localhost].[/]       : Initializing Spring embedded WebApplicationContext
2026-10-10T12:47:58.220+07:00  INFO 122628 --- [multigame] [           main] w.s.c.ServletWebServerApplicationContext : Root WebApplicationContext: initialization completed in 1570 ms
2026-10-10T12:47:58.543+07:00  INFO 122628 --- [multigame] [           main] o.s.b.a.w.s.WelcomePageHandlerMapping    : Adding welcome page: class path resource [static/index.html]
2026-10-10T12:47:58.950+07:00  INFO 122628 --- [multigame] [           main] o.s.b.w.embedded.tomcat.TomcatWebServer  : Tomcat started on port 58930 (http) with context path '/'
2026-10-10T12:47:58.960+07:00  INFO 122628 --- [multigame] [           main] v.e.m.system.controller.SystemWebTest    : Started SystemWebTest in 2.656 seconds (process running for 14.409)
2026-10-10T12:47:59.101+07:00  INFO 122628 --- [multigame] [0-auto-1-exec-1] o.a.c.c.C.[Tomcat].[localhost].[/]       : Initializing Spring DispatcherServlet 'dispatcherServlet'
2026-10-10T12:47:59.102+07:00  INFO 122628 --- [multigame] [0-auto-1-exec-1] o.s.web.servlet.DispatcherServlet        : Initializing Servlet 'dispatcherServlet'
2026-10-10T12:47:59.102+07:00  INFO 122628 --- [multigame] [0-auto-1-exec-1] o.s.web.servlet.DispatcherServlet        : Completed initialization in 0 ms
[INFO] Tests run: 4, Failures: 0, Errors: 0, Skipped: 0, Time elapsed: 3.825 s -- in vn.edu.multigame.system.controller.SystemWebTest
[INFO] 
[INFO] Results:
[INFO] 
[INFO] Tests run: 302, Failures: 0, Errors: 0, Skipped: 0
[INFO] 
[INFO] 
[INFO] --- jar:3.4.2:jar (default-jar) @ multigame ---
[INFO] Building jar: D:\BTL_LTM\target\multigame-0.0.1-SNAPSHOT.jar
[INFO] 
[INFO] --- spring-boot:3.5.16:repackage (repackage) @ multigame ---
[INFO] Replacing main artifact D:\BTL_LTM\target\multigame-0.0.1-SNAPSHOT.jar with repackaged archive, adding nested dependencies in BOOT-INF/.
[INFO] The original artifact has been renamed to D:\BTL_LTM\target\multigame-0.0.1-SNAPSHOT.jar.original
[INFO] 
[INFO] --- failsafe:3.5.6:integration-test (default) @ multigame ---
[INFO] Using auto detected provider org.apache.maven.surefire.junitplatform.JUnitPlatformProvider
[INFO] 
[INFO] -------------------------------------------------------
[INFO]  T E S T S
[INFO] -------------------------------------------------------
[INFO] Running vn.edu.multigame.auth.controller.AuthNetworkIT
12:48:01.892 [main] INFO org.springframework.test.context.support.AnnotationConfigContextLoaderUtils -- Could not detect default configuration classes for test class [vn.edu.multigame.auth.controller.AuthNetworkIT]: AuthNetworkIT does not declare any static, non-private, non-final, nested classes annotated with @Configuration.
12:48:02.022 [main] INFO org.springframework.boot.test.context.SpringBootTestContextBootstrapper -- Found @SpringBootConfiguration vn.edu.multigame.MultigameApplication for test class vn.edu.multigame.auth.controller.AuthNetworkIT

  .   ____          _            __ _ _
 /\\ / ___'_ __ _ _(_)_ __  __ _ \ \ \ \
( ( )\___ | '_ | '_| | '_ \/ _` | \ \ \ \
 \\/  ___)| |_)| | | | | || (_| |  ) ) ) )
  '  |____| .__|_| |_|_| |_\__, | / / / /
 =========|_|==============|___/=/_/_/_/

 :: Spring Boot ::               (v3.5.16)

2026-10-10T12:48:02.388+07:00  INFO 123512 --- [multigame] [           main] v.e.m.auth.controller.AuthNetworkIT      : Starting AuthNetworkIT using Java 21.0.9 with PID 123512 (started by CodexSandboxOffline in D:\BTL_LTM)
2026-10-10T12:48:02.389+07:00  INFO 123512 --- [multigame] [           main] v.e.m.auth.controller.AuthNetworkIT      : The following 1 profile is active: "mysql"
2026-10-10T12:48:03.226+07:00  INFO 123512 --- [multigame] [           main] .s.d.r.c.RepositoryConfigurationDelegate : Bootstrapping Spring Data JPA repositories in DEFAULT mode.
2026-10-10T12:48:03.328+07:00  INFO 123512 --- [multigame] [           main] .s.d.r.c.RepositoryConfigurationDelegate : Finished Spring Data repository scanning in 94 ms. Found 13 JPA repository interfaces.
2026-10-10T12:48:12.137+07:00  INFO 123512 --- [multigame] [           main] o.s.b.w.embedded.tomcat.TomcatWebServer  : Tomcat initialized with port 0 (http)
2026-10-10T12:48:12.149+07:00  INFO 123512 --- [multigame] [           main] o.apache.catalina.core.StandardService   : Starting service [Tomcat]
2026-10-10T12:48:12.149+07:00  INFO 123512 --- [multigame] [           main] o.apache.catalina.core.StandardEngine    : Starting Servlet engine: [Apache Tomcat/10.1.55]
2026-10-10T12:48:12.189+07:00  INFO 123512 --- [multigame] [           main] o.a.c.c.C.[Tomcat].[localhost].[/]       : Initializing Spring embedded WebApplicationContext
2026-10-10T12:48:12.192+07:00  INFO 123512 --- [multigame] [           main] w.s.c.ServletWebServerApplicationContext : Root WebApplicationContext: initialization completed in 9786 ms
2026-10-10T12:48:12.551+07:00  INFO 123512 --- [multigame] [           main] com.zaxxer.hikari.HikariDataSource       : HikariPool-1 - Starting...
2026-10-10T12:48:12.977+07:00  INFO 123512 --- [multigame] [           main] com.zaxxer.hikari.pool.HikariPool        : HikariPool-1 - Added connection com.mysql.cj.jdbc.ConnectionImpl@25823192
2026-10-10T12:48:12.979+07:00  INFO 123512 --- [multigame] [           main] com.zaxxer.hikari.HikariDataSource       : HikariPool-1 - Start completed.
2026-10-10T12:48:13.051+07:00  INFO 123512 --- [multigame] [           main] org.flywaydb.core.FlywayExecutor         : Database: jdbc:mysql://127.0.0.1:3306/quizz_task2_test?connectionTimeZone=UTC&connectTimeout=3000&socketTimeout=3000 (MySQL 8.0)
2026-10-10T12:48:13.136+07:00  INFO 123512 --- [multigame] [           main] o.f.core.internal.command.DbValidate     : Successfully validated 7 migrations (execution time 00:00.047s)
2026-10-10T12:48:13.153+07:00  INFO 123512 --- [multigame] [           main] o.f.core.internal.command.DbMigrate      : Current version of schema `quizz_task2_test`: 7
2026-10-10T12:48:13.156+07:00  INFO 123512 --- [multigame] [           main] o.f.core.internal.command.DbMigrate      : Schema `quizz_task2_test` is up to date. No migration necessary.
2026-10-10T12:48:13.280+07:00  INFO 123512 --- [multigame] [           main] o.hibernate.jpa.internal.util.LogHelper  : HHH000204: Processing PersistenceUnitInfo [name: default]
2026-10-10T12:48:13.377+07:00  INFO 123512 --- [multigame] [           main] org.hibernate.Version                    : HHH000412: Hibernate ORM core version 6.6.53.Final
2026-10-10T12:48:13.414+07:00  INFO 123512 --- [multigame] [           main] o.h.c.internal.RegionFactoryInitiator    : HHH000026: Second-level cache disabled
2026-10-10T12:48:13.688+07:00  INFO 123512 --- [multigame] [           main] o.s.o.j.p.SpringPersistenceUnitInfo      : No LoadTimeWeaver setup: ignoring JPA class transformer
2026-10-10T12:48:13.793+07:00  INFO 123512 --- [multigame] [           main] org.hibernate.orm.connections.pooling    : HHH10001005: Database info:
	Database JDBC URL [Connecting through datasource 'HikariDataSource (HikariPool-1)']
	Database driver: undefined/unknown
	Database version: 8.0.45
	Autocommit mode: undefined/unknown
	Isolation level: undefined/unknown
	Minimum pool size: undefined/unknown
	Maximum pool size: undefined/unknown
2026-10-10T12:48:15.086+07:00  INFO 123512 --- [multigame] [           main] o.h.e.t.j.p.i.JtaPlatformInitiator       : HHH000489: No JTA platform available (set 'hibernate.transaction.jta.platform' to enable JTA platform integration)
2026-10-10T12:48:15.138+07:00  INFO 123512 --- [multigame] [           main] j.LocalContainerEntityManagerFactoryBean : Initialized JPA EntityManagerFactory for persistence unit 'default'
2026-10-10T12:48:15.437+07:00  INFO 123512 --- [multigame] [           main] o.s.d.j.r.query.QueryEnhancerFactory     : Hibernate is in classpath; If applicable, HQL parser will be used.
2026-10-10T12:48:17.042+07:00  INFO 123512 --- [multigame] [           main] r$InitializeUserDetailsManagerConfigurer : Global AuthenticationManager configured with UserDetailsService bean with name accountUserDetailsService
2026-10-10T12:48:17.150+07:00  INFO 123512 --- [multigame] [           main] o.s.b.a.w.s.WelcomePageHandlerMapping    : Adding welcome page: class path resource [static/index.html]
2026-10-10T12:48:17.867+07:00  INFO 123512 --- [multigame] [           main] o.s.b.w.embedded.tomcat.TomcatWebServer  : Tomcat started on port 58946 (http) with context path '/'
2026-10-10T12:48:17.878+07:00  INFO 123512 --- [multigame] [           main] v.e.m.auth.controller.AuthNetworkIT      : Started AuthNetworkIT in 15.759 seconds (process running for 16.734)
Mockito is currently self-attaching to enable the inline-mock-maker. This will no longer work in future releases of the JDK. Please add Mockito as an agent to your build as described in Mockito's documentation: https://javadoc.io/doc/org.mockito/mockito-core/latest/org.mockito/org/mockito/Mockito.html#0.3
Java HotSpot(TM) 64-Bit Server VM warning: Sharing is only supported for boot loader classes because bootstrap classpath has been appended
WARNING: A Java agent has been loaded dynamically (D:\BTL_LTM\.cache\maven\net\bytebuddy\byte-buddy-agent\1.17.8\byte-buddy-agent-1.17.8.jar)
WARNING: If a serviceability tool is in use, please run with -XX:+EnableDynamicAgentLoading to hide this warning
WARNING: If a serviceability tool is not in use, please run with -Djdk.instrument.traceUsage for more information
WARNING: Dynamic loading of agents will be disallowed by default in a future release
2026-10-10T12:48:18.377+07:00  INFO 123512 --- [multigame] [0-auto-1-exec-1] o.a.c.c.C.[Tomcat].[localhost].[/]       : Initializing Spring DispatcherServlet 'dispatcherServlet'
2026-10-10T12:48:18.377+07:00  INFO 123512 --- [multigame] [0-auto-1-exec-1] o.s.web.servlet.DispatcherServlet        : Initializing Servlet 'dispatcherServlet'
2026-10-10T12:48:18.378+07:00  INFO 123512 --- [multigame] [0-auto-1-exec-1] o.s.web.servlet.DispatcherServlet        : Completed initialization in 1 ms
[INFO] Tests run: 6, Failures: 0, Errors: 0, Skipped: 0, Time elapsed: 23.39 s -- in vn.edu.multigame.auth.controller.AuthNetworkIT
[INFO] Running vn.edu.multigame.auth.service.AuthorizationRepositoryIT
2026-10-10T12:48:25.111+07:00  INFO 123512 --- [multigame] [           main] t.c.s.AnnotationConfigContextLoaderUtils : Could not detect default configuration classes for test class [vn.edu.multigame.auth.service.AuthorizationRepositoryIT]: AuthorizationRepositoryIT does not declare any static, non-private, non-final, nested classes annotated with @Configuration.
2026-10-10T12:48:25.140+07:00  INFO 123512 --- [multigame] [           main] .b.t.c.SpringBootTestContextBootstrapper : Found @SpringBootConfiguration vn.edu.multigame.MultigameApplication for test class vn.edu.multigame.auth.service.AuthorizationRepositoryIT

  .   ____          _            __ _ _
 /\\ / ___'_ __ _ _(_)_ __  __ _ \ \ \ \
( ( )\___ | '_ | '_| | '_ \/ _` | \ \ \ \
 \\/  ___)| |_)| | | | | || (_| |  ) ) ) )
  '  |____| .__|_| |_|_| |_\__, | / / / /
 =========|_|==============|___/=/_/_/_/

 :: Spring Boot ::               (v3.5.16)

2026-10-10T12:48:25.195+07:00  INFO 123512 --- [multigame] [           main] v.e.m.a.s.AuthorizationRepositoryIT      : Starting AuthorizationRepositoryIT using Java 21.0.9 with PID 123512 (started by CodexSandboxOffline in D:\BTL_LTM)
2026-10-10T12:48:25.195+07:00  INFO 123512 --- [multigame] [           main] v.e.m.a.s.AuthorizationRepositoryIT      : The following 1 profile is active: "mysql"
2026-10-10T12:48:25.406+07:00  INFO 123512 --- [multigame] [           main] .s.d.r.c.RepositoryConfigurationDelegate : Bootstrapping Spring Data JPA repositories in DEFAULT mode.
2026-10-10T12:48:25.450+07:00  INFO 123512 --- [multigame] [           main] .s.d.r.c.RepositoryConfigurationDelegate : Finished Spring Data repository scanning in 43 ms. Found 13 JPA repository interfaces.
2026-10-10T12:48:25.530+07:00  INFO 123512 --- [multigame] [           main] com.zaxxer.hikari.HikariDataSource       : HikariPool-2 - Starting...
2026-10-10T12:48:25.555+07:00  INFO 123512 --- [multigame] [           main] com.zaxxer.hikari.pool.HikariPool        : HikariPool-2 - Added connection com.mysql.cj.jdbc.ConnectionImpl@27e1be76
2026-10-10T12:48:25.555+07:00  INFO 123512 --- [multigame] [           main] com.zaxxer.hikari.HikariDataSource       : HikariPool-2 - Start completed.
2026-10-10T12:48:25.561+07:00  INFO 123512 --- [multigame] [           main] org.flywaydb.core.FlywayExecutor         : Database: jdbc:mysql://127.0.0.1:3306/quizz_task2_test?connectionTimeZone=UTC&connectTimeout=3000&socketTimeout=3000 (MySQL 8.0)
2026-10-10T12:48:25.587+07:00  INFO 123512 --- [multigame] [           main] o.f.core.internal.command.DbValidate     : Successfully validated 7 migrations (execution time 00:00.012s)
2026-10-10T12:48:25.596+07:00  INFO 123512 --- [multigame] [           main] o.f.core.internal.command.DbMigrate      : Current version of schema `quizz_task2_test`: 7
2026-10-10T12:48:25.597+07:00  INFO 123512 --- [multigame] [           main] o.f.core.internal.command.DbMigrate      : Schema `quizz_task2_test` is up to date. No migration necessary.
2026-10-10T12:48:25.634+07:00  INFO 123512 --- [multigame] [           main] o.hibernate.jpa.internal.util.LogHelper  : HHH000204: Processing PersistenceUnitInfo [name: default]
2026-10-10T12:48:25.636+07:00  INFO 123512 --- [multigame] [           main] o.h.c.internal.RegionFactoryInitiator    : HHH000026: Second-level cache disabled
2026-10-10T12:48:25.645+07:00  INFO 123512 --- [multigame] [           main] o.s.o.j.p.SpringPersistenceUnitInfo      : No LoadTimeWeaver setup: ignoring JPA class transformer
2026-10-10T12:48:25.647+07:00  INFO 123512 --- [multigame] [           main] org.hibernate.orm.connections.pooling    : HHH10001005: Database info:
	Database JDBC URL [Connecting through datasource 'HikariDataSource (HikariPool-2)']
	Database driver: undefined/unknown
	Database version: 8.0.45
	Autocommit mode: undefined/unknown
	Isolation level: undefined/unknown
	Minimum pool size: undefined/unknown
	Maximum pool size: undefined/unknown
2026-10-10T12:48:25.753+07:00  INFO 123512 --- [multigame] [           main] o.h.e.t.j.p.i.JtaPlatformInitiator       : HHH000489: No JTA platform available (set 'hibernate.transaction.jta.platform' to enable JTA platform integration)
2026-10-10T12:48:25.768+07:00  INFO 123512 --- [multigame] [           main] j.LocalContainerEntityManagerFactoryBean : Initialized JPA EntityManagerFactory for persistence unit 'default'
2026-10-10T12:48:25.969+07:00  INFO 123512 --- [multigame] [           main] r$InitializeUserDetailsManagerConfigurer : Global AuthenticationManager configured with UserDetailsService bean with name accountUserDetailsService
2026-10-10T12:48:25.976+07:00  INFO 123512 --- [multigame] [           main] o.s.b.a.w.s.WelcomePageHandlerMapping    : Adding welcome page: class path resource [static/index.html]
2026-10-10T12:48:26.084+07:00  INFO 123512 --- [multigame] [           main] v.e.m.a.s.AuthorizationRepositoryIT      : Started AuthorizationRepositoryIT in 0.931 seconds (process running for 24.94)
[INFO] Tests run: 3, Failures: 0, Errors: 0, Skipped: 0, Time elapsed: 1.217 s -- in vn.edu.multigame.auth.service.AuthorizationRepositoryIT
[INFO] Running vn.edu.multigame.game.repository.MultimodeMigrationIT
2026-10-10T12:48:26.394+07:00  INFO 123512 --- [multigame] [           main] org.flywaydb.core.FlywayExecutor         : Database: jdbc:mysql://127.0.0.1:3306/quizz_task16_migration_c8c2a815a28f?connectionTimeZone=UTC&connectTimeout=3000&socketTimeout=3000 (MySQL 8.0)
2026-10-10T12:48:26.404+07:00  INFO 123512 --- [multigame] [           main] o.f.c.i.s.JdbcTableSchemaHistory         : Schema history table `quizz_task16_migration_c8c2a815a28f`.`flyway_schema_history` does not exist yet
2026-10-10T12:48:26.405+07:00  INFO 123512 --- [multigame] [           main] o.f.core.internal.command.DbValidate     : Successfully validated 7 migrations (execution time 00:00.005s)
2026-10-10T12:48:26.425+07:00  INFO 123512 --- [multigame] [           main] o.f.c.i.s.JdbcTableSchemaHistory         : Creating Schema History table `quizz_task16_migration_c8c2a815a28f`.`flyway_schema_history` ...
2026-10-10T12:48:26.534+07:00  INFO 123512 --- [multigame] [           main] o.f.core.internal.command.DbMigrate      : Current version of schema `quizz_task16_migration_c8c2a815a28f`: << Empty Schema >>
2026-10-10T12:48:26.569+07:00  INFO 123512 --- [multigame] [           main] o.f.core.internal.command.DbMigrate      : Migrating schema `quizz_task16_migration_c8c2a815a28f` to version "1 - quiz domain"
2026-10-10T12:48:27.342+07:00  INFO 123512 --- [multigame] [           main] o.f.core.internal.command.DbMigrate      : Migrating schema `quizz_task16_migration_c8c2a815a28f` to version "2 - require answer effect snapshots"
2026-10-10T12:48:27.484+07:00  INFO 123512 --- [multigame] [           main] o.f.core.internal.command.DbMigrate      : Migrating schema `quizz_task16_migration_c8c2a815a28f` to version "3 - decision seven seconds"
2026-10-10T12:48:27.545+07:00  INFO 123512 --- [multigame] [           main] o.f.core.internal.command.DbMigrate      : Successfully applied 3 migrations to schema `quizz_task16_migration_c8c2a815a28f`, now at version v3 (execution time 00:00.910s)
2026-10-10T12:48:27.924+07:00  INFO 123512 --- [multigame] [           main] org.flywaydb.core.FlywayExecutor         : Database: jdbc:mysql://127.0.0.1:3306/quizz_task16_migration_c8c2a815a28f?connectionTimeZone=UTC&connectTimeout=3000&socketTimeout=3000 (MySQL 8.0)
2026-10-10T12:48:27.940+07:00  INFO 123512 --- [multigame] [           main] o.f.core.internal.command.DbValidate     : Successfully validated 7 migrations (execution time 00:00.008s)
2026-10-10T12:48:27.949+07:00  INFO 123512 --- [multigame] [           main] o.f.core.internal.command.DbMigrate      : Current version of schema `quizz_task16_migration_c8c2a815a28f`: 3
2026-10-10T12:48:27.963+07:00  INFO 123512 --- [multigame] [           main] o.f.core.internal.command.DbMigrate      : Migrating schema `quizz_task16_migration_c8c2a815a28f` to version "4 - multimode data foundation"
2026-10-10T12:48:28.888+07:00  INFO 123512 --- [multigame] [           main] o.f.core.internal.command.DbMigrate      : Migrating schema `quizz_task16_migration_c8c2a815a28f` to version "5 - room stage plans"
2026-10-10T12:48:29.057+07:00  INFO 123512 --- [multigame] [           main] o.f.core.internal.command.DbMigrate      : Successfully applied 2 migrations to schema `quizz_task16_migration_c8c2a815a28f`, now at version v5 (execution time 00:01.066s)
2026-10-10T12:48:29.112+07:00  INFO 123512 --- [multigame] [           main] org.flywaydb.core.FlywayExecutor         : Database: jdbc:mysql://127.0.0.1:3306/quizz_task16_migration_c8c2a815a28f?connectionTimeZone=UTC&connectTimeout=3000&socketTimeout=3000 (MySQL 8.0)
2026-10-10T12:48:29.123+07:00  INFO 123512 --- [multigame] [           main] o.f.core.internal.command.DbValidate     : Successfully validated 7 migrations (execution time 00:00.006s)
2026-10-10T12:48:29.126+07:00  INFO 123512 --- [multigame] [           main] o.f.core.internal.command.DbMigrate      : Current version of schema `quizz_task16_migration_c8c2a815a28f`: 5
2026-10-10T12:48:29.129+07:00  INFO 123512 --- [multigame] [           main] o.f.core.internal.command.DbMigrate      : Migrating schema `quizz_task16_migration_c8c2a815a28f` to version "6 - vietnamese arrangement aliases"
2026-10-10T12:48:29.370+07:00  INFO 123512 --- [multigame] [           main] o.f.core.internal.command.DbMigrate      : Migrating schema `quizz_task16_migration_c8c2a815a28f` to version "7 - released clues"
2026-10-10T12:48:29.511+07:00  INFO 123512 --- [multigame] [           main] o.f.core.internal.command.DbMigrate      : Successfully applied 2 migrations to schema `quizz_task16_migration_c8c2a815a28f`, now at version v7 (execution time 00:00.351s)

  .   ____          _            __ _ _
 /\\ / ___'_ __ _ _(_)_ __  __ _ \ \ \ \
( ( )\___ | '_ | '_| | '_ \/ _` | \ \ \ \
 \\/  ___)| |_)| | | | | || (_| |  ) ) ) )
  '  |____| .__|_| |_|_| |_\__, | / / / /
 =========|_|==============|___/=/_/_/_/

 :: Spring Boot ::               (v3.5.16)

2026-10-10T12:48:30.203+07:00  INFO 123512 --- [multigame] [           main] o.a.maven.surefire.booter.ForkedBooter   : Starting ForkedBooter v3.5.6 using Java 21.0.9 with PID 123512 (started by CodexSandboxOffline in D:\BTL_LTM)
2026-10-10T12:48:30.203+07:00  INFO 123512 --- [multigame] [           main] o.a.maven.surefire.booter.ForkedBooter   : The following 1 profile is active: "mysql"
2026-10-10T12:48:30.365+07:00  INFO 123512 --- [multigame] [           main] .s.d.r.c.RepositoryConfigurationDelegate : Bootstrapping Spring Data JPA repositories in DEFAULT mode.
2026-10-10T12:48:30.404+07:00  INFO 123512 --- [multigame] [           main] .s.d.r.c.RepositoryConfigurationDelegate : Finished Spring Data repository scanning in 38 ms. Found 13 JPA repository interfaces.
2026-10-10T12:48:30.449+07:00  INFO 123512 --- [multigame] [           main] o.s.b.w.embedded.tomcat.TomcatWebServer  : Tomcat initialized with port 0 (http)
2026-10-10T12:48:30.449+07:00  INFO 123512 --- [multigame] [           main] o.apache.catalina.core.StandardService   : Starting service [Tomcat]
2026-10-10T12:48:30.449+07:00  INFO 123512 --- [multigame] [           main] o.apache.catalina.core.StandardEngine    : Starting Servlet engine: [Apache Tomcat/10.1.55]
2026-10-10T12:48:30.464+07:00  INFO 123512 --- [multigame] [           main] o.a.c.c.C.[Tomcat-1].[localhost].[/]     : Initializing Spring embedded WebApplicationContext
2026-10-10T12:48:30.464+07:00  INFO 123512 --- [multigame] [           main] w.s.c.ServletWebServerApplicationContext : Root WebApplicationContext: initialization completed in 260 ms
2026-10-10T12:48:30.487+07:00  INFO 123512 --- [multigame] [           main] com.zaxxer.hikari.HikariDataSource       : HikariPool-3 - Starting...
2026-10-10T12:48:30.495+07:00  INFO 123512 --- [multigame] [           main] com.zaxxer.hikari.pool.HikariPool        : HikariPool-3 - Added connection com.mysql.cj.jdbc.ConnectionImpl@440521c4
2026-10-10T12:48:30.495+07:00  INFO 123512 --- [multigame] [           main] com.zaxxer.hikari.HikariDataSource       : HikariPool-3 - Start completed.
2026-10-10T12:48:30.498+07:00  INFO 123512 --- [multigame] [           main] org.flywaydb.core.FlywayExecutor         : Database: jdbc:mysql://127.0.0.1:3306/quizz_task16_migration_c8c2a815a28f?connectionTimeZone=UTC&connectTimeout=3000&socketTimeout=3000 (MySQL 8.0)
2026-10-10T12:48:30.510+07:00  INFO 123512 --- [multigame] [           main] o.f.core.internal.command.DbValidate     : Successfully validated 7 migrations (execution time 00:00.005s)
2026-10-10T12:48:30.515+07:00  INFO 123512 --- [multigame] [           main] o.f.core.internal.command.DbMigrate      : Current version of schema `quizz_task16_migration_c8c2a815a28f`: 7
2026-10-10T12:48:30.515+07:00  INFO 123512 --- [multigame] [           main] o.f.core.internal.command.DbMigrate      : Schema `quizz_task16_migration_c8c2a815a28f` is up to date. No migration necessary.
2026-10-10T12:48:30.540+07:00  INFO 123512 --- [multigame] [           main] o.hibernate.jpa.internal.util.LogHelper  : HHH000204: Processing PersistenceUnitInfo [name: default]
2026-10-10T12:48:30.543+07:00  INFO 123512 --- [multigame] [           main] o.h.c.internal.RegionFactoryInitiator    : HHH000026: Second-level cache disabled
2026-10-10T12:48:30.551+07:00  INFO 123512 --- [multigame] [           main] o.s.o.j.p.SpringPersistenceUnitInfo      : No LoadTimeWeaver setup: ignoring JPA class transformer
2026-10-10T12:48:30.552+07:00  INFO 123512 --- [multigame] [           main] org.hibernate.orm.connections.pooling    : HHH10001005: Database info:
	Database JDBC URL [Connecting through datasource 'HikariDataSource (HikariPool-3)']
	Database driver: undefined/unknown
	Database version: 8.0.45
	Autocommit mode: undefined/unknown
	Isolation level: undefined/unknown
	Minimum pool size: undefined/unknown
	Maximum pool size: undefined/unknown
2026-10-10T12:48:30.654+07:00  INFO 123512 --- [multigame] [           main] o.h.e.t.j.p.i.JtaPlatformInitiator       : HHH000489: No JTA platform available (set 'hibernate.transaction.jta.platform' to enable JTA platform integration)
2026-10-10T12:48:30.663+07:00  INFO 123512 --- [multigame] [           main] j.LocalContainerEntityManagerFactoryBean : Initialized JPA EntityManagerFactory for persistence unit 'default'
2026-10-10T12:48:30.849+07:00  INFO 123512 --- [multigame] [           main] r$InitializeUserDetailsManagerConfigurer : Global AuthenticationManager configured with UserDetailsService bean with name accountUserDetailsService
2026-10-10T12:48:30.857+07:00  INFO 123512 --- [multigame] [           main] o.s.b.a.w.s.WelcomePageHandlerMapping    : Adding welcome page: class path resource [static/index.html]
2026-10-10T12:48:30.935+07:00  INFO 123512 --- [multigame] [           main] o.s.b.w.embedded.tomcat.TomcatWebServer  : Tomcat started on port 59040 (http) with context path '/'
2026-10-10T12:48:30.937+07:00  INFO 123512 --- [multigame] [           main] o.a.maven.surefire.booter.ForkedBooter   : Started ForkedBooter in 0.758 seconds (process running for 29.793)
2026-10-10T12:48:31.789+07:00  INFO 123512 --- [multigame] [           main] o.s.b.w.e.tomcat.GracefulShutdown        : Commencing graceful shutdown. Waiting for active requests to complete
2026-10-10T12:48:31.792+07:00  INFO 123512 --- [multigame] [tomcat-shutdown] o.s.b.w.e.tomcat.GracefulShutdown        : Graceful shutdown complete
2026-10-10T12:48:31.798+07:00  INFO 123512 --- [multigame] [           main] j.LocalContainerEntityManagerFactoryBean : Closing JPA EntityManagerFactory for persistence unit 'default'
2026-10-10T12:48:31.799+07:00  INFO 123512 --- [multigame] [           main] com.zaxxer.hikari.HikariDataSource       : HikariPool-3 - Shutdown initiated...
2026-10-10T12:48:31.802+07:00  INFO 123512 --- [multigame] [           main] com.zaxxer.hikari.HikariDataSource       : HikariPool-3 - Shutdown completed.
TASK16_MIGRATION: MySQL v1->latest, retained legacy history, v2 readers/constraints; schema=quizz_task16_migration_c8c2a815a28f
[INFO] Tests run: 1, Failures: 0, Errors: 0, Skipped: 0, Time elapsed: 5.479 s -- in vn.edu.multigame.game.repository.MultimodeMigrationIT
[INFO] Running vn.edu.multigame.game.repository.MySqlSchemaIT
2026-10-10T12:48:31.809+07:00  INFO 123512 --- [multigame] [           main] t.c.s.AnnotationConfigContextLoaderUtils : Could not detect default configuration classes for test class [vn.edu.multigame.game.repository.MySqlSchemaIT]: MySqlSchemaIT does not declare any static, non-private, non-final, nested classes annotated with @Configuration.
2026-10-10T12:48:31.829+07:00  INFO 123512 --- [multigame] [           main] .b.t.c.SpringBootTestContextBootstrapper : Found @SpringBootConfiguration vn.edu.multigame.MultigameApplication for test class vn.edu.multigame.game.repository.MySqlSchemaIT
[INFO] Tests run: 12, Failures: 0, Errors: 0, Skipped: 0, Time elapsed: 0.441 s -- in vn.edu.multigame.game.repository.MySqlSchemaIT
[INFO] Running vn.edu.multigame.game.service.ArrangementLifecycleIT
2026-10-10T12:48:32.256+07:00  INFO 123512 --- [multigame] [           main] t.c.s.AnnotationConfigContextLoaderUtils : Could not detect default configuration classes for test class [vn.edu.multigame.game.service.ArrangementLifecycleIT]: ArrangementLifecycleIT does not declare any static, non-private, non-final, nested classes annotated with @Configuration.
2026-10-10T12:48:32.292+07:00  INFO 123512 --- [multigame] [           main] .b.t.c.SpringBootTestContextBootstrapper : Found @SpringBootConfiguration vn.edu.multigame.MultigameApplication for test class vn.edu.multigame.game.service.ArrangementLifecycleIT

  .   ____          _            __ _ _
 /\\ / ___'_ __ _ _(_)_ __  __ _ \ \ \ \
( ( )\___ | '_ | '_| | '_ \/ _` | \ \ \ \
 \\/  ___)| |_)| | | | | || (_| |  ) ) ) )
  '  |____| .__|_| |_|_| |_\__, | / / / /
 =========|_|==============|___/=/_/_/_/

 :: Spring Boot ::               (v3.5.16)

2026-10-10T12:48:32.382+07:00  INFO 123512 --- [multigame] [           main] v.e.m.g.service.ArrangementLifecycleIT   : Starting ArrangementLifecycleIT using Java 21.0.9 with PID 123512 (started by CodexSandboxOffline in D:\BTL_LTM)
2026-10-10T12:48:32.382+07:00  INFO 123512 --- [multigame] [           main] v.e.m.g.service.ArrangementLifecycleIT   : The following 1 profile is active: "mysql"
2026-10-10T12:48:32.513+07:00  INFO 123512 --- [multigame] [           main] .s.d.r.c.RepositoryConfigurationDelegate : Bootstrapping Spring Data JPA repositories in DEFAULT mode.
2026-10-10T12:48:32.553+07:00  INFO 123512 --- [multigame] [           main] .s.d.r.c.RepositoryConfigurationDelegate : Finished Spring Data repository scanning in 38 ms. Found 13 JPA repository interfaces.
2026-10-10T12:48:32.608+07:00  INFO 123512 --- [multigame] [           main] o.s.b.w.embedded.tomcat.TomcatWebServer  : Tomcat initialized with port 0 (http)
2026-10-10T12:48:32.609+07:00  INFO 123512 --- [multigame] [           main] o.apache.catalina.core.StandardService   : Starting service [Tomcat]
2026-10-10T12:48:32.609+07:00  INFO 123512 --- [multigame] [           main] o.apache.catalina.core.StandardEngine    : Starting Servlet engine: [Apache Tomcat/10.1.55]
2026-10-10T12:48:32.617+07:00  INFO 123512 --- [multigame] [           main] o.a.c.c.C.[Tomcat-1].[localhost].[/]     : Initializing Spring embedded WebApplicationContext
2026-10-10T12:48:32.617+07:00  INFO 123512 --- [multigame] [           main] w.s.c.ServletWebServerApplicationContext : Root WebApplicationContext: initialization completed in 235 ms
2026-10-10T12:48:32.641+07:00  INFO 123512 --- [multigame] [           main] com.zaxxer.hikari.HikariDataSource       : HikariPool-4 - Starting...
2026-10-10T12:48:32.649+07:00  INFO 123512 --- [multigame] [           main] com.zaxxer.hikari.pool.HikariPool        : HikariPool-4 - Added connection com.mysql.cj.jdbc.ConnectionImpl@641ce81c
2026-10-10T12:48:32.649+07:00  INFO 123512 --- [multigame] [           main] com.zaxxer.hikari.HikariDataSource       : HikariPool-4 - Start completed.
2026-10-10T12:48:32.653+07:00  INFO 123512 --- [multigame] [           main] org.flywaydb.core.FlywayExecutor         : Database: jdbc:mysql://127.0.0.1:3306/quizz_task2_test?connectionTimeZone=UTC&connectTimeout=3000&socketTimeout=3000 (MySQL 8.0)
2026-10-10T12:48:32.664+07:00  INFO 123512 --- [multigame] [           main] o.f.core.internal.command.DbValidate     : Successfully validated 7 migrations (execution time 00:00.006s)
2026-10-10T12:48:32.669+07:00  INFO 123512 --- [multigame] [           main] o.f.core.internal.command.DbMigrate      : Current version of schema `quizz_task2_test`: 7
2026-10-10T12:48:32.670+07:00  INFO 123512 --- [multigame] [           main] o.f.core.internal.command.DbMigrate      : Schema `quizz_task2_test` is up to date. No migration necessary.
2026-10-10T12:48:32.698+07:00  INFO 123512 --- [multigame] [           main] o.hibernate.jpa.internal.util.LogHelper  : HHH000204: Processing PersistenceUnitInfo [name: default]
2026-10-10T12:48:32.699+07:00  INFO 123512 --- [multigame] [           main] o.h.c.internal.RegionFactoryInitiator    : HHH000026: Second-level cache disabled
2026-10-10T12:48:32.703+07:00  INFO 123512 --- [multigame] [           main] o.s.o.j.p.SpringPersistenceUnitInfo      : No LoadTimeWeaver setup: ignoring JPA class transformer
2026-10-10T12:48:32.705+07:00  INFO 123512 --- [multigame] [           main] org.hibernate.orm.connections.pooling    : HHH10001005: Database info:
	Database JDBC URL [Connecting through datasource 'HikariDataSource (HikariPool-4)']
	Database driver: undefined/unknown
	Database version: 8.0.45
	Autocommit mode: undefined/unknown
	Isolation level: undefined/unknown
	Minimum pool size: undefined/unknown
	Maximum pool size: undefined/unknown
2026-10-10T12:48:32.766+07:00  INFO 123512 --- [multigame] [           main] o.h.e.t.j.p.i.JtaPlatformInitiator       : HHH000489: No JTA platform available (set 'hibernate.transaction.jta.platform' to enable JTA platform integration)
2026-10-10T12:48:32.774+07:00  INFO 123512 --- [multigame] [           main] j.LocalContainerEntityManagerFactoryBean : Initialized JPA EntityManagerFactory for persistence unit 'default'
2026-10-10T12:48:33.973+07:00  INFO 123512 --- [multigame] [           main] r$InitializeUserDetailsManagerConfigurer : Global AuthenticationManager configured with UserDetailsService bean with name accountUserDetailsService
2026-10-10T12:48:33.998+07:00  INFO 123512 --- [multigame] [           main] o.s.b.a.w.s.WelcomePageHandlerMapping    : Adding welcome page: class path resource [static/index.html]
2026-10-10T12:48:34.329+07:00  INFO 123512 --- [multigame] [           main] o.s.b.w.embedded.tomcat.TomcatWebServer  : Tomcat started on port 59090 (http) with context path '/'
2026-10-10T12:48:34.339+07:00  INFO 123512 --- [multigame] [           main] v.e.m.g.service.ArrangementLifecycleIT   : Started ArrangementLifecycleIT in 1.98 seconds (process running for 33.194)
2026-10-10T12:48:35.080+07:00  INFO 123512 --- [multigame] [0-auto-3-exec-1] o.a.c.c.C.[Tomcat-1].[localhost].[/]     : Initializing Spring DispatcherServlet 'dispatcherServlet'
2026-10-10T12:48:35.080+07:00  INFO 123512 --- [multigame] [0-auto-3-exec-1] o.s.web.servlet.DispatcherServlet        : Initializing Servlet 'dispatcherServlet'
2026-10-10T12:48:35.082+07:00  INFO 123512 --- [multigame] [0-auto-3-exec-1] o.s.web.servlet.DispatcherServlet        : Completed initialization in 2 ms
[INFO] Tests run: 3, Failures: 0, Errors: 0, Skipped: 0, Time elapsed: 9.473 s -- in vn.edu.multigame.game.service.ArrangementLifecycleIT
[INFO] Running vn.edu.multigame.game.service.CluesLifecycleIT
2026-10-10T12:48:41.735+07:00  INFO 123512 --- [multigame] [           main] t.c.s.AnnotationConfigContextLoaderUtils : Could not detect default configuration classes for test class [vn.edu.multigame.game.service.CluesLifecycleIT]: CluesLifecycleIT does not declare any static, non-private, non-final, nested classes annotated with @Configuration.
2026-10-10T12:48:41.739+07:00  INFO 123512 --- [multigame] [           main] .b.t.c.SpringBootTestContextBootstrapper : Found @SpringBootConfiguration vn.edu.multigame.MultigameApplication for test class vn.edu.multigame.game.service.CluesLifecycleIT

  .   ____          _            __ _ _
 /\\ / ___'_ __ _ _(_)_ __  __ _ \ \ \ \
( ( )\___ | '_ | '_| | '_ \/ _` | \ \ \ \
 \\/  ___)| |_)| | | | | || (_| |  ) ) ) )
  '  |____| .__|_| |_|_| |_\__, | / / / /
 =========|_|==============|___/=/_/_/_/

 :: Spring Boot ::               (v3.5.16)

2026-10-10T12:48:44.959+07:00  INFO 123512 --- [multigame] [           main] o.a.maven.surefire.booter.ForkedBooter   : Starting ForkedBooter v3.5.6 using Java 21.0.9 with PID 123512 (started by CodexSandboxOffline in D:\BTL_LTM)
2026-10-10T12:48:44.959+07:00  INFO 123512 --- [multigame] [           main] o.a.maven.surefire.booter.ForkedBooter   : The following 1 profile is active: "mysql"
2026-10-10T12:48:45.230+07:00  INFO 123512 --- [multigame] [           main] .s.d.r.c.RepositoryConfigurationDelegate : Bootstrapping Spring Data JPA repositories in DEFAULT mode.
2026-10-10T12:48:45.297+07:00  INFO 123512 --- [multigame] [           main] .s.d.r.c.RepositoryConfigurationDelegate : Finished Spring Data repository scanning in 65 ms. Found 13 JPA repository interfaces.
2026-10-10T12:48:45.378+07:00  INFO 123512 --- [multigame] [           main] o.s.b.w.embedded.tomcat.TomcatWebServer  : Tomcat initialized with port 0 (http)
2026-10-10T12:48:45.379+07:00  INFO 123512 --- [multigame] [           main] o.apache.catalina.core.StandardService   : Starting service [Tomcat]
2026-10-10T12:48:45.380+07:00  INFO 123512 --- [multigame] [           main] o.apache.catalina.core.StandardEngine    : Starting Servlet engine: [Apache Tomcat/10.1.55]
2026-10-10T12:48:45.395+07:00  INFO 123512 --- [multigame] [           main] o.a.c.c.C.[Tomcat-2].[localhost].[/]     : Initializing Spring embedded WebApplicationContext
2026-10-10T12:48:45.395+07:00  INFO 123512 --- [multigame] [           main] w.s.c.ServletWebServerApplicationContext : Root WebApplicationContext: initialization completed in 435 ms
2026-10-10T12:48:45.439+07:00  INFO 123512 --- [multigame] [           main] o.hibernate.jpa.internal.util.LogHelper  : HHH000204: Processing PersistenceUnitInfo [name: default]
2026-10-10T12:48:45.442+07:00  INFO 123512 --- [multigame] [           main] o.h.c.internal.RegionFactoryInitiator    : HHH000026: Second-level cache disabled
2026-10-10T12:48:45.451+07:00  INFO 123512 --- [multigame] [           main] o.s.o.j.p.SpringPersistenceUnitInfo      : No LoadTimeWeaver setup: ignoring JPA class transformer
2026-10-10T12:48:45.453+07:00  INFO 123512 --- [multigame] [           main] com.zaxxer.hikari.HikariDataSource       : HikariPool-5 - Starting...
2026-10-10T12:48:45.503+07:00  INFO 123512 --- [multigame] [           main] com.zaxxer.hikari.pool.HikariPool        : HikariPool-5 - Added connection com.mysql.cj.jdbc.ConnectionImpl@7e80bc63
2026-10-10T12:48:45.503+07:00  INFO 123512 --- [multigame] [           main] com.zaxxer.hikari.HikariDataSource       : HikariPool-5 - Start completed.
2026-10-10T12:48:45.504+07:00  INFO 123512 --- [multigame] [           main] org.hibernate.orm.connections.pooling    : HHH10001005: Database info:
	Database JDBC URL [Connecting through datasource 'HikariDataSource (HikariPool-5)']
	Database driver: undefined/unknown
	Database version: 8.0.45
	Autocommit mode: undefined/unknown
	Isolation level: undefined/unknown
	Minimum pool size: undefined/unknown
	Maximum pool size: undefined/unknown
2026-10-10T12:48:45.696+07:00  INFO 123512 --- [multigame] [           main] o.h.e.t.j.p.i.JtaPlatformInitiator       : HHH000489: No JTA platform available (set 'hibernate.transaction.jta.platform' to enable JTA platform integration)
2026-10-10T12:48:45.708+07:00  INFO 123512 --- [multigame] [           main] j.LocalContainerEntityManagerFactoryBean : Initialized JPA EntityManagerFactory for persistence unit 'default'
2026-10-10T12:48:45.959+07:00  INFO 123512 --- [multigame] [           main] r$InitializeUserDetailsManagerConfigurer : Global AuthenticationManager configured with UserDetailsService bean with name accountUserDetailsService
2026-10-10T12:48:45.965+07:00  INFO 123512 --- [multigame] [           main] o.s.b.a.w.s.WelcomePageHandlerMapping    : Adding welcome page: class path resource [static/index.html]
2026-10-10T12:48:46.048+07:00  INFO 123512 --- [multigame] [           main] o.s.b.w.embedded.tomcat.TomcatWebServer  : Tomcat started on port 59133 (http) with context path '/'
2026-10-10T12:48:46.052+07:00  INFO 123512 --- [multigame] [           main] o.a.maven.surefire.booter.ForkedBooter   : Started ForkedBooter in 1.123 seconds (process running for 44.907)
2026-10-10T12:48:46.139+07:00  INFO 123512 --- [multigame] [           main] o.s.b.w.e.tomcat.GracefulShutdown        : Commencing graceful shutdown. Waiting for active requests to complete
2026-10-10T12:48:46.153+07:00  INFO 123512 --- [multigame] [tomcat-shutdown] o.s.b.w.e.tomcat.GracefulShutdown        : Graceful shutdown complete
2026-10-10T12:48:46.157+07:00  INFO 123512 --- [multigame] [           main] j.LocalContainerEntityManagerFactoryBean : Closing JPA EntityManagerFactory for persistence unit 'default'
2026-10-10T12:48:46.158+07:00  INFO 123512 --- [multigame] [           main] com.zaxxer.hikari.HikariDataSource       : HikariPool-5 - Shutdown initiated...
2026-10-10T12:48:46.162+07:00  INFO 123512 --- [multigame] [           main] com.zaxxer.hikari.HikariDataSource       : HikariPool-5 - Shutdown completed.
[INFO] Tests run: 7, Failures: 0, Errors: 0, Skipped: 0, Time elapsed: 9.250 s -- in vn.edu.multigame.game.service.CluesLifecycleIT
[INFO] Running vn.edu.multigame.game.service.GameCommandNetworkIT
2026-10-10T12:48:50.987+07:00  INFO 123512 --- [multigame] [           main] t.c.s.AnnotationConfigContextLoaderUtils : Could not detect default configuration classes for test class [vn.edu.multigame.game.service.GameCommandNetworkIT]: GameCommandNetworkIT does not declare any static, non-private, non-final, nested classes annotated with @Configuration.
2026-10-10T12:48:50.988+07:00  INFO 123512 --- [multigame] [           main] .b.t.c.SpringBootTestContextBootstrapper : Found @SpringBootConfiguration vn.edu.multigame.MultigameApplication for test class vn.edu.multigame.game.service.GameCommandNetworkIT
[INFO] Tests run: 11, Failures: 0, Errors: 0, Skipped: 0, Time elapsed: 9.715 s -- in vn.edu.multigame.game.service.GameCommandNetworkIT
[INFO] Running vn.edu.multigame.game.service.GameHistoryCancelIT
2026-10-10T12:49:00.704+07:00  INFO 123512 --- [multigame] [           main] t.c.s.AnnotationConfigContextLoaderUtils : Could not detect default configuration classes for test class [vn.edu.multigame.game.service.GameHistoryCancelIT]: GameHistoryCancelIT does not declare any static, non-private, non-final, nested classes annotated with @Configuration.
2026-10-10T12:49:00.705+07:00  INFO 123512 --- [multigame] [           main] .b.t.c.SpringBootTestContextBootstrapper : Found @SpringBootConfiguration vn.edu.multigame.MultigameApplication for test class vn.edu.multigame.game.service.GameHistoryCancelIT

  .   ____          _            __ _ _
 /\\ / ___'_ __ _ _(_)_ __  __ _ \ \ \ \
( ( )\___ | '_ | '_| | '_ \/ _` | \ \ \ \
 \\/  ___)| |_)| | | | | || (_| |  ) ) ) )
  '  |____| .__|_| |_|_| |_\__, | / / / /
 =========|_|==============|___/=/_/_/_/

 :: Spring Boot ::               (v3.5.16)

2026-10-10T12:49:01.368+07:00  INFO 123512 --- [multigame] [           main] o.a.maven.surefire.booter.ForkedBooter   : Starting ForkedBooter v3.5.6 using Java 21.0.9 with PID 123512 (started by CodexSandboxOffline in D:\BTL_LTM)
2026-10-10T12:49:01.369+07:00  INFO 123512 --- [multigame] [           main] o.a.maven.surefire.booter.ForkedBooter   : The following 1 profile is active: "mysql"
2026-10-10T12:49:01.513+07:00  INFO 123512 --- [multigame] [           main] .s.d.r.c.RepositoryConfigurationDelegate : Bootstrapping Spring Data JPA repositories in DEFAULT mode.
2026-10-10T12:49:01.556+07:00  INFO 123512 --- [multigame] [           main] .s.d.r.c.RepositoryConfigurationDelegate : Finished Spring Data repository scanning in 41 ms. Found 13 JPA repository interfaces.
2026-10-10T12:49:01.634+07:00  INFO 123512 --- [multigame] [           main] o.s.b.w.embedded.tomcat.TomcatWebServer  : Tomcat initialized with port 0 (http)
2026-10-10T12:49:01.636+07:00  INFO 123512 --- [multigame] [           main] o.apache.catalina.core.StandardService   : Starting service [Tomcat]
2026-10-10T12:49:01.636+07:00  INFO 123512 --- [multigame] [           main] o.apache.catalina.core.StandardEngine    : Starting Servlet engine: [Apache Tomcat/10.1.55]
2026-10-10T12:49:01.654+07:00  INFO 123512 --- [multigame] [           main] o.a.c.c.C.[Tomcat-2].[localhost].[/]     : Initializing Spring embedded WebApplicationContext
2026-10-10T12:49:01.654+07:00  INFO 123512 --- [multigame] [           main] w.s.c.ServletWebServerApplicationContext : Root WebApplicationContext: initialization completed in 284 ms
2026-10-10T12:49:01.704+07:00  INFO 123512 --- [multigame] [           main] o.hibernate.jpa.internal.util.LogHelper  : HHH000204: Processing PersistenceUnitInfo [name: default]
2026-10-10T12:49:01.706+07:00  INFO 123512 --- [multigame] [           main] o.h.c.internal.RegionFactoryInitiator    : HHH000026: Second-level cache disabled
2026-10-10T12:49:01.716+07:00  INFO 123512 --- [multigame] [           main] o.s.o.j.p.SpringPersistenceUnitInfo      : No LoadTimeWeaver setup: ignoring JPA class transformer
2026-10-10T12:49:01.717+07:00  INFO 123512 --- [multigame] [           main] com.zaxxer.hikari.HikariDataSource       : HikariPool-6 - Starting...
2026-10-10T12:49:01.735+07:00  INFO 123512 --- [multigame] [           main] com.zaxxer.hikari.pool.HikariPool        : HikariPool-6 - Added connection com.mysql.cj.jdbc.ConnectionImpl@71d85b03
2026-10-10T12:49:01.736+07:00  INFO 123512 --- [multigame] [           main] com.zaxxer.hikari.HikariDataSource       : HikariPool-6 - Start completed.
2026-10-10T12:49:01.737+07:00  INFO 123512 --- [multigame] [           main] org.hibernate.orm.connections.pooling    : HHH10001005: Database info:
	Database JDBC URL [Connecting through datasource 'HikariDataSource (HikariPool-6)']
	Database driver: undefined/unknown
	Database version: 8.0.45
	Autocommit mode: undefined/unknown
	Isolation level: undefined/unknown
	Minimum pool size: undefined/unknown
	Maximum pool size: undefined/unknown
2026-10-10T12:49:01.855+07:00  INFO 123512 --- [multigame] [           main] o.h.e.t.j.p.i.JtaPlatformInitiator       : HHH000489: No JTA platform available (set 'hibernate.transaction.jta.platform' to enable JTA platform integration)
2026-10-10T12:49:01.864+07:00  INFO 123512 --- [multigame] [           main] j.LocalContainerEntityManagerFactoryBean : Initialized JPA EntityManagerFactory for persistence unit 'default'
2026-10-10T12:49:02.018+07:00  INFO 123512 --- [multigame] [           main] r$InitializeUserDetailsManagerConfigurer : Global AuthenticationManager configured with UserDetailsService bean with name accountUserDetailsService
2026-10-10T12:49:02.024+07:00  INFO 123512 --- [multigame] [           main] o.s.b.a.w.s.WelcomePageHandlerMapping    : Adding welcome page: class path resource [static/index.html]
2026-10-10T12:49:02.113+07:00  INFO 123512 --- [multigame] [           main] o.s.b.w.embedded.tomcat.TomcatWebServer  : Tomcat started on port 59196 (http) with context path '/'
2026-10-10T12:49:02.116+07:00  INFO 123512 --- [multigame] [           main] o.a.maven.surefire.booter.ForkedBooter   : Started ForkedBooter in 0.774 seconds (process running for 60.972)
2026-10-10T12:49:02.197+07:00  INFO 123512 --- [multigame] [0-auto-5-exec-1] o.a.c.c.C.[Tomcat-2].[localhost].[/]     : Initializing Spring DispatcherServlet 'dispatcherServlet'
2026-10-10T12:49:02.197+07:00  INFO 123512 --- [multigame] [0-auto-5-exec-1] o.s.web.servlet.DispatcherServlet        : Initializing Servlet 'dispatcherServlet'
2026-10-10T12:49:02.198+07:00  INFO 123512 --- [multigame] [0-auto-5-exec-1] o.s.web.servlet.DispatcherServlet        : Completed initialization in 1 ms
2026-10-10T12:49:02.363+07:00  INFO 123512 --- [multigame] [           main] o.s.b.w.e.tomcat.GracefulShutdown        : Commencing graceful shutdown. Waiting for active requests to complete
2026-10-10T12:49:02.377+07:00  INFO 123512 --- [multigame] [tomcat-shutdown] o.s.b.w.e.tomcat.GracefulShutdown        : Graceful shutdown complete
2026-10-10T12:49:02.378+07:00  INFO 123512 --- [multigame] [           main] j.LocalContainerEntityManagerFactoryBean : Closing JPA EntityManagerFactory for persistence unit 'default'
2026-10-10T12:49:02.379+07:00  INFO 123512 --- [multigame] [           main] com.zaxxer.hikari.HikariDataSource       : HikariPool-6 - Shutdown initiated...
2026-10-10T12:49:02.381+07:00  INFO 123512 --- [multigame] [           main] com.zaxxer.hikari.HikariDataSource       : HikariPool-6 - Shutdown completed.
2026-10-10T12:49:03.372+07:00  WARN 123512 --- [multigame] [  game-worker-3] com.zaxxer.hikari.pool.ProxyConnection   : HikariPool-4 - Connection com.mysql.cj.jdbc.ConnectionImpl@641ce81c marked as broken because of SQLSTATE(08S01), ErrorCode(0)

com.mysql.cj.jdbc.exceptions.CommunicationsException: Communications link failure

The last packet successfully received from the server was 2 milliseconds ago. The last packet sent successfully to the server was 3 milliseconds ago.
	at com.mysql.cj.jdbc.exceptions.SQLError.createCommunicationsException(SQLError.java:165) ~[mysql-connector-j-9.7.0.jar:9.7.0]
	at com.mysql.cj.jdbc.exceptions.SQLExceptionsMapping.translateException(SQLExceptionsMapping.java:55) ~[mysql-connector-j-9.7.0.jar:9.7.0]
	at com.mysql.cj.jdbc.StatementImpl.executeQuery(StatementImpl.java:1318) ~[mysql-connector-j-9.7.0.jar:9.7.0]
	at com.zaxxer.hikari.pool.ProxyStatement.executeQuery(ProxyStatement.java:111) ~[HikariCP-6.3.3.jar:na]
	at com.zaxxer.hikari.pool.HikariProxyStatement.executeQuery(HikariProxyStatement.java) ~[HikariCP-6.3.3.jar:na]
	at org.springframework.jdbc.core.JdbcTemplate$1QueryStatementCallback.doInStatement(JdbcTemplate.java:463) ~[spring-jdbc-6.2.19.jar:6.2.19]
	at org.springframework.jdbc.core.JdbcTemplate.execute(JdbcTemplate.java:393) ~[spring-jdbc-6.2.19.jar:6.2.19]
	at org.springframework.jdbc.core.JdbcTemplate.query(JdbcTemplate.java:476) ~[spring-jdbc-6.2.19.jar:6.2.19]
	at org.springframework.jdbc.core.JdbcTemplate.query(JdbcTemplate.java:486) ~[spring-jdbc-6.2.19.jar:6.2.19]
	at org.springframework.jdbc.core.JdbcTemplate.queryForObject(JdbcTemplate.java:519) ~[spring-jdbc-6.2.19.jar:6.2.19]
	at org.springframework.jdbc.core.JdbcTemplate.queryForObject(JdbcTemplate.java:526) ~[spring-jdbc-6.2.19.jar:6.2.19]
	at vn.edu.multigame.game.service.GameHistoryCancelIT.lambda$actualMysqlConnectionLossRollsBackCancelAndCommitsInterruptedCleanup$20(GameHistoryCancelIT.java:183) ~[test-classes/:na]
	at org.mockito.internal.stubbing.StubbedInvocationMatcher.answer(StubbedInvocationMatcher.java:42) ~[mockito-core-5.17.0.jar:na]
	at org.mockito.internal.handler.MockHandlerImpl.handle(MockHandlerImpl.java:103) ~[mockito-core-5.17.0.jar:na]
	at org.mockito.internal.handler.NullResultGuardian.handle(NullResultGuardian.java:29) ~[mockito-core-5.17.0.jar:na]
	at org.mockito.internal.handler.InvocationNotifierHandler.handle(InvocationNotifierHandler.java:34) ~[mockito-core-5.17.0.jar:na]
	at org.mockito.internal.creation.bytebuddy.access.MockMethodInterceptor.doIntercept(MockMethodInterceptor.java:84) ~[mockito-core-5.17.0.jar:na]
	at org.mockito.internal.creation.bytebuddy.access.MockMethodInterceptor.doIntercept(MockMethodInterceptor.java:58) ~[mockito-core-5.17.0.jar:na]
	at org.mockito.internal.creation.bytebuddy.access.MockMethodInterceptor$DispatcherDefaultingToRealMethod.interceptAbstract(MockMethodInterceptor.java:163) ~[mockito-core-5.17.0.jar:na]
	at vn.edu.multigame.game.repository.PlayerSessionRepository$MockitoMock$ko5zI76B.flush(Unknown Source) ~[classes/:na]
	at vn.edu.multigame.game.service.GameTransactions.cancel(GameTransactions.java:398) ~[classes/:na]
	at java.base/java.lang.invoke.MethodHandle.invokeWithArguments(MethodHandle.java:733) ~[na:na]
	at org.mockito.internal.util.reflection.InstrumentationMemberAccessor$Dispatcher$ByteBuddy$pPoFaeHC.invokeWithArguments(Unknown Source) ~[na:na]
	at org.mockito.internal.util.reflection.InstrumentationMemberAccessor.invoke(InstrumentationMemberAccessor.java:265) ~[mockito-core-5.17.0.jar:na]
	at org.mockito.internal.util.reflection.ModuleMemberAccessor.invoke(ModuleMemberAccessor.java:55) ~[mockito-core-5.17.0.jar:na]
	at org.mockito.internal.creation.bytebuddy.MockMethodAdvice.tryInvoke(MockMethodAdvice.java:316) ~[mockito-core-5.17.0.jar:na]
	at org.mockito.internal.creation.bytebuddy.MockMethodAdvice$RealMethodCall.invoke(MockMethodAdvice.java:236) ~[mockito-core-5.17.0.jar:na]
	at org.mockito.internal.invocation.InterceptedInvocation.callRealMethod(InterceptedInvocation.java:142) ~[mockito-core-5.17.0.jar:na]
	at org.mockito.internal.stubbing.answers.CallsRealMethods.answer(CallsRealMethods.java:45) ~[mockito-core-5.17.0.jar:na]
	at org.mockito.Answers.answer(Answers.java:90) ~[mockito-core-5.17.0.jar:na]
	at org.mockito.internal.handler.MockHandlerImpl.handle(MockHandlerImpl.java:111) ~[mockito-core-5.17.0.jar:na]
	at org.mockito.internal.handler.NullResultGuardian.handle(NullResultGuardian.java:29) ~[mockito-core-5.17.0.jar:na]
	at org.mockito.internal.handler.InvocationNotifierHandler.handle(InvocationNotifierHandler.java:34) ~[mockito-core-5.17.0.jar:na]
	at org.mockito.internal.creation.bytebuddy.access.MockMethodInterceptor.doIntercept(MockMethodInterceptor.java:84) ~[mockito-core-5.17.0.jar:na]
	at org.mockito.internal.creation.bytebuddy.MockMethodAdvice.handle(MockMethodAdvice.java:136) ~[mockito-core-5.17.0.jar:na]
	at vn.edu.multigame.game.service.GameTransactions.cancel(GameTransactions.java:393) ~[classes/:na]
	at java.base/jdk.internal.reflect.DirectMethodHandleAccessor.invoke(DirectMethodHandleAccessor.java:103) ~[na:na]
	at java.base/java.lang.reflect.Method.invoke(Method.java:580) ~[na:na]
	at org.springframework.aop.support.AopUtils.invokeJoinpointUsingReflection(AopUtils.java:360) ~[spring-aop-6.2.19.jar:6.2.19]
	at org.springframework.aop.framework.ReflectiveMethodInvocation.invokeJoinpoint(ReflectiveMethodInvocation.java:196) ~[spring-aop-6.2.19.jar:6.2.19]
	at org.springframework.aop.framework.ReflectiveMethodInvocation.proceed(ReflectiveMethodInvocation.java:163) ~[spring-aop-6.2.19.jar:6.2.19]
	at org.springframework.transaction.interceptor.TransactionAspectSupport.invokeWithinTransaction(TransactionAspectSupport.java:380) ~[spring-tx-6.2.19.jar:6.2.19]
	at org.springframework.transaction.interceptor.TransactionInterceptor.invoke(TransactionInterceptor.java:119) ~[spring-tx-6.2.19.jar:6.2.19]
	at org.springframework.aop.framework.ReflectiveMethodInvocation.proceed(ReflectiveMethodInvocation.java:184) ~[spring-aop-6.2.19.jar:6.2.19]
	at org.springframework.aop.framework.CglibAopProxy$DynamicAdvisedInterceptor.intercept(CglibAopProxy.java:728) ~[spring-aop-6.2.19.jar:6.2.19]
	at vn.edu.multigame.game.service.GameTransactions$$SpringCGLIB$$0.cancel(<generated>) ~[classes/:na]
	at vn.edu.multigame.game.service.GameLifecycle.lambda$cancel$24(GameLifecycle.java:223) ~[classes/:na]
	at vn.edu.multigame.game.service.GameLifecycle.attempt(GameLifecycle.java:202) ~[classes/:na]
	at vn.edu.multigame.game.service.GameLifecycle.cancel(GameLifecycle.java:223) ~[classes/:na]
	at vn.edu.multigame.realtime.session.GameRuntime.lambda$command$4(GameRuntime.java:127) ~[classes/:na]
	at vn.edu.multigame.realtime.session.GameRuntime$2.onCommand(GameRuntime.java:75) ~[classes/:na]
	at vn.edu.multigame.realtime.session.SessionQueue.lambda$submit$1(SessionQueue.java:105) ~[classes/:na]
	at vn.edu.multigame.realtime.session.SessionQueue.drain(SessionQueue.java:229) ~[classes/:na]
	at vn.edu.multigame.realtime.session.SessionQueue.lambda$dispatch$9(SessionQueue.java:210) ~[classes/:na]
	at java.base/java.util.concurrent.ThreadPoolExecutor.runWorker(ThreadPoolExecutor.java:1144) ~[na:na]
	at java.base/java.util.concurrent.ThreadPoolExecutor$Worker.run(ThreadPoolExecutor.java:642) ~[na:na]
	at java.base/java.lang.Thread.run(Thread.java:1583) ~[na:na]
Caused by: com.mysql.cj.exceptions.CJCommunicationsException: Communications link failure

The last packet successfully received from the server was 2 milliseconds ago. The last packet sent successfully to the server was 3 milliseconds ago.
	at java.base/jdk.internal.reflect.DirectConstructorHandleAccessor.newInstance(DirectConstructorHandleAccessor.java:62) ~[na:na]
	at java.base/java.lang.reflect.Constructor.newInstanceWithCaller(Constructor.java:502) ~[na:na]
	at java.base/java.lang.reflect.Constructor.newInstance(Constructor.java:486) ~[na:na]
	at com.mysql.cj.exceptions.ExceptionFactory.createException(ExceptionFactory.java:52) ~[mysql-connector-j-9.7.0.jar:9.7.0]
	at com.mysql.cj.exceptions.ExceptionFactory.createException(ExceptionFactory.java:95) ~[mysql-connector-j-9.7.0.jar:9.7.0]
	at com.mysql.cj.exceptions.ExceptionFactory.createException(ExceptionFactory.java:140) ~[mysql-connector-j-9.7.0.jar:9.7.0]
	at com.mysql.cj.exceptions.ExceptionFactory.createCommunicationsException(ExceptionFactory.java:156) ~[mysql-connector-j-9.7.0.jar:9.7.0]
	at com.mysql.cj.protocol.a.NativeProtocol.readMessage(NativeProtocol.java:590) ~[mysql-connector-j-9.7.0.jar:9.7.0]
	at com.mysql.cj.protocol.a.NativeProtocol.checkErrorMessage(NativeProtocol.java:767) ~[mysql-connector-j-9.7.0.jar:9.7.0]
	at com.mysql.cj.protocol.a.NativeProtocol.sendCommand(NativeProtocol.java:706) ~[mysql-connector-j-9.7.0.jar:9.7.0]
	at com.mysql.cj.protocol.a.NativeProtocol.sendQueryPacket(NativeProtocol.java:938) ~[mysql-connector-j-9.7.0.jar:9.7.0]
	at com.mysql.cj.NativeSession.execSQL(NativeSession.java:817) ~[mysql-connector-j-9.7.0.jar:9.7.0]
	at com.mysql.cj.jdbc.StatementImpl.executeQuery(StatementImpl.java:1280) ~[mysql-connector-j-9.7.0.jar:9.7.0]
	... 54 common frames omitted
Caused by: java.net.SocketException: An established connection was aborted by the software in your host machine
	at java.base/sun.nio.ch.SocketDispatcher.read0(Native Method) ~[na:na]
	at java.base/sun.nio.ch.SocketDispatcher.read(SocketDispatcher.java:46) ~[na:na]
	at java.base/sun.nio.ch.NioSocketImpl.tryRead(NioSocketImpl.java:256) ~[na:na]
	at java.base/sun.nio.ch.NioSocketImpl.timedRead(NioSocketImpl.java:274) ~[na:na]
	at java.base/sun.nio.ch.NioSocketImpl.implRead(NioSocketImpl.java:304) ~[na:na]
	at java.base/sun.nio.ch.NioSocketImpl.read(NioSocketImpl.java:346) ~[na:na]
	at java.base/sun.nio.ch.NioSocketImpl$1.read(NioSocketImpl.java:796) ~[na:na]
	at java.base/java.net.Socket$SocketInputStream.read(Socket.java:1099) ~[na:na]
	at java.base/sun.security.ssl.SSLSocketInputRecord.read(SSLSocketInputRecord.java:489) ~[na:na]
	at java.base/sun.security.ssl.SSLSocketInputRecord.readHeader(SSLSocketInputRecord.java:483) ~[na:na]
	at java.base/sun.security.ssl.SSLSocketInputRecord.bytesInCompletePacket(SSLSocketInputRecord.java:70) ~[na:na]
	at java.base/sun.security.ssl.SSLSocketImpl.readApplicationRecord(SSLSocketImpl.java:1461) ~[na:na]
	at java.base/sun.security.ssl.SSLSocketImpl$AppInputStream.read(SSLSocketImpl.java:1066) ~[na:na]
	at java.base/java.io.FilterInputStream.read(FilterInputStream.java:119) ~[na:na]
	at com.mysql.cj.protocol.FullReadInputStream.readFully(FullReadInputStream.java:55) ~[mysql-connector-j-9.7.0.jar:9.7.0]
	at com.mysql.cj.protocol.a.SimplePacketReader.readHeaderLocal(SimplePacketReader.java:72) ~[mysql-connector-j-9.7.0.jar:9.7.0]
	at com.mysql.cj.protocol.a.SimplePacketReader.readHeader(SimplePacketReader.java:54) ~[mysql-connector-j-9.7.0.jar:9.7.0]
	at com.mysql.cj.protocol.a.SimplePacketReader.readHeader(SimplePacketReader.java:36) ~[mysql-connector-j-9.7.0.jar:9.7.0]
	at com.mysql.cj.protocol.a.TimeTrackingPacketReader.readHeader(TimeTrackingPacketReader.java:43) ~[mysql-connector-j-9.7.0.jar:9.7.0]
	at com.mysql.cj.protocol.a.TimeTrackingPacketReader.readHeader(TimeTrackingPacketReader.java:32) ~[mysql-connector-j-9.7.0.jar:9.7.0]
	at com.mysql.cj.protocol.a.MultiPacketReader.readHeader(MultiPacketReader.java:45) ~[mysql-connector-j-9.7.0.jar:9.7.0]
	at com.mysql.cj.protocol.a.MultiPacketReader.readHeader(MultiPacketReader.java:35) ~[mysql-connector-j-9.7.0.jar:9.7.0]
	at com.mysql.cj.protocol.a.NativeProtocol.readMessage(NativeProtocol.java:584) ~[mysql-connector-j-9.7.0.jar:9.7.0]
	... 59 common frames omitted

2026-10-10T12:49:03.379+07:00 ERROR 123512 --- [multigame] [  game-worker-3] o.s.t.i.TransactionInterceptor           : Application exception overridden by rollback exception

org.springframework.dao.RecoverableDataAccessException: StatementCallback; SQL [select 1]; Communications link failure

The last packet successfully received from the server was 2 milliseconds ago. The last packet sent successfully to the server was 3 milliseconds ago.
	at org.springframework.jdbc.support.SQLExceptionSubclassTranslator.doTranslate(SQLExceptionSubclassTranslator.java:119) ~[spring-jdbc-6.2.19.jar:6.2.19]
	at org.springframework.jdbc.support.AbstractFallbackSQLExceptionTranslator.translate(AbstractFallbackSQLExceptionTranslator.java:107) ~[spring-jdbc-6.2.19.jar:6.2.19]
	at org.springframework.jdbc.core.JdbcTemplate.translateException(JdbcTemplate.java:1556) ~[spring-jdbc-6.2.19.jar:6.2.19]
	at org.springframework.jdbc.core.JdbcTemplate.execute(JdbcTemplate.java:408) ~[spring-jdbc-6.2.19.jar:6.2.19]
	at org.springframework.jdbc.core.JdbcTemplate.query(JdbcTemplate.java:476) ~[spring-jdbc-6.2.19.jar:6.2.19]
	at org.springframework.jdbc.core.JdbcTemplate.query(JdbcTemplate.java:486) ~[spring-jdbc-6.2.19.jar:6.2.19]
	at org.springframework.jdbc.core.JdbcTemplate.queryForObject(JdbcTemplate.java:519) ~[spring-jdbc-6.2.19.jar:6.2.19]
	at org.springframework.jdbc.core.JdbcTemplate.queryForObject(JdbcTemplate.java:526) ~[spring-jdbc-6.2.19.jar:6.2.19]
	at vn.edu.multigame.game.service.GameHistoryCancelIT.lambda$actualMysqlConnectionLossRollsBackCancelAndCommitsInterruptedCleanup$20(GameHistoryCancelIT.java:183) ~[test-classes/:na]
	at vn.edu.multigame.game.service.GameTransactions.cancel(GameTransactions.java:398) ~[classes/:na]
	at vn.edu.multigame.game.service.GameTransactions.cancel(GameTransactions.java:393) ~[classes/:na]
	at java.base/jdk.internal.reflect.DirectMethodHandleAccessor.invoke(DirectMethodHandleAccessor.java:103) ~[na:na]
	at java.base/java.lang.reflect.Method.invoke(Method.java:580) ~[na:na]
	at org.springframework.aop.support.AopUtils.invokeJoinpointUsingReflection(AopUtils.java:360) ~[spring-aop-6.2.19.jar:6.2.19]
	at org.springframework.aop.framework.ReflectiveMethodInvocation.invokeJoinpoint(ReflectiveMethodInvocation.java:196) ~[spring-aop-6.2.19.jar:6.2.19]
	at org.springframework.aop.framework.ReflectiveMethodInvocation.proceed(ReflectiveMethodInvocation.java:163) ~[spring-aop-6.2.19.jar:6.2.19]
	at org.springframework.transaction.interceptor.TransactionAspectSupport.invokeWithinTransaction(TransactionAspectSupport.java:380) ~[spring-tx-6.2.19.jar:6.2.19]
	at org.springframework.transaction.interceptor.TransactionInterceptor.invoke(TransactionInterceptor.java:119) ~[spring-tx-6.2.19.jar:6.2.19]
	at org.springframework.aop.framework.ReflectiveMethodInvocation.proceed(ReflectiveMethodInvocation.java:184) ~[spring-aop-6.2.19.jar:6.2.19]
	at org.springframework.aop.framework.CglibAopProxy$DynamicAdvisedInterceptor.intercept(CglibAopProxy.java:728) ~[spring-aop-6.2.19.jar:6.2.19]
	at vn.edu.multigame.game.service.GameTransactions$$SpringCGLIB$$0.cancel(<generated>) ~[classes/:na]
	at vn.edu.multigame.game.service.GameLifecycle.lambda$cancel$24(GameLifecycle.java:223) ~[classes/:na]
	at vn.edu.multigame.game.service.GameLifecycle.attempt(GameLifecycle.java:202) ~[classes/:na]
	at vn.edu.multigame.game.service.GameLifecycle.cancel(GameLifecycle.java:223) ~[classes/:na]
	at vn.edu.multigame.realtime.session.GameRuntime.lambda$command$4(GameRuntime.java:127) ~[classes/:na]
	at vn.edu.multigame.realtime.session.GameRuntime$2.onCommand(GameRuntime.java:75) ~[classes/:na]
	at vn.edu.multigame.realtime.session.SessionQueue.lambda$submit$1(SessionQueue.java:105) ~[classes/:na]
	at vn.edu.multigame.realtime.session.SessionQueue.drain(SessionQueue.java:229) ~[classes/:na]
	at vn.edu.multigame.realtime.session.SessionQueue.lambda$dispatch$9(SessionQueue.java:210) ~[classes/:na]
	at java.base/java.util.concurrent.ThreadPoolExecutor.runWorker(ThreadPoolExecutor.java:1144) ~[na:na]
	at java.base/java.util.concurrent.ThreadPoolExecutor$Worker.run(ThreadPoolExecutor.java:642) ~[na:na]
	at java.base/java.lang.Thread.run(Thread.java:1583) ~[na:na]
Caused by: com.mysql.cj.jdbc.exceptions.CommunicationsException: Communications link failure

The last packet successfully received from the server was 2 milliseconds ago. The last packet sent successfully to the server was 3 milliseconds ago.
	at com.mysql.cj.jdbc.exceptions.SQLError.createCommunicationsException(SQLError.java:165) ~[mysql-connector-j-9.7.0.jar:9.7.0]
	at com.mysql.cj.jdbc.exceptions.SQLExceptionsMapping.translateException(SQLExceptionsMapping.java:55) ~[mysql-connector-j-9.7.0.jar:9.7.0]
	at com.mysql.cj.jdbc.StatementImpl.executeQuery(StatementImpl.java:1318) ~[mysql-connector-j-9.7.0.jar:9.7.0]
	at com.zaxxer.hikari.pool.ProxyStatement.executeQuery(ProxyStatement.java:111) ~[HikariCP-6.3.3.jar:na]
	at com.zaxxer.hikari.pool.HikariProxyStatement.executeQuery(HikariProxyStatement.java) ~[HikariCP-6.3.3.jar:na]
	at org.springframework.jdbc.core.JdbcTemplate$1QueryStatementCallback.doInStatement(JdbcTemplate.java:463) ~[spring-jdbc-6.2.19.jar:6.2.19]
	at org.springframework.jdbc.core.JdbcTemplate.execute(JdbcTemplate.java:393) ~[spring-jdbc-6.2.19.jar:6.2.19]
	at org.springframework.jdbc.core.JdbcTemplate.query(JdbcTemplate.java:476) ~[spring-jdbc-6.2.19.jar:6.2.19]
	at org.springframework.jdbc.core.JdbcTemplate.query(JdbcTemplate.java:486) ~[spring-jdbc-6.2.19.jar:6.2.19]
	at org.springframework.jdbc.core.JdbcTemplate.queryForObject(JdbcTemplate.java:519) ~[spring-jdbc-6.2.19.jar:6.2.19]
	at org.springframework.jdbc.core.JdbcTemplate.queryForObject(JdbcTemplate.java:526) ~[spring-jdbc-6.2.19.jar:6.2.19]
	at vn.edu.multigame.game.service.GameHistoryCancelIT.lambda$actualMysqlConnectionLossRollsBackCancelAndCommitsInterruptedCleanup$20(GameHistoryCancelIT.java:183) ~[test-classes/:na]
	at org.mockito.internal.stubbing.StubbedInvocationMatcher.answer(StubbedInvocationMatcher.java:42) ~[mockito-core-5.17.0.jar:na]
	at org.mockito.internal.handler.MockHandlerImpl.handle(MockHandlerImpl.java:103) ~[mockito-core-5.17.0.jar:na]
	at org.mockito.internal.handler.NullResultGuardian.handle(NullResultGuardian.java:29) ~[mockito-core-5.17.0.jar:na]
	at org.mockito.internal.handler.InvocationNotifierHandler.handle(InvocationNotifierHandler.java:34) ~[mockito-core-5.17.0.jar:na]
	at org.mockito.internal.creation.bytebuddy.access.MockMethodInterceptor.doIntercept(MockMethodInterceptor.java:84) ~[mockito-core-5.17.0.jar:na]
	at org.mockito.internal.creation.bytebuddy.access.MockMethodInterceptor.doIntercept(MockMethodInterceptor.java:58) ~[mockito-core-5.17.0.jar:na]
	at org.mockito.internal.creation.bytebuddy.access.MockMethodInterceptor$DispatcherDefaultingToRealMethod.interceptAbstract(MockMethodInterceptor.java:163) ~[mockito-core-5.17.0.jar:na]
	at vn.edu.multigame.game.repository.PlayerSessionRepository$MockitoMock$ko5zI76B.flush(Unknown Source) ~[classes/:na]
	at vn.edu.multigame.game.service.GameTransactions.cancel(GameTransactions.java:398) ~[classes/:na]
	at java.base/java.lang.invoke.MethodHandle.invokeWithArguments(MethodHandle.java:733) ~[na:na]
	at org.mockito.internal.util.reflection.InstrumentationMemberAccessor$Dispatcher$ByteBuddy$pPoFaeHC.invokeWithArguments(Unknown Source) ~[na:na]
	at org.mockito.internal.util.reflection.InstrumentationMemberAccessor.invoke(InstrumentationMemberAccessor.java:265) ~[mockito-core-5.17.0.jar:na]
	at org.mockito.internal.util.reflection.ModuleMemberAccessor.invoke(ModuleMemberAccessor.java:55) ~[mockito-core-5.17.0.jar:na]
	at org.mockito.internal.creation.bytebuddy.MockMethodAdvice.tryInvoke(MockMethodAdvice.java:316) ~[mockito-core-5.17.0.jar:na]
	at org.mockito.internal.creation.bytebuddy.MockMethodAdvice$RealMethodCall.invoke(MockMethodAdvice.java:236) ~[mockito-core-5.17.0.jar:na]
	at org.mockito.internal.invocation.InterceptedInvocation.callRealMethod(InterceptedInvocation.java:142) ~[mockito-core-5.17.0.jar:na]
	at org.mockito.internal.stubbing.answers.CallsRealMethods.answer(CallsRealMethods.java:45) ~[mockito-core-5.17.0.jar:na]
	at org.mockito.Answers.answer(Answers.java:90) ~[mockito-core-5.17.0.jar:na]
	at org.mockito.internal.handler.MockHandlerImpl.handle(MockHandlerImpl.java:111) ~[mockito-core-5.17.0.jar:na]
	at org.mockito.internal.handler.NullResultGuardian.handle(NullResultGuardian.java:29) ~[mockito-core-5.17.0.jar:na]
	at org.mockito.internal.handler.InvocationNotifierHandler.handle(InvocationNotifierHandler.java:34) ~[mockito-core-5.17.0.jar:na]
	at org.mockito.internal.creation.bytebuddy.access.MockMethodInterceptor.doIntercept(MockMethodInterceptor.java:84) ~[mockito-core-5.17.0.jar:na]
	at org.mockito.internal.creation.bytebuddy.MockMethodAdvice.handle(MockMethodAdvice.java:136) ~[mockito-core-5.17.0.jar:na]
	... 22 common frames omitted
Caused by: com.mysql.cj.exceptions.CJCommunicationsException: Communications link failure

The last packet successfully received from the server was 2 milliseconds ago. The last packet sent successfully to the server was 3 milliseconds ago.
	at java.base/jdk.internal.reflect.DirectConstructorHandleAccessor.newInstance(DirectConstructorHandleAccessor.java:62) ~[na:na]
	at java.base/java.lang.reflect.Constructor.newInstanceWithCaller(Constructor.java:502) ~[na:na]
	at java.base/java.lang.reflect.Constructor.newInstance(Constructor.java:486) ~[na:na]
	at com.mysql.cj.exceptions.ExceptionFactory.createException(ExceptionFactory.java:52) ~[mysql-connector-j-9.7.0.jar:9.7.0]
	at com.mysql.cj.exceptions.ExceptionFactory.createException(ExceptionFactory.java:95) ~[mysql-connector-j-9.7.0.jar:9.7.0]
	at com.mysql.cj.exceptions.ExceptionFactory.createException(ExceptionFactory.java:140) ~[mysql-connector-j-9.7.0.jar:9.7.0]
	at com.mysql.cj.exceptions.ExceptionFactory.createCommunicationsException(ExceptionFactory.java:156) ~[mysql-connector-j-9.7.0.jar:9.7.0]
	at com.mysql.cj.protocol.a.NativeProtocol.readMessage(NativeProtocol.java:590) ~[mysql-connector-j-9.7.0.jar:9.7.0]
	at com.mysql.cj.protocol.a.NativeProtocol.checkErrorMessage(NativeProtocol.java:767) ~[mysql-connector-j-9.7.0.jar:9.7.0]
	at com.mysql.cj.protocol.a.NativeProtocol.sendCommand(NativeProtocol.java:706) ~[mysql-connector-j-9.7.0.jar:9.7.0]
	at com.mysql.cj.protocol.a.NativeProtocol.sendQueryPacket(NativeProtocol.java:938) ~[mysql-connector-j-9.7.0.jar:9.7.0]
	at com.mysql.cj.NativeSession.execSQL(NativeSession.java:817) ~[mysql-connector-j-9.7.0.jar:9.7.0]
	at com.mysql.cj.jdbc.StatementImpl.executeQuery(StatementImpl.java:1280) ~[mysql-connector-j-9.7.0.jar:9.7.0]
	... 54 common frames omitted
Caused by: java.net.SocketException: An established connection was aborted by the software in your host machine
	at java.base/sun.nio.ch.SocketDispatcher.read0(Native Method) ~[na:na]
	at java.base/sun.nio.ch.SocketDispatcher.read(SocketDispatcher.java:46) ~[na:na]
	at java.base/sun.nio.ch.NioSocketImpl.tryRead(NioSocketImpl.java:256) ~[na:na]
	at java.base/sun.nio.ch.NioSocketImpl.timedRead(NioSocketImpl.java:274) ~[na:na]
	at java.base/sun.nio.ch.NioSocketImpl.implRead(NioSocketImpl.java:304) ~[na:na]
	at java.base/sun.nio.ch.NioSocketImpl.read(NioSocketImpl.java:346) ~[na:na]
	at java.base/sun.nio.ch.NioSocketImpl$1.read(NioSocketImpl.java:796) ~[na:na]
	at java.base/java.net.Socket$SocketInputStream.read(Socket.java:1099) ~[na:na]
	at java.base/sun.security.ssl.SSLSocketInputRecord.read(SSLSocketInputRecord.java:489) ~[na:na]
	at java.base/sun.security.ssl.SSLSocketInputRecord.readHeader(SSLSocketInputRecord.java:483) ~[na:na]
	at java.base/sun.security.ssl.SSLSocketInputRecord.bytesInCompletePacket(SSLSocketInputRecord.java:70) ~[na:na]
	at java.base/sun.security.ssl.SSLSocketImpl.readApplicationRecord(SSLSocketImpl.java:1461) ~[na:na]
	at java.base/sun.security.ssl.SSLSocketImpl$AppInputStream.read(SSLSocketImpl.java:1066) ~[na:na]
	at java.base/java.io.FilterInputStream.read(FilterInputStream.java:119) ~[na:na]
	at com.mysql.cj.protocol.FullReadInputStream.readFully(FullReadInputStream.java:55) ~[mysql-connector-j-9.7.0.jar:9.7.0]
	at com.mysql.cj.protocol.a.SimplePacketReader.readHeaderLocal(SimplePacketReader.java:72) ~[mysql-connector-j-9.7.0.jar:9.7.0]
	at com.mysql.cj.protocol.a.SimplePacketReader.readHeader(SimplePacketReader.java:54) ~[mysql-connector-j-9.7.0.jar:9.7.0]
	at com.mysql.cj.protocol.a.SimplePacketReader.readHeader(SimplePacketReader.java:36) ~[mysql-connector-j-9.7.0.jar:9.7.0]
	at com.mysql.cj.protocol.a.TimeTrackingPacketReader.readHeader(TimeTrackingPacketReader.java:43) ~[mysql-connector-j-9.7.0.jar:9.7.0]
	at com.mysql.cj.protocol.a.TimeTrackingPacketReader.readHeader(TimeTrackingPacketReader.java:32) ~[mysql-connector-j-9.7.0.jar:9.7.0]
	at com.mysql.cj.protocol.a.MultiPacketReader.readHeader(MultiPacketReader.java:45) ~[mysql-connector-j-9.7.0.jar:9.7.0]
	at com.mysql.cj.protocol.a.MultiPacketReader.readHeader(MultiPacketReader.java:35) ~[mysql-connector-j-9.7.0.jar:9.7.0]
	at com.mysql.cj.protocol.a.NativeProtocol.readMessage(NativeProtocol.java:584) ~[mysql-connector-j-9.7.0.jar:9.7.0]
	... 59 common frames omitted

[INFO] Tests run: 12, Failures: 0, Errors: 0, Skipped: 0, Time elapsed: 10.99 s -- in vn.edu.multigame.game.service.GameHistoryCancelIT
[INFO] Running vn.edu.multigame.game.service.GameIsolationIT
2026-10-10T12:49:11.695+07:00  INFO 123512 --- [multigame] [           main] t.c.s.AnnotationConfigContextLoaderUtils : Could not detect default configuration classes for test class [vn.edu.multigame.game.service.GameIsolationIT]: GameIsolationIT does not declare any static, non-private, non-final, nested classes annotated with @Configuration.
2026-10-10T12:49:11.698+07:00  INFO 123512 --- [multigame] [           main] .b.t.c.SpringBootTestContextBootstrapper : Found @SpringBootConfiguration vn.edu.multigame.MultigameApplication for test class vn.edu.multigame.game.service.GameIsolationIT
[INFO] Tests run: 2, Failures: 0, Errors: 0, Skipped: 0, Time elapsed: 2.319 s -- in vn.edu.multigame.game.service.GameIsolationIT
[INFO] Running vn.edu.multigame.game.service.GameLifecycleIT
2026-10-10T12:49:14.016+07:00  INFO 123512 --- [multigame] [           main] t.c.s.AnnotationConfigContextLoaderUtils : Could not detect default configuration classes for test class [vn.edu.multigame.game.service.GameLifecycleIT]: GameLifecycleIT does not declare any static, non-private, non-final, nested classes annotated with @Configuration.
2026-10-10T12:49:14.018+07:00  INFO 123512 --- [multigame] [           main] .b.t.c.SpringBootTestContextBootstrapper : Found @SpringBootConfiguration vn.edu.multigame.MultigameApplication for test class vn.edu.multigame.game.service.GameLifecycleIT

  .   ____          _            __ _ _
 /\\ / ___'_ __ _ _(_)_ __  __ _ \ \ \ \
( ( )\___ | '_ | '_| | '_ \/ _` | \ \ \ \
 \\/  ___)| |_)| | | | | || (_| |  ) ) ) )
  '  |____| .__|_| |_|_| |_\__, | / / / /
 =========|_|==============|___/=/_/_/_/

 :: Spring Boot ::               (v3.5.16)

2026-10-10T12:49:14.038+07:00  INFO 123512 --- [multigame] [           main] v.e.m.game.service.GameLifecycleIT       : Starting GameLifecycleIT using Java 21.0.9 with PID 123512 (started by CodexSandboxOffline in D:\BTL_LTM)
2026-10-10T12:49:14.038+07:00  INFO 123512 --- [multigame] [           main] v.e.m.game.service.GameLifecycleIT       : The following 1 profile is active: "mysql"
2026-10-10T12:49:14.164+07:00  INFO 123512 --- [multigame] [           main] .s.d.r.c.RepositoryConfigurationDelegate : Bootstrapping Spring Data JPA repositories in DEFAULT mode.
2026-10-10T12:49:14.197+07:00  INFO 123512 --- [multigame] [           main] .s.d.r.c.RepositoryConfigurationDelegate : Finished Spring Data repository scanning in 32 ms. Found 13 JPA repository interfaces.
2026-10-10T12:49:14.250+07:00  INFO 123512 --- [multigame] [           main] o.s.b.w.embedded.tomcat.TomcatWebServer  : Tomcat initialized with port 0 (http)
2026-10-10T12:49:14.251+07:00  INFO 123512 --- [multigame] [           main] o.apache.catalina.core.StandardService   : Starting service [Tomcat]
2026-10-10T12:49:14.251+07:00  INFO 123512 --- [multigame] [           main] o.apache.catalina.core.StandardEngine    : Starting Servlet engine: [Apache Tomcat/10.1.55]
2026-10-10T12:49:14.262+07:00  INFO 123512 --- [multigame] [           main] o.a.c.c.C.[Tomcat-2].[localhost].[/]     : Initializing Spring embedded WebApplicationContext
2026-10-10T12:49:14.262+07:00  INFO 123512 --- [multigame] [           main] w.s.c.ServletWebServerApplicationContext : Root WebApplicationContext: initialization completed in 223 ms
2026-10-10T12:49:14.287+07:00  INFO 123512 --- [multigame] [           main] com.zaxxer.hikari.HikariDataSource       : HikariPool-7 - Starting...
2026-10-10T12:49:14.298+07:00  INFO 123512 --- [multigame] [           main] com.zaxxer.hikari.pool.HikariPool        : HikariPool-7 - Added connection com.mysql.cj.jdbc.ConnectionImpl@734f84fc
2026-10-10T12:49:14.298+07:00  INFO 123512 --- [multigame] [           main] com.zaxxer.hikari.HikariDataSource       : HikariPool-7 - Start completed.
2026-10-10T12:49:14.301+07:00  INFO 123512 --- [multigame] [           main] org.flywaydb.core.FlywayExecutor         : Database: jdbc:mysql://127.0.0.1:3306/quizz_task2_test?connectionTimeZone=UTC&connectTimeout=3000&socketTimeout=3000 (MySQL 8.0)
2026-10-10T12:49:14.311+07:00  INFO 123512 --- [multigame] [           main] o.f.core.internal.command.DbValidate     : Successfully validated 7 migrations (execution time 00:00.005s)
2026-10-10T12:49:14.316+07:00  INFO 123512 --- [multigame] [           main] o.f.core.internal.command.DbMigrate      : Current version of schema `quizz_task2_test`: 7
2026-10-10T12:49:14.316+07:00  INFO 123512 --- [multigame] [           main] o.f.core.internal.command.DbMigrate      : Schema `quizz_task2_test` is up to date. No migration necessary.
2026-10-10T12:49:14.347+07:00  INFO 123512 --- [multigame] [           main] o.hibernate.jpa.internal.util.LogHelper  : HHH000204: Processing PersistenceUnitInfo [name: default]
2026-10-10T12:49:14.350+07:00  INFO 123512 --- [multigame] [           main] o.h.c.internal.RegionFactoryInitiator    : HHH000026: Second-level cache disabled
2026-10-10T12:49:14.358+07:00  INFO 123512 --- [multigame] [           main] o.s.o.j.p.SpringPersistenceUnitInfo      : No LoadTimeWeaver setup: ignoring JPA class transformer
2026-10-10T12:49:14.359+07:00  INFO 123512 --- [multigame] [           main] org.hibernate.orm.connections.pooling    : HHH10001005: Database info:
	Database JDBC URL [Connecting through datasource 'HikariDataSource (HikariPool-7)']
	Database driver: undefined/unknown
	Database version: 8.0.45
	Autocommit mode: undefined/unknown
	Isolation level: undefined/unknown
	Minimum pool size: undefined/unknown
	Maximum pool size: undefined/unknown
2026-10-10T12:49:14.443+07:00  INFO 123512 --- [multigame] [           main] o.h.e.t.j.p.i.JtaPlatformInitiator       : HHH000489: No JTA platform available (set 'hibernate.transaction.jta.platform' to enable JTA platform integration)
2026-10-10T12:49:14.451+07:00  INFO 123512 --- [multigame] [           main] j.LocalContainerEntityManagerFactoryBean : Initialized JPA EntityManagerFactory for persistence unit 'default'
2026-10-10T12:49:14.619+07:00  INFO 123512 --- [multigame] [           main] r$InitializeUserDetailsManagerConfigurer : Global AuthenticationManager configured with UserDetailsService bean with name accountUserDetailsService
2026-10-10T12:49:14.625+07:00  INFO 123512 --- [multigame] [           main] o.s.b.a.w.s.WelcomePageHandlerMapping    : Adding welcome page: class path resource [static/index.html]
2026-10-10T12:49:14.699+07:00  INFO 123512 --- [multigame] [           main] o.s.b.w.embedded.tomcat.TomcatWebServer  : Tomcat started on port 63407 (http) with context path '/'
2026-10-10T12:49:14.702+07:00  INFO 123512 --- [multigame] [           main] v.e.m.game.service.GameLifecycleIT       : Started GameLifecycleIT in 0.683 seconds (process running for 73.557)
2026-10-10T12:49:15.841+07:00 ERROR 123512 --- [multigame] [  game-worker-1] v.e.m.game.service.GameLifecycle         : Game cleanup pending; restore MySQL and restart Server
2026-10-10T12:49:18.463+07:00  INFO 123512 --- [multigame] [0-auto-6-exec-1] o.a.c.c.C.[Tomcat-2].[localhost].[/]     : Initializing Spring DispatcherServlet 'dispatcherServlet'
2026-10-10T12:49:18.463+07:00  INFO 123512 --- [multigame] [0-auto-6-exec-1] o.s.web.servlet.DispatcherServlet        : Initializing Servlet 'dispatcherServlet'
2026-10-10T12:49:18.464+07:00  INFO 123512 --- [multigame] [0-auto-6-exec-1] o.s.web.servlet.DispatcherServlet        : Completed initialization in 1 ms
[INFO] Tests run: 18, Failures: 0, Errors: 0, Skipped: 0, Time elapsed: 7.691 s -- in vn.edu.multigame.game.service.GameLifecycleIT
[INFO] Running vn.edu.multigame.game.service.GamePresentationIT
2026-10-10T12:49:21.709+07:00  INFO 123512 --- [multigame] [           main] t.c.s.AnnotationConfigContextLoaderUtils : Could not detect default configuration classes for test class [vn.edu.multigame.game.service.GamePresentationIT]: GamePresentationIT does not declare any static, non-private, non-final, nested classes annotated with @Configuration.
2026-10-10T12:49:21.711+07:00  INFO 123512 --- [multigame] [           main] .b.t.c.SpringBootTestContextBootstrapper : Found @SpringBootConfiguration vn.edu.multigame.MultigameApplication for test class vn.edu.multigame.game.service.GamePresentationIT
[INFO] Tests run: 6, Failures: 0, Errors: 0, Skipped: 0, Time elapsed: 1.842 s -- in vn.edu.multigame.game.service.GamePresentationIT
[INFO] Running vn.edu.multigame.game.service.GameReconnectNetworkIT
2026-10-10T12:49:23.553+07:00  INFO 123512 --- [multigame] [           main] t.c.s.AnnotationConfigContextLoaderUtils : Could not detect default configuration classes for test class [vn.edu.multigame.game.service.GameReconnectNetworkIT]: GameReconnectNetworkIT does not declare any static, non-private, non-final, nested classes annotated with @Configuration.
2026-10-10T12:49:23.555+07:00  INFO 123512 --- [multigame] [           main] .b.t.c.SpringBootTestContextBootstrapper : Found @SpringBootConfiguration vn.edu.multigame.MultigameApplication for test class vn.edu.multigame.game.service.GameReconnectNetworkIT

  .   ____          _            __ _ _
 /\\ / ___'_ __ _ _(_)_ __  __ _ \ \ \ \
( ( )\___ | '_ | '_| | '_ \/ _` | \ \ \ \
 \\/  ___)| |_)| | | | | || (_| |  ) ) ) )
  '  |____| .__|_| |_|_| |_\__, | / / / /
 =========|_|==============|___/=/_/_/_/

 :: Spring Boot ::               (v3.5.16)

2026-10-10T12:49:23.571+07:00  INFO 123512 --- [multigame] [           main] v.e.m.g.service.GameReconnectNetworkIT   : Starting GameReconnectNetworkIT using Java 21.0.9 with PID 123512 (started by CodexSandboxOffline in D:\BTL_LTM)
2026-10-10T12:49:23.571+07:00  INFO 123512 --- [multigame] [           main] v.e.m.g.service.GameReconnectNetworkIT   : The following 1 profile is active: "mysql"
2026-10-10T12:49:23.686+07:00  INFO 123512 --- [multigame] [           main] .s.d.r.c.RepositoryConfigurationDelegate : Bootstrapping Spring Data JPA repositories in DEFAULT mode.
2026-10-10T12:49:23.715+07:00  INFO 123512 --- [multigame] [           main] .s.d.r.c.RepositoryConfigurationDelegate : Finished Spring Data repository scanning in 29 ms. Found 13 JPA repository interfaces.
2026-10-10T12:49:23.760+07:00  INFO 123512 --- [multigame] [           main] o.s.b.w.embedded.tomcat.TomcatWebServer  : Tomcat initialized with port 0 (http)
2026-10-10T12:49:23.761+07:00  INFO 123512 --- [multigame] [           main] o.apache.catalina.core.StandardService   : Starting service [Tomcat]
2026-10-10T12:49:23.761+07:00  INFO 123512 --- [multigame] [           main] o.apache.catalina.core.StandardEngine    : Starting Servlet engine: [Apache Tomcat/10.1.55]
2026-10-10T12:49:23.769+07:00  INFO 123512 --- [multigame] [           main] o.a.c.c.C.[Tomcat-3].[localhost].[/]     : Initializing Spring embedded WebApplicationContext
2026-10-10T12:49:23.769+07:00  INFO 123512 --- [multigame] [           main] w.s.c.ServletWebServerApplicationContext : Root WebApplicationContext: initialization completed in 197 ms
2026-10-10T12:49:23.791+07:00  INFO 123512 --- [multigame] [           main] com.zaxxer.hikari.HikariDataSource       : HikariPool-8 - Starting...
2026-10-10T12:49:23.799+07:00  INFO 123512 --- [multigame] [           main] com.zaxxer.hikari.pool.HikariPool        : HikariPool-8 - Added connection com.mysql.cj.jdbc.ConnectionImpl@3533ef06
2026-10-10T12:49:23.799+07:00  INFO 123512 --- [multigame] [           main] com.zaxxer.hikari.HikariDataSource       : HikariPool-8 - Start completed.
2026-10-10T12:49:23.803+07:00  INFO 123512 --- [multigame] [           main] org.flywaydb.core.FlywayExecutor         : Database: jdbc:mysql://127.0.0.1:3306/quizz_task2_test?connectionTimeZone=UTC&connectTimeout=3000&socketTimeout=3000 (MySQL 8.0)
2026-10-10T12:49:23.815+07:00  INFO 123512 --- [multigame] [           main] o.f.core.internal.command.DbValidate     : Successfully validated 7 migrations (execution time 00:00.008s)
2026-10-10T12:49:23.821+07:00  INFO 123512 --- [multigame] [           main] o.f.core.internal.command.DbMigrate      : Current version of schema `quizz_task2_test`: 7
2026-10-10T12:49:23.821+07:00  INFO 123512 --- [multigame] [           main] o.f.core.internal.command.DbMigrate      : Schema `quizz_task2_test` is up to date. No migration necessary.
2026-10-10T12:49:23.839+07:00  INFO 123512 --- [multigame] [           main] o.hibernate.jpa.internal.util.LogHelper  : HHH000204: Processing PersistenceUnitInfo [name: default]
2026-10-10T12:49:23.840+07:00  INFO 123512 --- [multigame] [           main] o.h.c.internal.RegionFactoryInitiator    : HHH000026: Second-level cache disabled
2026-10-10T12:49:23.846+07:00  INFO 123512 --- [multigame] [           main] o.s.o.j.p.SpringPersistenceUnitInfo      : No LoadTimeWeaver setup: ignoring JPA class transformer
2026-10-10T12:49:23.847+07:00  INFO 123512 --- [multigame] [           main] org.hibernate.orm.connections.pooling    : HHH10001005: Database info:
	Database JDBC URL [Connecting through datasource 'HikariDataSource (HikariPool-8)']
	Database driver: undefined/unknown
	Database version: 8.0.45
	Autocommit mode: undefined/unknown
	Isolation level: undefined/unknown
	Minimum pool size: undefined/unknown
	Maximum pool size: undefined/unknown
2026-10-10T12:49:23.904+07:00  INFO 123512 --- [multigame] [           main] o.h.e.t.j.p.i.JtaPlatformInitiator       : HHH000489: No JTA platform available (set 'hibernate.transaction.jta.platform' to enable JTA platform integration)
2026-10-10T12:49:23.912+07:00  INFO 123512 --- [multigame] [           main] j.LocalContainerEntityManagerFactoryBean : Initialized JPA EntityManagerFactory for persistence unit 'default'
2026-10-10T12:49:24.178+07:00  INFO 123512 --- [multigame] [           main] r$InitializeUserDetailsManagerConfigurer : Global AuthenticationManager configured with UserDetailsService bean with name accountUserDetailsService
2026-10-10T12:49:24.186+07:00  INFO 123512 --- [multigame] [           main] o.s.b.a.w.s.WelcomePageHandlerMapping    : Adding welcome page: class path resource [static/index.html]
2026-10-10T12:49:24.285+07:00  INFO 123512 --- [multigame] [           main] o.s.b.w.embedded.tomcat.TomcatWebServer  : Tomcat started on port 63424 (http) with context path '/'
2026-10-10T12:49:24.288+07:00  INFO 123512 --- [multigame] [           main] v.e.m.g.service.GameReconnectNetworkIT   : Started GameReconnectNetworkIT in 0.731 seconds (process running for 83.143)
2026-10-10T12:49:24.486+07:00  INFO 123512 --- [multigame] [0-auto-7-exec-1] o.a.c.c.C.[Tomcat-3].[localhost].[/]     : Initializing Spring DispatcherServlet 'dispatcherServlet'
2026-10-10T12:49:24.487+07:00  INFO 123512 --- [multigame] [0-auto-7-exec-1] o.s.web.servlet.DispatcherServlet        : Initializing Servlet 'dispatcherServlet'
2026-10-10T12:49:24.487+07:00  INFO 123512 --- [multigame] [0-auto-7-exec-1] o.s.web.servlet.DispatcherServlet        : Completed initialization in 0 ms
[INFO] Tests run: 12, Failures: 0, Errors: 0, Skipped: 0, Time elapsed: 7.440 s -- in vn.edu.multigame.game.service.GameReconnectNetworkIT
[INFO] Running vn.edu.multigame.game.service.GameStartAuthorizationIT
2026-10-10T12:49:30.994+07:00  INFO 123512 --- [multigame] [           main] t.c.s.AnnotationConfigContextLoaderUtils : Could not detect default configuration classes for test class [vn.edu.multigame.game.service.GameStartAuthorizationIT]: GameStartAuthorizationIT does not declare any static, non-private, non-final, nested classes annotated with @Configuration.
2026-10-10T12:49:30.996+07:00  INFO 123512 --- [multigame] [           main] .b.t.c.SpringBootTestContextBootstrapper : Found @SpringBootConfiguration vn.edu.multigame.MultigameApplication for test class vn.edu.multigame.game.service.GameStartAuthorizationIT

  .   ____          _            __ _ _
 /\\ / ___'_ __ _ _(_)_ __  __ _ \ \ \ \
( ( )\___ | '_ | '_| | '_ \/ _` | \ \ \ \
 \\/  ___)| |_)| | | | | || (_| |  ) ) ) )
  '  |____| .__|_| |_|_| |_\__, | / / / /
 =========|_|==============|___/=/_/_/_/

 :: Spring Boot ::               (v3.5.16)

2026-10-10T12:49:31.009+07:00  INFO 123512 --- [multigame] [           main] v.e.m.g.s.GameStartAuthorizationIT       : Starting GameStartAuthorizationIT using Java 21.0.9 with PID 123512 (started by CodexSandboxOffline in D:\BTL_LTM)
2026-10-10T12:49:31.009+07:00  INFO 123512 --- [multigame] [           main] v.e.m.g.s.GameStartAuthorizationIT       : The following 1 profile is active: "mysql"
2026-10-10T12:49:31.128+07:00  INFO 123512 --- [multigame] [           main] .s.d.r.c.RepositoryConfigurationDelegate : Bootstrapping Spring Data JPA repositories in DEFAULT mode.
2026-10-10T12:49:31.151+07:00  INFO 123512 --- [multigame] [           main] .s.d.r.c.RepositoryConfigurationDelegate : Finished Spring Data repository scanning in 21 ms. Found 13 JPA repository interfaces.
2026-10-10T12:49:31.194+07:00  INFO 123512 --- [multigame] [           main] o.s.b.w.embedded.tomcat.TomcatWebServer  : Tomcat initialized with port 0 (http)
2026-10-10T12:49:31.195+07:00  INFO 123512 --- [multigame] [           main] o.apache.catalina.core.StandardService   : Starting service [Tomcat]
2026-10-10T12:49:31.195+07:00  INFO 123512 --- [multigame] [           main] o.apache.catalina.core.StandardEngine    : Starting Servlet engine: [Apache Tomcat/10.1.55]
2026-10-10T12:49:31.203+07:00  INFO 123512 --- [multigame] [           main] o.a.c.c.C.[Tomcat-4].[localhost].[/]     : Initializing Spring embedded WebApplicationContext
2026-10-10T12:49:31.203+07:00  INFO 123512 --- [multigame] [           main] w.s.c.ServletWebServerApplicationContext : Root WebApplicationContext: initialization completed in 193 ms
2026-10-10T12:49:31.222+07:00  INFO 123512 --- [multigame] [           main] com.zaxxer.hikari.HikariDataSource       : HikariPool-9 - Starting...
2026-10-10T12:49:31.232+07:00  INFO 123512 --- [multigame] [           main] com.zaxxer.hikari.pool.HikariPool        : HikariPool-9 - Added connection com.mysql.cj.jdbc.ConnectionImpl@56c65805
2026-10-10T12:49:31.233+07:00  INFO 123512 --- [multigame] [           main] com.zaxxer.hikari.HikariDataSource       : HikariPool-9 - Start completed.
2026-10-10T12:49:31.235+07:00  INFO 123512 --- [multigame] [           main] org.flywaydb.core.FlywayExecutor         : Database: jdbc:mysql://127.0.0.1:3306/quizz_task2_test?connectionTimeZone=UTC&connectTimeout=3000&socketTimeout=3000 (MySQL 8.0)
2026-10-10T12:49:31.246+07:00  INFO 123512 --- [multigame] [           main] o.f.core.internal.command.DbValidate     : Successfully validated 7 migrations (execution time 00:00.006s)
2026-10-10T12:49:31.250+07:00  INFO 123512 --- [multigame] [           main] o.f.core.internal.command.DbMigrate      : Current version of schema `quizz_task2_test`: 7
2026-10-10T12:49:31.251+07:00  INFO 123512 --- [multigame] [           main] o.f.core.internal.command.DbMigrate      : Schema `quizz_task2_test` is up to date. No migration necessary.
2026-10-10T12:49:31.271+07:00  INFO 123512 --- [multigame] [           main] o.hibernate.jpa.internal.util.LogHelper  : HHH000204: Processing PersistenceUnitInfo [name: default]
2026-10-10T12:49:31.273+07:00  INFO 123512 --- [multigame] [           main] o.h.c.internal.RegionFactoryInitiator    : HHH000026: Second-level cache disabled
2026-10-10T12:49:31.277+07:00  INFO 123512 --- [multigame] [           main] o.s.o.j.p.SpringPersistenceUnitInfo      : No LoadTimeWeaver setup: ignoring JPA class transformer
2026-10-10T12:49:31.278+07:00  INFO 123512 --- [multigame] [           main] org.hibernate.orm.connections.pooling    : HHH10001005: Database info:
	Database JDBC URL [Connecting through datasource 'HikariDataSource (HikariPool-9)']
	Database driver: undefined/unknown
	Database version: 8.0.45
	Autocommit mode: undefined/unknown
	Isolation level: undefined/unknown
	Minimum pool size: undefined/unknown
	Maximum pool size: undefined/unknown
2026-10-10T12:49:31.329+07:00  INFO 123512 --- [multigame] [           main] o.h.e.t.j.p.i.JtaPlatformInitiator       : HHH000489: No JTA platform available (set 'hibernate.transaction.jta.platform' to enable JTA platform integration)
2026-10-10T12:49:31.337+07:00  INFO 123512 --- [multigame] [           main] j.LocalContainerEntityManagerFactoryBean : Initialized JPA EntityManagerFactory for persistence unit 'default'
2026-10-10T12:49:31.647+07:00  INFO 123512 --- [multigame] [           main] r$InitializeUserDetailsManagerConfigurer : Global AuthenticationManager configured with UserDetailsService bean with name accountUserDetailsService
2026-10-10T12:49:31.654+07:00  INFO 123512 --- [multigame] [           main] o.s.b.a.w.s.WelcomePageHandlerMapping    : Adding welcome page: class path resource [static/index.html]
2026-10-10T12:49:31.732+07:00  INFO 123512 --- [multigame] [           main] o.s.b.w.embedded.tomcat.TomcatWebServer  : Tomcat started on port 63461 (http) with context path '/'
2026-10-10T12:49:31.734+07:00  INFO 123512 --- [multigame] [           main] v.e.m.g.s.GameStartAuthorizationIT       : Started GameStartAuthorizationIT in 0.737 seconds (process running for 90.59)
2026-10-10T12:49:31.851+07:00  INFO 123512 --- [multigame] [0-auto-8-exec-1] o.a.c.c.C.[Tomcat-4].[localhost].[/]     : Initializing Spring DispatcherServlet 'dispatcherServlet'
2026-10-10T12:49:31.851+07:00  INFO 123512 --- [multigame] [0-auto-8-exec-1] o.s.web.servlet.DispatcherServlet        : Initializing Servlet 'dispatcherServlet'
2026-10-10T12:49:31.851+07:00  INFO 123512 --- [multigame] [0-auto-8-exec-1] o.s.web.servlet.DispatcherServlet        : Completed initialization in 0 ms
[INFO] Tests run: 1, Failures: 0, Errors: 0, Skipped: 0, Time elapsed: 1.257 s -- in vn.edu.multigame.game.service.GameStartAuthorizationIT
[INFO] Running vn.edu.multigame.game.service.ImageWordLifecycleIT
2026-10-10T12:49:32.252+07:00  INFO 123512 --- [multigame] [           main] t.c.s.AnnotationConfigContextLoaderUtils : Could not detect default configuration classes for test class [vn.edu.multigame.game.service.ImageWordLifecycleIT]: ImageWordLifecycleIT does not declare any static, non-private, non-final, nested classes annotated with @Configuration.
2026-10-10T12:49:32.253+07:00  INFO 123512 --- [multigame] [           main] .b.t.c.SpringBootTestContextBootstrapper : Found @SpringBootConfiguration vn.edu.multigame.MultigameApplication for test class vn.edu.multigame.game.service.ImageWordLifecycleIT

  .   ____          _            __ _ _
 /\\ / ___'_ __ _ _(_)_ __  __ _ \ \ \ \
( ( )\___ | '_ | '_| | '_ \/ _` | \ \ \ \
 \\/  ___)| |_)| | | | | || (_| |  ) ) ) )
  '  |____| .__|_| |_|_| |_\__, | / / / /
 =========|_|==============|___/=/_/_/_/

 :: Spring Boot ::               (v3.5.16)

2026-10-10T12:49:32.267+07:00  INFO 123512 --- [multigame] [           main] v.e.m.game.service.ImageWordLifecycleIT  : Starting ImageWordLifecycleIT using Java 21.0.9 with PID 123512 (started by CodexSandboxOffline in D:\BTL_LTM)
2026-10-10T12:49:32.267+07:00  INFO 123512 --- [multigame] [           main] v.e.m.game.service.ImageWordLifecycleIT  : The following 1 profile is active: "mysql"
2026-10-10T12:49:32.377+07:00  INFO 123512 --- [multigame] [           main] .s.d.r.c.RepositoryConfigurationDelegate : Bootstrapping Spring Data JPA repositories in DEFAULT mode.
2026-10-10T12:49:32.424+07:00  INFO 123512 --- [multigame] [           main] .s.d.r.c.RepositoryConfigurationDelegate : Finished Spring Data repository scanning in 45 ms. Found 13 JPA repository interfaces.
2026-10-10T12:49:32.465+07:00  INFO 123512 --- [multigame] [           main] o.s.b.w.embedded.tomcat.TomcatWebServer  : Tomcat initialized with port 0 (http)
2026-10-10T12:49:32.466+07:00  INFO 123512 --- [multigame] [           main] o.apache.catalina.core.StandardService   : Starting service [Tomcat]
2026-10-10T12:49:32.466+07:00  INFO 123512 --- [multigame] [           main] o.apache.catalina.core.StandardEngine    : Starting Servlet engine: [Apache Tomcat/10.1.55]
2026-10-10T12:49:32.475+07:00  INFO 123512 --- [multigame] [           main] o.a.c.c.C.[Tomcat-5].[localhost].[/]     : Initializing Spring embedded WebApplicationContext
2026-10-10T12:49:32.475+07:00  INFO 123512 --- [multigame] [           main] w.s.c.ServletWebServerApplicationContext : Root WebApplicationContext: initialization completed in 207 ms
2026-10-10T12:49:32.497+07:00  INFO 123512 --- [multigame] [           main] com.zaxxer.hikari.HikariDataSource       : HikariPool-10 - Starting...
2026-10-10T12:49:32.507+07:00  INFO 123512 --- [multigame] [           main] com.zaxxer.hikari.pool.HikariPool        : HikariPool-10 - Added connection com.mysql.cj.jdbc.ConnectionImpl@50ea02d2
2026-10-10T12:49:32.507+07:00  INFO 123512 --- [multigame] [           main] com.zaxxer.hikari.HikariDataSource       : HikariPool-10 - Start completed.
2026-10-10T12:49:32.510+07:00  INFO 123512 --- [multigame] [           main] org.flywaydb.core.FlywayExecutor         : Database: jdbc:mysql://127.0.0.1:3306/quizz_task2_test?connectionTimeZone=UTC&connectTimeout=3000&socketTimeout=3000 (MySQL 8.0)
2026-10-10T12:49:32.521+07:00  INFO 123512 --- [multigame] [           main] o.f.core.internal.command.DbValidate     : Successfully validated 7 migrations (execution time 00:00.005s)
2026-10-10T12:49:32.525+07:00  INFO 123512 --- [multigame] [           main] o.f.core.internal.command.DbMigrate      : Current version of schema `quizz_task2_test`: 7
2026-10-10T12:49:32.525+07:00  INFO 123512 --- [multigame] [           main] o.f.core.internal.command.DbMigrate      : Schema `quizz_task2_test` is up to date. No migration necessary.
2026-10-10T12:49:32.543+07:00  INFO 123512 --- [multigame] [           main] o.hibernate.jpa.internal.util.LogHelper  : HHH000204: Processing PersistenceUnitInfo [name: default]
2026-10-10T12:49:32.545+07:00  INFO 123512 --- [multigame] [           main] o.h.c.internal.RegionFactoryInitiator    : HHH000026: Second-level cache disabled
2026-10-10T12:49:32.550+07:00  INFO 123512 --- [multigame] [           main] o.s.o.j.p.SpringPersistenceUnitInfo      : No LoadTimeWeaver setup: ignoring JPA class transformer
2026-10-10T12:49:32.551+07:00  INFO 123512 --- [multigame] [           main] org.hibernate.orm.connections.pooling    : HHH10001005: Database info:
	Database JDBC URL [Connecting through datasource 'HikariDataSource (HikariPool-10)']
	Database driver: undefined/unknown
	Database version: 8.0.45
	Autocommit mode: undefined/unknown
	Isolation level: undefined/unknown
	Minimum pool size: undefined/unknown
	Maximum pool size: undefined/unknown
2026-10-10T12:49:32.614+07:00  INFO 123512 --- [multigame] [           main] o.h.e.t.j.p.i.JtaPlatformInitiator       : HHH000489: No JTA platform available (set 'hibernate.transaction.jta.platform' to enable JTA platform integration)
2026-10-10T12:49:32.625+07:00  INFO 123512 --- [multigame] [           main] j.LocalContainerEntityManagerFactoryBean : Initialized JPA EntityManagerFactory for persistence unit 'default'
2026-10-10T12:49:32.781+07:00  INFO 123512 --- [multigame] [           main] r$InitializeUserDetailsManagerConfigurer : Global AuthenticationManager configured with UserDetailsService bean with name accountUserDetailsService
2026-10-10T12:49:32.788+07:00  INFO 123512 --- [multigame] [           main] o.s.b.a.w.s.WelcomePageHandlerMapping    : Adding welcome page: class path resource [static/index.html]
2026-10-10T12:49:32.868+07:00  INFO 123512 --- [multigame] [           main] o.s.b.w.embedded.tomcat.TomcatWebServer  : Tomcat started on port 63471 (http) with context path '/'
2026-10-10T12:49:32.871+07:00  INFO 123512 --- [multigame] [           main] v.e.m.game.service.ImageWordLifecycleIT  : Started ImageWordLifecycleIT in 0.614 seconds (process running for 91.726)
2026-10-10T12:49:32.896+07:00  INFO 123512 --- [multigame] [0-auto-9-exec-1] o.a.c.c.C.[Tomcat-5].[localhost].[/]     : Initializing Spring DispatcherServlet 'dispatcherServlet'
2026-10-10T12:49:32.896+07:00  INFO 123512 --- [multigame] [0-auto-9-exec-1] o.s.web.servlet.DispatcherServlet        : Initializing Servlet 'dispatcherServlet'
2026-10-10T12:49:32.897+07:00  INFO 123512 --- [multigame] [0-auto-9-exec-1] o.s.web.servlet.DispatcherServlet        : Completed initialization in 1 ms
[INFO] Tests run: 2, Failures: 0, Errors: 0, Skipped: 0, Time elapsed: 3.237 s -- in vn.edu.multigame.game.service.ImageWordLifecycleIT
[INFO] Running vn.edu.multigame.game.service.MultimodeIntegrationIT
2026-10-10T12:49:35.489+07:00  INFO 123512 --- [multigame] [           main] t.c.s.AnnotationConfigContextLoaderUtils : Could not detect default configuration classes for test class [vn.edu.multigame.game.service.MultimodeIntegrationIT]: MultimodeIntegrationIT does not declare any static, non-private, non-final, nested classes annotated with @Configuration.
2026-10-10T12:49:35.492+07:00  INFO 123512 --- [multigame] [           main] .b.t.c.SpringBootTestContextBootstrapper : Found @SpringBootConfiguration vn.edu.multigame.MultigameApplication for test class vn.edu.multigame.game.service.MultimodeIntegrationIT
TASK24_MAXIMUM: game=2183, one RIDDLE stage,50 questions/150 answers, score30/30/30, correct-time200/400/200, rank1/3/1
[INFO] Tests run: 1, Failures: 0, Errors: 0, Skipped: 0, Time elapsed: 6.159 s -- in vn.edu.multigame.game.service.MultimodeIntegrationIT
[INFO] Running vn.edu.multigame.game.service.MultimodeLifecycleIT
2026-10-10T12:49:41.651+07:00  INFO 123512 --- [multigame] [           main] t.c.s.AnnotationConfigContextLoaderUtils : Could not detect default configuration classes for test class [vn.edu.multigame.game.service.MultimodeLifecycleIT]: MultimodeLifecycleIT does not declare any static, non-private, non-final, nested classes annotated with @Configuration.
2026-10-10T12:49:41.652+07:00  INFO 123512 --- [multigame] [           main] .b.t.c.SpringBootTestContextBootstrapper : Found @SpringBootConfiguration vn.edu.multigame.MultigameApplication for test class vn.edu.multigame.game.service.MultimodeLifecycleIT
[INFO] Tests run: 13, Failures: 0, Errors: 0, Skipped: 0, Time elapsed: 11.16 s -- in vn.edu.multigame.game.service.MultimodeLifecycleIT
[INFO] Running vn.edu.multigame.game.service.MultimodeRoomStartIT

  .   ____          _            __ _ _
 /\\ / ___'_ __ _ _(_)_ __  __ _ \ \ \ \
( ( )\___ | '_ | '_| | '_ \/ _` | \ \ \ \
 \\/  ___)| |_)| | | | | || (_| |  ) ) ) )
  '  |____| .__|_| |_|_| |_\__, | / / / /
 =========|_|==============|___/=/_/_/_/

 :: Spring Boot ::               (v3.5.16)

2026-10-10T12:49:52.841+07:00  INFO 123512 --- [multigame] [           main] o.a.maven.surefire.booter.ForkedBooter   : Starting ForkedBooter v3.5.6 using Java 21.0.9 with PID 123512 (started by CodexSandboxOffline in D:\BTL_LTM)
2026-10-10T12:49:52.841+07:00  INFO 123512 --- [multigame] [           main] o.a.maven.surefire.booter.ForkedBooter   : The following 1 profile is active: "mysql"
2026-10-10T12:49:52.932+07:00  INFO 123512 --- [multigame] [           main] .s.d.r.c.RepositoryConfigurationDelegate : Bootstrapping Spring Data JPA repositories in DEFAULT mode.
2026-10-10T12:49:52.985+07:00  INFO 123512 --- [multigame] [           main] .s.d.r.c.RepositoryConfigurationDelegate : Finished Spring Data repository scanning in 51 ms. Found 13 JPA repository interfaces.
2026-10-10T12:49:53.031+07:00  INFO 123512 --- [multigame] [           main] o.s.b.w.embedded.tomcat.TomcatWebServer  : Tomcat initialized with port 0 (http)
2026-10-10T12:49:53.032+07:00  INFO 123512 --- [multigame] [           main] o.apache.catalina.core.StandardService   : Starting service [Tomcat]
2026-10-10T12:49:53.032+07:00  INFO 123512 --- [multigame] [           main] o.apache.catalina.core.StandardEngine    : Starting Servlet engine: [Apache Tomcat/10.1.55]
2026-10-10T12:49:53.043+07:00  INFO 123512 --- [multigame] [           main] o.a.c.c.C.[Tomcat-6].[localhost].[/]     : Initializing Spring embedded WebApplicationContext
2026-10-10T12:49:53.043+07:00  INFO 123512 --- [multigame] [           main] w.s.c.ServletWebServerApplicationContext : Root WebApplicationContext: initialization completed in 202 ms
2026-10-10T12:49:53.069+07:00  INFO 123512 --- [multigame] [           main] com.zaxxer.hikari.HikariDataSource       : HikariPool-11 - Starting...
2026-10-10T12:49:53.077+07:00  INFO 123512 --- [multigame] [           main] com.zaxxer.hikari.pool.HikariPool        : HikariPool-11 - Added connection com.mysql.cj.jdbc.ConnectionImpl@717decb4
2026-10-10T12:49:53.078+07:00  INFO 123512 --- [multigame] [           main] com.zaxxer.hikari.HikariDataSource       : HikariPool-11 - Start completed.
2026-10-10T12:49:53.081+07:00  INFO 123512 --- [multigame] [           main] org.flywaydb.core.FlywayExecutor         : Database: jdbc:mysql://127.0.0.1:3306/quizz_task17_e3d35bca5d4e?connectionTimeZone=UTC&connectTimeout=3000&socketTimeout=3000 (MySQL 8.0)
2026-10-10T12:49:53.091+07:00  INFO 123512 --- [multigame] [           main] o.f.c.i.s.JdbcTableSchemaHistory         : Schema history table `quizz_task17_e3d35bca5d4e`.`flyway_schema_history` does not exist yet
2026-10-10T12:49:53.092+07:00  INFO 123512 --- [multigame] [           main] o.f.core.internal.command.DbValidate     : Successfully validated 7 migrations (execution time 00:00.006s)
2026-10-10T12:49:53.116+07:00  INFO 123512 --- [multigame] [           main] o.f.c.i.s.JdbcTableSchemaHistory         : Creating Schema History table `quizz_task17_e3d35bca5d4e`.`flyway_schema_history` ...
2026-10-10T12:49:53.167+07:00  INFO 123512 --- [multigame] [           main] o.f.core.internal.command.DbMigrate      : Current version of schema `quizz_task17_e3d35bca5d4e`: << Empty Schema >>
2026-10-10T12:49:53.184+07:00  INFO 123512 --- [multigame] [           main] o.f.core.internal.command.DbMigrate      : Migrating schema `quizz_task17_e3d35bca5d4e` to version "1 - quiz domain"
2026-10-10T12:49:53.583+07:00  INFO 123512 --- [multigame] [           main] o.f.core.internal.command.DbMigrate      : Migrating schema `quizz_task17_e3d35bca5d4e` to version "2 - require answer effect snapshots"
2026-10-10T12:49:53.647+07:00  INFO 123512 --- [multigame] [           main] o.f.core.internal.command.DbMigrate      : Migrating schema `quizz_task17_e3d35bca5d4e` to version "3 - decision seven seconds"
2026-10-10T12:49:53.675+07:00  INFO 123512 --- [multigame] [           main] o.f.core.internal.command.DbMigrate      : Migrating schema `quizz_task17_e3d35bca5d4e` to version "4 - multimode data foundation"
2026-10-10T12:49:54.177+07:00  INFO 123512 --- [multigame] [           main] o.f.core.internal.command.DbMigrate      : Migrating schema `quizz_task17_e3d35bca5d4e` to version "5 - room stage plans"
2026-10-10T12:49:54.293+07:00  INFO 123512 --- [multigame] [           main] o.f.core.internal.command.DbMigrate      : Migrating schema `quizz_task17_e3d35bca5d4e` to version "6 - vietnamese arrangement aliases"
2026-10-10T12:49:54.494+07:00  INFO 123512 --- [multigame] [           main] o.f.core.internal.command.DbMigrate      : Migrating schema `quizz_task17_e3d35bca5d4e` to version "7 - released clues"
2026-10-10T12:49:54.579+07:00  INFO 123512 --- [multigame] [           main] o.f.core.internal.command.DbMigrate      : Successfully applied 7 migrations to schema `quizz_task17_e3d35bca5d4e`, now at version v7 (execution time 00:01.294s)
2026-10-10T12:49:54.609+07:00  INFO 123512 --- [multigame] [           main] o.hibernate.jpa.internal.util.LogHelper  : HHH000204: Processing PersistenceUnitInfo [name: default]
2026-10-10T12:49:54.612+07:00  INFO 123512 --- [multigame] [           main] o.h.c.internal.RegionFactoryInitiator    : HHH000026: Second-level cache disabled
2026-10-10T12:49:54.619+07:00  INFO 123512 --- [multigame] [           main] o.s.o.j.p.SpringPersistenceUnitInfo      : No LoadTimeWeaver setup: ignoring JPA class transformer
2026-10-10T12:49:54.621+07:00  INFO 123512 --- [multigame] [           main] org.hibernate.orm.connections.pooling    : HHH10001005: Database info:
	Database JDBC URL [Connecting through datasource 'HikariDataSource (HikariPool-11)']
	Database driver: undefined/unknown
	Database version: 8.0.45
	Autocommit mode: undefined/unknown
	Isolation level: undefined/unknown
	Minimum pool size: undefined/unknown
	Maximum pool size: undefined/unknown
2026-10-10T12:49:54.704+07:00  INFO 123512 --- [multigame] [           main] o.h.e.t.j.p.i.JtaPlatformInitiator       : HHH000489: No JTA platform available (set 'hibernate.transaction.jta.platform' to enable JTA platform integration)
2026-10-10T12:49:54.712+07:00  INFO 123512 --- [multigame] [           main] j.LocalContainerEntityManagerFactoryBean : Initialized JPA EntityManagerFactory for persistence unit 'default'
2026-10-10T12:49:54.894+07:00  INFO 123512 --- [multigame] [           main] r$InitializeUserDetailsManagerConfigurer : Global AuthenticationManager configured with UserDetailsService bean with name accountUserDetailsService
2026-10-10T12:49:54.901+07:00  INFO 123512 --- [multigame] [           main] o.s.b.a.w.s.WelcomePageHandlerMapping    : Adding welcome page: class path resource [static/index.html]
2026-10-10T12:49:55.000+07:00  INFO 123512 --- [multigame] [           main] o.s.b.w.embedded.tomcat.TomcatWebServer  : Tomcat started on port 52040 (http) with context path '/'
2026-10-10T12:49:55.003+07:00  INFO 123512 --- [multigame] [           main] o.a.maven.surefire.booter.ForkedBooter   : Started ForkedBooter in 2.172 seconds (process running for 113.859)
2026-10-10T12:49:55.029+07:00  INFO 123512 --- [multigame] [-auto-10-exec-1] o.a.c.c.C.[Tomcat-6].[localhost].[/]     : Initializing Spring DispatcherServlet 'dispatcherServlet'
2026-10-10T12:49:55.029+07:00  INFO 123512 --- [multigame] [-auto-10-exec-1] o.s.web.servlet.DispatcherServlet        : Initializing Servlet 'dispatcherServlet'
2026-10-10T12:49:55.030+07:00  INFO 123512 --- [multigame] [-auto-10-exec-1] o.s.web.servlet.DispatcherServlet        : Completed initialization in 1 ms
2026-10-10T12:50:03.670+07:00  WARN 123512 --- [multigame] [           main] o.h.engine.jdbc.spi.SqlExceptionHelper   : SQL Error: 1644, SQLState: 45000
2026-10-10T12:50:03.670+07:00 ERROR 123512 --- [multigame] [           main] o.h.engine.jdbc.spi.SqlExceptionHelper   : Task17 injected rollback
2026-10-10T12:50:04.332+07:00  INFO 123512 --- [multigame] [           main] o.s.b.w.e.tomcat.GracefulShutdown        : Commencing graceful shutdown. Waiting for active requests to complete
2026-10-10T12:50:04.333+07:00  INFO 123512 --- [multigame] [tomcat-shutdown] o.s.b.w.e.tomcat.GracefulShutdown        : Graceful shutdown complete
2026-10-10T12:50:04.335+07:00  INFO 123512 --- [multigame] [           main] j.LocalContainerEntityManagerFactoryBean : Closing JPA EntityManagerFactory for persistence unit 'default'
2026-10-10T12:50:04.335+07:00  INFO 123512 --- [multigame] [           main] com.zaxxer.hikari.HikariDataSource       : HikariPool-11 - Shutdown initiated...
2026-10-10T12:50:04.338+07:00  INFO 123512 --- [multigame] [           main] com.zaxxer.hikari.HikariDataSource       : HikariPool-11 - Shutdown completed.
TASK17_MYSQL: configuration/snapshot/races/gate; retained schema=quizz_task17_e3d35bca5d4e
[INFO] Tests run: 10, Failures: 0, Errors: 0, Skipped: 0, Time elapsed: 11.53 s -- in vn.edu.multigame.game.service.MultimodeRoomStartIT
[INFO] Running vn.edu.multigame.game.service.SongLifecycleIT
2026-10-10T12:50:04.342+07:00  INFO 123512 --- [multigame] [           main] t.c.s.AnnotationConfigContextLoaderUtils : Could not detect default configuration classes for test class [vn.edu.multigame.game.service.SongLifecycleIT]: SongLifecycleIT does not declare any static, non-private, non-final, nested classes annotated with @Configuration.
2026-10-10T12:50:04.344+07:00  INFO 123512 --- [multigame] [           main] .b.t.c.SpringBootTestContextBootstrapper : Found @SpringBootConfiguration vn.edu.multigame.MultigameApplication for test class vn.edu.multigame.game.service.SongLifecycleIT

  .   ____          _            __ _ _
 /\\ / ___'_ __ _ _(_)_ __  __ _ \ \ \ \
( ( )\___ | '_ | '_| | '_ \/ _` | \ \ \ \
 \\/  ___)| |_)| | | | | || (_| |  ) ) ) )
  '  |____| .__|_| |_|_| |_\__, | / / / /
 =========|_|==============|___/=/_/_/_/

 :: Spring Boot ::               (v3.5.16)

2026-10-10T12:50:04.365+07:00  INFO 123512 --- [multigame] [           main] v.e.m.game.service.SongLifecycleIT       : Starting SongLifecycleIT using Java 21.0.9 with PID 123512 (started by CodexSandboxOffline in D:\BTL_LTM)
2026-10-10T12:50:04.366+07:00  INFO 123512 --- [multigame] [           main] v.e.m.game.service.SongLifecycleIT       : The following 1 profile is active: "mysql"
2026-10-10T12:50:04.508+07:00  INFO 123512 --- [multigame] [           main] .s.d.r.c.RepositoryConfigurationDelegate : Bootstrapping Spring Data JPA repositories in DEFAULT mode.
2026-10-10T12:50:04.556+07:00  INFO 123512 --- [multigame] [           main] .s.d.r.c.RepositoryConfigurationDelegate : Finished Spring Data repository scanning in 47 ms. Found 13 JPA repository interfaces.
2026-10-10T12:50:04.604+07:00  INFO 123512 --- [multigame] [           main] o.s.b.w.embedded.tomcat.TomcatWebServer  : Tomcat initialized with port 0 (http)
2026-10-10T12:50:04.605+07:00  INFO 123512 --- [multigame] [           main] o.apache.catalina.core.StandardService   : Starting service [Tomcat]
2026-10-10T12:50:04.605+07:00  INFO 123512 --- [multigame] [           main] o.apache.catalina.core.StandardEngine    : Starting Servlet engine: [Apache Tomcat/10.1.55]
2026-10-10T12:50:04.612+07:00  INFO 123512 --- [multigame] [           main] o.a.c.c.C.[Tomcat-6].[localhost].[/]     : Initializing Spring embedded WebApplicationContext
2026-10-10T12:50:04.612+07:00  INFO 123512 --- [multigame] [           main] w.s.c.ServletWebServerApplicationContext : Root WebApplicationContext: initialization completed in 245 ms
2026-10-10T12:50:04.629+07:00  INFO 123512 --- [multigame] [           main] com.zaxxer.hikari.HikariDataSource       : HikariPool-12 - Starting...
2026-10-10T12:50:04.636+07:00  INFO 123512 --- [multigame] [           main] com.zaxxer.hikari.pool.HikariPool        : HikariPool-12 - Added connection com.mysql.cj.jdbc.ConnectionImpl@250761f4
2026-10-10T12:50:04.636+07:00  INFO 123512 --- [multigame] [           main] com.zaxxer.hikari.HikariDataSource       : HikariPool-12 - Start completed.
2026-10-10T12:50:04.638+07:00  INFO 123512 --- [multigame] [           main] org.flywaydb.core.FlywayExecutor         : Database: jdbc:mysql://127.0.0.1:3306/quizz_task2_test?connectionTimeZone=UTC&connectTimeout=3000&socketTimeout=3000 (MySQL 8.0)
2026-10-10T12:50:04.648+07:00  INFO 123512 --- [multigame] [           main] o.f.core.internal.command.DbValidate     : Successfully validated 7 migrations (execution time 00:00.004s)
2026-10-10T12:50:04.653+07:00  INFO 123512 --- [multigame] [           main] o.f.core.internal.command.DbMigrate      : Current version of schema `quizz_task2_test`: 7
2026-10-10T12:50:04.653+07:00  INFO 123512 --- [multigame] [           main] o.f.core.internal.command.DbMigrate      : Schema `quizz_task2_test` is up to date. No migration necessary.
2026-10-10T12:50:04.672+07:00  INFO 123512 --- [multigame] [           main] o.hibernate.jpa.internal.util.LogHelper  : HHH000204: Processing PersistenceUnitInfo [name: default]
2026-10-10T12:50:04.674+07:00  INFO 123512 --- [multigame] [           main] o.h.c.internal.RegionFactoryInitiator    : HHH000026: Second-level cache disabled
2026-10-10T12:50:04.678+07:00  INFO 123512 --- [multigame] [           main] o.s.o.j.p.SpringPersistenceUnitInfo      : No LoadTimeWeaver setup: ignoring JPA class transformer
2026-10-10T12:50:04.680+07:00  INFO 123512 --- [multigame] [           main] org.hibernate.orm.connections.pooling    : HHH10001005: Database info:
	Database JDBC URL [Connecting through datasource 'HikariDataSource (HikariPool-12)']
	Database driver: undefined/unknown
	Database version: 8.0.45
	Autocommit mode: undefined/unknown
	Isolation level: undefined/unknown
	Minimum pool size: undefined/unknown
	Maximum pool size: undefined/unknown
2026-10-10T12:50:04.721+07:00  INFO 123512 --- [multigame] [           main] o.h.e.t.j.p.i.JtaPlatformInitiator       : HHH000489: No JTA platform available (set 'hibernate.transaction.jta.platform' to enable JTA platform integration)
2026-10-10T12:50:04.728+07:00  INFO 123512 --- [multigame] [           main] j.LocalContainerEntityManagerFactoryBean : Initialized JPA EntityManagerFactory for persistence unit 'default'
2026-10-10T12:50:04.865+07:00  INFO 123512 --- [multigame] [           main] r$InitializeUserDetailsManagerConfigurer : Global AuthenticationManager configured with UserDetailsService bean with name accountUserDetailsService
2026-10-10T12:50:04.870+07:00  INFO 123512 --- [multigame] [           main] o.s.b.a.w.s.WelcomePageHandlerMapping    : Adding welcome page: class path resource [static/index.html]
2026-10-10T12:50:04.931+07:00  INFO 123512 --- [multigame] [           main] o.s.b.w.embedded.tomcat.TomcatWebServer  : Tomcat started on port 50323 (http) with context path '/'
2026-10-10T12:50:04.934+07:00  INFO 123512 --- [multigame] [           main] v.e.m.game.service.SongLifecycleIT       : Started SongLifecycleIT in 0.588 seconds (process running for 123.789)
2026-10-10T12:50:04.961+07:00  INFO 123512 --- [multigame] [-auto-11-exec-1] o.a.c.c.C.[Tomcat-6].[localhost].[/]     : Initializing Spring DispatcherServlet 'dispatcherServlet'
2026-10-10T12:50:04.961+07:00  INFO 123512 --- [multigame] [-auto-11-exec-1] o.s.web.servlet.DispatcherServlet        : Initializing Servlet 'dispatcherServlet'
2026-10-10T12:50:04.962+07:00  INFO 123512 --- [multigame] [-auto-11-exec-1] o.s.web.servlet.DispatcherServlet        : Completed initialization in 1 ms
[INFO] Tests run: 3, Failures: 0, Errors: 0, Skipped: 0, Time elapsed: 3.761 s -- in vn.edu.multigame.game.service.SongLifecycleIT
[INFO] Running vn.edu.multigame.questionbank.controller.QuestionBankNetworkIT
2026-10-10T12:50:08.105+07:00  INFO 123512 --- [multigame] [           main] t.c.s.AnnotationConfigContextLoaderUtils : Could not detect default configuration classes for test class [vn.edu.multigame.questionbank.controller.QuestionBankNetworkIT]: QuestionBankNetworkIT does not declare any static, non-private, non-final, nested classes annotated with @Configuration.
2026-10-10T12:50:08.137+07:00  INFO 123512 --- [multigame] [           main] .b.t.c.SpringBootTestContextBootstrapper : Found @SpringBootConfiguration vn.edu.multigame.MultigameApplication for test class vn.edu.multigame.questionbank.controller.QuestionBankNetworkIT

  .   ____          _            __ _ _
 /\\ / ___'_ __ _ _(_)_ __  __ _ \ \ \ \
( ( )\___ | '_ | '_| | '_ \/ _` | \ \ \ \
 \\/  ___)| |_)| | | | | || (_| |  ) ) ) )
  '  |____| .__|_| |_|_| |_\__, | / / / /
 =========|_|==============|___/=/_/_/_/

 :: Spring Boot ::               (v3.5.16)

2026-10-10T12:50:08.158+07:00  INFO 123512 --- [multigame] [           main] v.e.m.q.c.QuestionBankNetworkIT          : Starting QuestionBankNetworkIT using Java 21.0.9 with PID 123512 (started by CodexSandboxOffline in D:\BTL_LTM)
2026-10-10T12:50:08.158+07:00  INFO 123512 --- [multigame] [           main] v.e.m.q.c.QuestionBankNetworkIT          : The following 1 profile is active: "mysql"
2026-10-10T12:50:08.400+07:00  INFO 123512 --- [multigame] [           main] .s.d.r.c.RepositoryConfigurationDelegate : Bootstrapping Spring Data JPA repositories in DEFAULT mode.
2026-10-10T12:50:08.452+07:00  INFO 123512 --- [multigame] [           main] .s.d.r.c.RepositoryConfigurationDelegate : Finished Spring Data repository scanning in 50 ms. Found 13 JPA repository interfaces.
2026-10-10T12:50:08.490+07:00  INFO 123512 --- [multigame] [           main] o.s.b.w.embedded.tomcat.TomcatWebServer  : Tomcat initialized with port 0 (http)
2026-10-10T12:50:08.491+07:00  INFO 123512 --- [multigame] [           main] o.apache.catalina.core.StandardService   : Starting service [Tomcat]
2026-10-10T12:50:08.491+07:00  INFO 123512 --- [multigame] [           main] o.apache.catalina.core.StandardEngine    : Starting Servlet engine: [Apache Tomcat/10.1.55]
2026-10-10T12:50:08.505+07:00  INFO 123512 --- [multigame] [           main] o.a.c.c.C.[Tomcat-7].[localhost].[/]     : Initializing Spring embedded WebApplicationContext
2026-10-10T12:50:08.505+07:00  INFO 123512 --- [multigame] [           main] w.s.c.ServletWebServerApplicationContext : Root WebApplicationContext: initialization completed in 345 ms
2026-10-10T12:50:08.531+07:00  INFO 123512 --- [multigame] [           main] com.zaxxer.hikari.HikariDataSource       : HikariPool-13 - Starting...
2026-10-10T12:50:08.544+07:00  INFO 123512 --- [multigame] [           main] com.zaxxer.hikari.pool.HikariPool        : HikariPool-13 - Added connection com.mysql.cj.jdbc.ConnectionImpl@799519bb
2026-10-10T12:50:08.544+07:00  INFO 123512 --- [multigame] [           main] com.zaxxer.hikari.HikariDataSource       : HikariPool-13 - Start completed.
2026-10-10T12:50:08.547+07:00  INFO 123512 --- [multigame] [           main] org.flywaydb.core.FlywayExecutor         : Database: jdbc:mysql://127.0.0.1:3306/quizz_task2_test?connectionTimeZone=UTC&connectTimeout=3000&socketTimeout=3000 (MySQL 8.0)
2026-10-10T12:50:08.561+07:00  INFO 123512 --- [multigame] [           main] o.f.core.internal.command.DbValidate     : Successfully validated 7 migrations (execution time 00:00.008s)
2026-10-10T12:50:08.567+07:00  INFO 123512 --- [multigame] [           main] o.f.core.internal.command.DbMigrate      : Current version of schema `quizz_task2_test`: 7
2026-10-10T12:50:08.567+07:00  INFO 123512 --- [multigame] [           main] o.f.core.internal.command.DbMigrate      : Schema `quizz_task2_test` is up to date. No migration necessary.
2026-10-10T12:50:08.582+07:00  INFO 123512 --- [multigame] [           main] o.hibernate.jpa.internal.util.LogHelper  : HHH000204: Processing PersistenceUnitInfo [name: default]
2026-10-10T12:50:08.583+07:00  INFO 123512 --- [multigame] [           main] o.h.c.internal.RegionFactoryInitiator    : HHH000026: Second-level cache disabled
2026-10-10T12:50:08.589+07:00  INFO 123512 --- [multigame] [           main] o.s.o.j.p.SpringPersistenceUnitInfo      : No LoadTimeWeaver setup: ignoring JPA class transformer
2026-10-10T12:50:08.591+07:00  INFO 123512 --- [multigame] [           main] org.hibernate.orm.connections.pooling    : HHH10001005: Database info:
	Database JDBC URL [Connecting through datasource 'HikariDataSource (HikariPool-13)']
	Database driver: undefined/unknown
	Database version: 8.0.45
	Autocommit mode: undefined/unknown
	Isolation level: undefined/unknown
	Minimum pool size: undefined/unknown
	Maximum pool size: undefined/unknown
2026-10-10T12:50:08.647+07:00  INFO 123512 --- [multigame] [           main] o.h.e.t.j.p.i.JtaPlatformInitiator       : HHH000489: No JTA platform available (set 'hibernate.transaction.jta.platform' to enable JTA platform integration)
2026-10-10T12:50:08.654+07:00  INFO 123512 --- [multigame] [           main] j.LocalContainerEntityManagerFactoryBean : Initialized JPA EntityManagerFactory for persistence unit 'default'
2026-10-10T12:50:08.809+07:00  INFO 123512 --- [multigame] [           main] r$InitializeUserDetailsManagerConfigurer : Global AuthenticationManager configured with UserDetailsService bean with name accountUserDetailsService
2026-10-10T12:50:08.816+07:00  INFO 123512 --- [multigame] [           main] o.s.b.a.w.s.WelcomePageHandlerMapping    : Adding welcome page: class path resource [static/index.html]
2026-10-10T12:50:08.895+07:00  INFO 123512 --- [multigame] [           main] o.s.b.w.embedded.tomcat.TomcatWebServer  : Tomcat started on port 64977 (http) with context path '/'
2026-10-10T12:50:08.897+07:00  INFO 123512 --- [multigame] [           main] v.e.m.q.c.QuestionBankNetworkIT          : Started QuestionBankNetworkIT in 0.758 seconds (process running for 127.752)
2026-10-10T12:50:08.908+07:00  INFO 123512 --- [multigame] [-auto-12-exec-3] o.a.c.c.C.[Tomcat-7].[localhost].[/]     : Initializing Spring DispatcherServlet 'dispatcherServlet'
2026-10-10T12:50:08.908+07:00  INFO 123512 --- [multigame] [-auto-12-exec-3] o.s.web.servlet.DispatcherServlet        : Initializing Servlet 'dispatcherServlet'
2026-10-10T12:50:08.909+07:00  INFO 123512 --- [multigame] [-auto-12-exec-3] o.s.web.servlet.DispatcherServlet        : Completed initialization in 1 ms
[INFO] Tests run: 10, Failures: 0, Errors: 0, Skipped: 0, Time elapsed: 4.220 s -- in vn.edu.multigame.questionbank.controller.QuestionBankNetworkIT
[INFO] Running vn.edu.multigame.questionbank.service.SampleDataIT
2026-10-10T12:50:12.325+07:00  INFO 123512 --- [multigame] [           main] t.c.s.AnnotationConfigContextLoaderUtils : Could not detect default configuration classes for test class [vn.edu.multigame.questionbank.service.SampleDataIT]: SampleDataIT does not declare any static, non-private, non-final, nested classes annotated with @Configuration.
2026-10-10T12:50:12.340+07:00  INFO 123512 --- [multigame] [           main] .b.t.c.SpringBootTestContextBootstrapper : Found @SpringBootConfiguration vn.edu.multigame.MultigameApplication for test class vn.edu.multigame.questionbank.service.SampleDataIT
[INFO] Tests run: 1, Failures: 0, Errors: 0, Skipped: 0, Time elapsed: 0.701 s -- in vn.edu.multigame.questionbank.service.SampleDataIT
[INFO] Running vn.edu.multigame.room.controller.RoomNetworkIT
2026-10-10T12:50:13.027+07:00  INFO 123512 --- [multigame] [           main] t.c.s.AnnotationConfigContextLoaderUtils : Could not detect default configuration classes for test class [vn.edu.multigame.room.controller.RoomNetworkIT]: RoomNetworkIT does not declare any static, non-private, non-final, nested classes annotated with @Configuration.
2026-10-10T12:50:13.045+07:00  INFO 123512 --- [multigame] [           main] .b.t.c.SpringBootTestContextBootstrapper : Found @SpringBootConfiguration vn.edu.multigame.MultigameApplication for test class vn.edu.multigame.room.controller.RoomNetworkIT

  .   ____          _            __ _ _
 /\\ / ___'_ __ _ _(_)_ __  __ _ \ \ \ \
( ( )\___ | '_ | '_| | '_ \/ _` | \ \ \ \
 \\/  ___)| |_)| | | | | || (_| |  ) ) ) )
  '  |____| .__|_| |_|_| |_\__, | / / / /
 =========|_|==============|___/=/_/_/_/

 :: Spring Boot ::               (v3.5.16)

2026-10-10T12:50:13.066+07:00  INFO 123512 --- [multigame] [           main] v.e.m.room.controller.RoomNetworkIT      : Starting RoomNetworkIT using Java 21.0.9 with PID 123512 (started by CodexSandboxOffline in D:\BTL_LTM)
2026-10-10T12:50:13.066+07:00  INFO 123512 --- [multigame] [           main] v.e.m.room.controller.RoomNetworkIT      : The following 1 profile is active: "mysql"
2026-10-10T12:50:13.209+07:00  INFO 123512 --- [multigame] [           main] .s.d.r.c.RepositoryConfigurationDelegate : Bootstrapping Spring Data JPA repositories in DEFAULT mode.
2026-10-10T12:50:13.250+07:00  INFO 123512 --- [multigame] [           main] .s.d.r.c.RepositoryConfigurationDelegate : Finished Spring Data repository scanning in 39 ms. Found 13 JPA repository interfaces.
2026-10-10T12:50:13.286+07:00  INFO 123512 --- [multigame] [           main] o.s.b.w.embedded.tomcat.TomcatWebServer  : Tomcat initialized with port 0 (http)
2026-10-10T12:50:13.286+07:00  INFO 123512 --- [multigame] [           main] o.apache.catalina.core.StandardService   : Starting service [Tomcat]
2026-10-10T12:50:13.286+07:00  INFO 123512 --- [multigame] [           main] o.apache.catalina.core.StandardEngine    : Starting Servlet engine: [Apache Tomcat/10.1.55]
2026-10-10T12:50:13.293+07:00  INFO 123512 --- [multigame] [           main] o.a.c.c.C.[Tomcat-8].[localhost].[/]     : Initializing Spring embedded WebApplicationContext
2026-10-10T12:50:13.293+07:00  INFO 123512 --- [multigame] [           main] w.s.c.ServletWebServerApplicationContext : Root WebApplicationContext: initialization completed in 226 ms
2026-10-10T12:50:13.313+07:00  INFO 123512 --- [multigame] [           main] com.zaxxer.hikari.HikariDataSource       : HikariPool-14 - Starting...
2026-10-10T12:50:13.321+07:00  INFO 123512 --- [multigame] [           main] com.zaxxer.hikari.pool.HikariPool        : HikariPool-14 - Added connection com.mysql.cj.jdbc.ConnectionImpl@37fbb06a
2026-10-10T12:50:13.321+07:00  INFO 123512 --- [multigame] [           main] com.zaxxer.hikari.HikariDataSource       : HikariPool-14 - Start completed.
2026-10-10T12:50:13.325+07:00  INFO 123512 --- [multigame] [           main] org.flywaydb.core.FlywayExecutor         : Database: jdbc:mysql://127.0.0.1:3306/quizz_task2_test?connectionTimeZone=UTC&connectTimeout=3000&socketTimeout=3000 (MySQL 8.0)
2026-10-10T12:50:13.339+07:00  INFO 123512 --- [multigame] [           main] o.f.core.internal.command.DbValidate     : Successfully validated 7 migrations (execution time 00:00.008s)
2026-10-10T12:50:13.342+07:00  INFO 123512 --- [multigame] [           main] o.f.core.internal.command.DbMigrate      : Current version of schema `quizz_task2_test`: 7
2026-10-10T12:50:13.344+07:00  INFO 123512 --- [multigame] [           main] o.f.core.internal.command.DbMigrate      : Schema `quizz_task2_test` is up to date. No migration necessary.
2026-10-10T12:50:13.357+07:00  INFO 123512 --- [multigame] [           main] o.hibernate.jpa.internal.util.LogHelper  : HHH000204: Processing PersistenceUnitInfo [name: default]
2026-10-10T12:50:13.358+07:00  INFO 123512 --- [multigame] [           main] o.h.c.internal.RegionFactoryInitiator    : HHH000026: Second-level cache disabled
2026-10-10T12:50:13.362+07:00  INFO 123512 --- [multigame] [           main] o.s.o.j.p.SpringPersistenceUnitInfo      : No LoadTimeWeaver setup: ignoring JPA class transformer
2026-10-10T12:50:13.363+07:00  INFO 123512 --- [multigame] [           main] org.hibernate.orm.connections.pooling    : HHH10001005: Database info:
	Database JDBC URL [Connecting through datasource 'HikariDataSource (HikariPool-14)']
	Database driver: undefined/unknown
	Database version: 8.0.45
	Autocommit mode: undefined/unknown
	Isolation level: undefined/unknown
	Minimum pool size: undefined/unknown
	Maximum pool size: undefined/unknown
2026-10-10T12:50:13.408+07:00  INFO 123512 --- [multigame] [           main] o.h.e.t.j.p.i.JtaPlatformInitiator       : HHH000489: No JTA platform available (set 'hibernate.transaction.jta.platform' to enable JTA platform integration)
2026-10-10T12:50:13.415+07:00  INFO 123512 --- [multigame] [           main] j.LocalContainerEntityManagerFactoryBean : Initialized JPA EntityManagerFactory for persistence unit 'default'
2026-10-10T12:50:13.645+07:00  INFO 123512 --- [multigame] [           main] r$InitializeUserDetailsManagerConfigurer : Global AuthenticationManager configured with UserDetailsService bean with name accountUserDetailsService
2026-10-10T12:50:13.654+07:00  INFO 123512 --- [multigame] [           main] o.s.b.a.w.s.WelcomePageHandlerMapping    : Adding welcome page: class path resource [static/index.html]
2026-10-10T12:50:13.737+07:00  INFO 123512 --- [multigame] [           main] o.s.b.w.embedded.tomcat.TomcatWebServer  : Tomcat started on port 59790 (http) with context path '/'
2026-10-10T12:50:13.739+07:00  INFO 123512 --- [multigame] [           main] v.e.m.room.controller.RoomNetworkIT      : Started RoomNetworkIT in 0.692 seconds (process running for 132.595)
2026-10-10T12:50:13.753+07:00  INFO 123512 --- [multigame] [-auto-13-exec-1] o.a.c.c.C.[Tomcat-8].[localhost].[/]     : Initializing Spring DispatcherServlet 'dispatcherServlet'
2026-10-10T12:50:13.753+07:00  INFO 123512 --- [multigame] [-auto-13-exec-1] o.s.web.servlet.DispatcherServlet        : Initializing Servlet 'dispatcherServlet'
2026-10-10T12:50:13.754+07:00  INFO 123512 --- [multigame] [-auto-13-exec-1] o.s.web.servlet.DispatcherServlet        : Completed initialization in 1 ms
[INFO] Tests run: 13, Failures: 0, Errors: 0, Skipped: 0, Time elapsed: 7.429 s -- in vn.edu.multigame.room.controller.RoomNetworkIT
[INFO] Running vn.edu.multigame.system.controller.MySqlSmokeIT
2026-10-10T12:50:20.458+07:00  INFO 123512 --- [multigame] [           main] t.c.s.AnnotationConfigContextLoaderUtils : Could not detect default configuration classes for test class [vn.edu.multigame.system.controller.MySqlSmokeIT]: MySqlSmokeIT does not declare any static, non-private, non-final, nested classes annotated with @Configuration.
2026-10-10T12:50:20.472+07:00  INFO 123512 --- [multigame] [           main] .b.t.c.SpringBootTestContextBootstrapper : Found @SpringBootConfiguration vn.edu.multigame.MultigameApplication for test class vn.edu.multigame.system.controller.MySqlSmokeIT

  .   ____          _            __ _ _
 /\\ / ___'_ __ _ _(_)_ __  __ _ \ \ \ \
( ( )\___ | '_ | '_| | '_ \/ _` | \ \ \ \
 \\/  ___)| |_)| | | | | || (_| |  ) ) ) )
  '  |____| .__|_| |_|_| |_\__, | / / / /
 =========|_|==============|___/=/_/_/_/

 :: Spring Boot ::               (v3.5.16)

2026-10-10T12:50:20.490+07:00  INFO 123512 --- [multigame] [           main] v.e.m.system.controller.MySqlSmokeIT     : Starting MySqlSmokeIT using Java 21.0.9 with PID 123512 (started by CodexSandboxOffline in D:\BTL_LTM)
2026-10-10T12:50:20.490+07:00  INFO 123512 --- [multigame] [           main] v.e.m.system.controller.MySqlSmokeIT     : The following 1 profile is active: "mysql"
2026-10-10T12:50:20.653+07:00  INFO 123512 --- [multigame] [           main] .s.d.r.c.RepositoryConfigurationDelegate : Bootstrapping Spring Data JPA repositories in DEFAULT mode.
2026-10-10T12:50:20.706+07:00  INFO 123512 --- [multigame] [           main] .s.d.r.c.RepositoryConfigurationDelegate : Finished Spring Data repository scanning in 51 ms. Found 13 JPA repository interfaces.
2026-10-10T12:50:20.758+07:00  INFO 123512 --- [multigame] [           main] o.s.b.w.embedded.tomcat.TomcatWebServer  : Tomcat initialized with port 0 (http)
2026-10-10T12:50:20.759+07:00  INFO 123512 --- [multigame] [           main] o.apache.catalina.core.StandardService   : Starting service [Tomcat]
2026-10-10T12:50:20.759+07:00  INFO 123512 --- [multigame] [           main] o.apache.catalina.core.StandardEngine    : Starting Servlet engine: [Apache Tomcat/10.1.55]
2026-10-10T12:50:20.770+07:00  INFO 123512 --- [multigame] [           main] o.a.c.c.C.[Tomcat-9].[localhost].[/]     : Initializing Spring embedded WebApplicationContext
2026-10-10T12:50:20.770+07:00  INFO 123512 --- [multigame] [           main] w.s.c.ServletWebServerApplicationContext : Root WebApplicationContext: initialization completed in 280 ms
2026-10-10T12:50:20.793+07:00  INFO 123512 --- [multigame] [           main] com.zaxxer.hikari.HikariDataSource       : HikariPool-15 - Starting...
2026-10-10T12:50:20.801+07:00  INFO 123512 --- [multigame] [           main] com.zaxxer.hikari.pool.HikariPool        : HikariPool-15 - Added connection com.mysql.cj.jdbc.ConnectionImpl@28b69101
2026-10-10T12:50:20.801+07:00  INFO 123512 --- [multigame] [           main] com.zaxxer.hikari.HikariDataSource       : HikariPool-15 - Start completed.
2026-10-10T12:50:20.803+07:00  INFO 123512 --- [multigame] [           main] org.flywaydb.core.FlywayExecutor         : Database: jdbc:mysql://127.0.0.1:3306/quizz_task2_test?connectionTimeZone=UTC&connectTimeout=3000&socketTimeout=3000 (MySQL 8.0)
2026-10-10T12:50:20.813+07:00  INFO 123512 --- [multigame] [           main] o.f.core.internal.command.DbValidate     : Successfully validated 7 migrations (execution time 00:00.006s)
2026-10-10T12:50:20.818+07:00  INFO 123512 --- [multigame] [           main] o.f.core.internal.command.DbMigrate      : Current version of schema `quizz_task2_test`: 7
2026-10-10T12:50:20.819+07:00  INFO 123512 --- [multigame] [           main] o.f.core.internal.command.DbMigrate      : Schema `quizz_task2_test` is up to date. No migration necessary.
2026-10-10T12:50:20.840+07:00  INFO 123512 --- [multigame] [           main] o.hibernate.jpa.internal.util.LogHelper  : HHH000204: Processing PersistenceUnitInfo [name: default]
2026-10-10T12:50:20.840+07:00  INFO 123512 --- [multigame] [           main] o.h.c.internal.RegionFactoryInitiator    : HHH000026: Second-level cache disabled
2026-10-10T12:50:20.845+07:00  INFO 123512 --- [multigame] [           main] o.s.o.j.p.SpringPersistenceUnitInfo      : No LoadTimeWeaver setup: ignoring JPA class transformer
2026-10-10T12:50:20.846+07:00  INFO 123512 --- [multigame] [           main] org.hibernate.orm.connections.pooling    : HHH10001005: Database info:
	Database JDBC URL [Connecting through datasource 'HikariDataSource (HikariPool-15)']
	Database driver: undefined/unknown
	Database version: 8.0.45
	Autocommit mode: undefined/unknown
	Isolation level: undefined/unknown
	Minimum pool size: undefined/unknown
	Maximum pool size: undefined/unknown
2026-10-10T12:50:20.895+07:00  INFO 123512 --- [multigame] [           main] o.h.e.t.j.p.i.JtaPlatformInitiator       : HHH000489: No JTA platform available (set 'hibernate.transaction.jta.platform' to enable JTA platform integration)
2026-10-10T12:50:20.903+07:00  INFO 123512 --- [multigame] [           main] j.LocalContainerEntityManagerFactoryBean : Initialized JPA EntityManagerFactory for persistence unit 'default'
2026-10-10T12:50:21.043+07:00  INFO 123512 --- [multigame] [           main] r$InitializeUserDetailsManagerConfigurer : Global AuthenticationManager configured with UserDetailsService bean with name accountUserDetailsService
2026-10-10T12:50:21.047+07:00  INFO 123512 --- [multigame] [           main] o.s.b.a.w.s.WelcomePageHandlerMapping    : Adding welcome page: class path resource [static/index.html]
2026-10-10T12:50:21.105+07:00  INFO 123512 --- [multigame] [           main] o.s.b.w.embedded.tomcat.TomcatWebServer  : Tomcat started on port 53513 (http) with context path '/'
2026-10-10T12:50:21.107+07:00  INFO 123512 --- [multigame] [           main] v.e.m.system.controller.MySqlSmokeIT     : Started MySqlSmokeIT in 0.633 seconds (process running for 139.962)
2026-10-10T12:50:21.117+07:00  INFO 123512 --- [multigame] [-auto-14-exec-1] o.a.c.c.C.[Tomcat-9].[localhost].[/]     : Initializing Spring DispatcherServlet 'dispatcherServlet'
2026-10-10T12:50:21.117+07:00  INFO 123512 --- [multigame] [-auto-14-exec-1] o.s.web.servlet.DispatcherServlet        : Initializing Servlet 'dispatcherServlet'
2026-10-10T12:50:21.118+07:00  INFO 123512 --- [multigame] [-auto-14-exec-1] o.s.web.servlet.DispatcherServlet        : Completed initialization in 1 ms
MYSQL_SMOKE: product=MySQL, version=8.0.45, database=quizz_task2_test
[INFO] Tests run: 2, Failures: 0, Errors: 0, Skipped: 0, Time elapsed: 0.719 s -- in vn.edu.multigame.system.controller.MySqlSmokeIT
[INFO] 
[INFO] Results:
[INFO] 
[INFO] Tests run: 149, Failures: 0, Errors: 0, Skipped: 0
[INFO] 
[INFO] 
[INFO] --- failsafe:3.5.6:verify (default) @ multigame ---
[INFO] ------------------------------------------------------------------------
[INFO] BUILD SUCCESS
[INFO] ------------------------------------------------------------------------
[INFO] Total time:  02:46 min
[INFO] Finished at: 2026-10-10T12:50:22+07:00
[INFO] ------------------------------------------------------------------------
