"path","purpose_group","git_status","reference_kind_and_files","decision"
".cache/","project_root_or_tooling","ignored","no literal reference found; not proof of unused","retain: see audit; credentials/media/private profiles excluded from handoff"
".git/","project_root_or_tooling","group or untracked","no literal reference found; not proof of unused","retain"
".gitattributes","project_root_or_tooling","tracked unchanged","path:docs/project-status.md; path:target/task25-before-manifest.json","retain"
".gitignore","project_root_or_tooling","M","path:docs/implementation-decisions.md; path:docs/project-status.md; path:experiments/handoff/2026-10-10-seven-modes/task22-evidence.json; path:experiments/handoff/historical-task15-evidence-index.md; path:target/task22-evidence.json; path:target/task25-before-manifest.json","retain"
".idea/","project_root_or_tooling","ignored","no literal reference found; not proof of unused","retain: see audit; credentials/media/private profiles excluded from handoff"
".mvn/","project_root_or_tooling","group or untracked","no literal reference found; not proof of unused","retain"
".vscode/","project_root_or_tooling","ignored","no literal reference found; not proof of unused","retain: see audit; credentials/media/private profiles excluded from handoff"
"1.sql","project_root_or_tooling","tracked unchanged","path:docs/implementation-decisions.md; path:docs/project-status.md; path:experiments/handoff/2026-10-10-seven-modes/task21-evidence.json; path:experiments/handoff/2026-10-10-seven-modes/task22-evidence.json; path:experiments/handoff/2026-10-10-seven-modes/task23-evidence.json; path:experiments/handoff/2026-10-10-seven-modes/task24-evidence.json; path:target/task21-evidence.json; path:target/task22-evidence.json; path:target/task23-evidence.json; path:target/task24-evidence.json","retain"
"1.txt","project_root_or_tooling","M","path:docs/implementation-decisions.md; path:docs/project-status.md; path:experiments/handoff/2026-10-10-seven-modes/task21-evidence.json; path:experiments/handoff/2026-10-10-seven-modes/task22-evidence.json; path:experiments/handoff/2026-10-10-seven-modes/task23-evidence.json; path:experiments/handoff/2026-10-10-seven-modes/task24-evidence.json; path:target/task21-evidence.json; path:target/task22-evidence.json; path:target/task23-evidence.json; path:target/task24-evidence.json","retain"
"config/application-local.properties","configuration","ignored","path:docs/implementation-decisions.md; path:docs/project-status.md; path:experiments/handoff/2026-10-10-seven-modes/task22-evidence.json; path:experiments/handoff/evidence.json; path:experiments/results/2026-10-10-multimode-loopback/environment.json; path:scripts/collect-handoff-evidence.py; path:src/test/java/vn/edu/quiz/game/repository/MultimodeMigrationIT.java; path:src/test/java/vn/edu/quiz/game/service/MultimodeRoomStartIT.java; path:README.md; path:src/main/resources/application-mysql.yml; path:target/task22-evidence.json; filename:target/task25-before-manifest.json","retain: see audit; credentials/media/private profiles excluded from handoff"
"config/application-local.properties.example","configuration","M","path:docs/project-status.md; path:experiments/handoff/2026-10-10-seven-modes/task22-evidence.json; path:experiments/handoff/evidence.json; path:experiments/results/2026-10-10-multimode-loopback/environment.json; path:scripts/collect-handoff-evidence.py; path:README.md; path:target/task22-evidence.json; filename:target/task25-before-manifest.json","retain"
"data/quiz-images/","user_media","ignored","no literal reference found; not proof of unused","retain: see audit; credentials/media/private profiles excluded from handoff"
"data/quiz-videos/","user_media","ignored","no literal reference found; not proof of unused","retain: see audit; credentials/media/private profiles excluded from handoff"
"docs/assets/gameplay-2026-10-07/decision.png","document_or_report_asset","tracked unchanged","filename:docs/project-status.md; filename:scripts/test-game-client.py","retain"
"docs/assets/gameplay-2026-10-07/final.png","document_or_report_asset","tracked unchanged","filename:docs/project-status.md; filename:experiments/handoff/2026-10-10-seven-modes/task23-evidence.json; filename:experiments/handoff/historical-task15-evidence-index.md; filename:experiments/handoff/sha256.json; filename:scripts/collect-handoff-evidence.py; filename:scripts/test-arrangement-client.py; filename:scripts/test-clues-client.py; filename:scripts/test-game-client.py; filename:scripts/test-image-word-client.py; filename:scripts/test-song-client.py; filename:target/task23-evidence.json","retain"
"docs/assets/gameplay-2026-10-07/game-mobile.png","document_or_report_asset","tracked unchanged","filename:docs/project-status.md; filename:scripts/test-game-client.py","retain"
"docs/assets/gameplay-2026-10-07/history-mobile.png","document_or_report_asset","tracked unchanged","filename:docs/final-report.md; filename:docs/project-status.md; filename:experiments/handoff/2026-10-10-seven-modes/archive-map.json; filename:experiments/handoff/2026-10-10-seven-modes/task23-evidence.json; filename:experiments/handoff/2026-10-10-seven-modes/task24-evidence.json; filename:experiments/handoff/evidence-index.md; filename:experiments/handoff/historical-task15-evidence-index.md; filename:experiments/handoff/sha256.json; filename:scripts/collect-handoff-evidence.py; filename:scripts/test-arrangement-client.py; filename:scripts/test-clues-client.py; filename:scripts/test-game-client.py; filename:scripts/test-image-word-client.py; filename:scripts/test-multimode-client.py; filename:scripts/test-seven-modes-client.py; filename:scripts/test-song-client.py; filename:target/task23-evidence.json; filename:target/task24-evidence.json","retain"
"docs/assets/gameplay-2026-10-07/result.png","document_or_report_asset","tracked unchanged","filename:docs/project-status.md; filename:scripts/test-arrangement-client.py; filename:scripts/test-game-client.py; filename:scripts/test-multimode-client.py","retain"
"docs/codebase-guide.md","document_or_report_asset","M","filename:docs/final-report.md; path:README.md","retain"
"docs/course-requirements-checklist.md","document_or_report_asset","M","filename:docs/final-report.md; filename:docs/project-status.md; path:experiments/handoff/evidence-index.md; path:experiments/handoff/historical-task15-evidence-index.md; path:README.md; path:TASKS.md; filename:KHAO_SAT_MO_RONG_7_CHE_DO.md","retain"
"docs/database-schema.md","document_or_report_asset","M","filename:docs/codebase-guide.md; filename:docs/final-report.md; filename:docs/implementation-decisions.md; filename:docs/project-status.md; path:README.md","retain"
"docs/final-report.md","document_or_report_asset","M","filename:docs/codebase-guide.md; filename:docs/course-requirements-checklist.md; filename:docs/gameplay-rules.md; filename:docs/project-status.md; path:experiments/handoff/evidence-index.md; path:README.md; path:KHAO_SAT_MO_RONG_7_CHE_DO.md","retain"
"docs/gameplay-rules.md","document_or_report_asset","M","filename:docs/codebase-guide.md; filename:docs/final-report.md; filename:docs/implementation-decisions.md; path:docs/project-status.md; path:README.md; path:TASKS.md; path:KHAO_SAT_MO_RONG_7_CHE_DO.md; path:target/task25-before-manifest.json; path:target/task3-before-manifest.json; path:target/task4-before-manifest.json; path:target/task5-protected-manifest.json; filename:target/task6-before-manifest.json","retain"
"docs/implementation-decisions.md","document_or_report_asset","M","filename:docs/codebase-guide.md; filename:docs/final-report.md; filename:docs/gameplay-rules.md; path:docs/project-status.md; path:experiments/handoff/2026-10-10-seven-modes/task21-evidence.json; path:experiments/handoff/2026-10-10-seven-modes/task22-evidence.json; path:experiments/handoff/2026-10-10-seven-modes/task23-evidence.json; path:README.md; path:TASKS.md; path:TASKS_MO_RONG_7_CHE_DO.md; path:KHAO_SAT_MO_RONG_7_CHE_DO.md; path:target/task21-evidence.json; path:target/task22-evidence.json; path:target/task23-evidence.json","retain"
"docs/project-status.md","document_or_report_asset","M","filename:docs/implementation-decisions.md; filename:docs/rest-api-contract.md; filename:docs/websocket-contract.md; path:experiments/experiment-protocol.md; path:experiments/handoff/2026-10-10-seven-modes/task21-evidence.json; path:experiments/handoff/2026-10-10-seven-modes/task22-evidence.json; path:experiments/handoff/2026-10-10-seven-modes/task23-evidence.json; path:experiments/handoff/2026-10-10-seven-modes/task24-evidence.json; path:experiments/handoff/historical-task15-evidence-index.md; path:README.md; path:TASKS.md; path:TASKS_MO_RONG_7_CHE_DO.md; path:KHAO_SAT_MO_RONG_7_CHE_DO.md; path:target/task21-evidence.json; path:target/task22-evidence.json; path:target/task23-evidence.json; path:target/task24-evidence.json","retain"
"docs/rest-api-contract.md","document_or_report_asset","M","filename:docs/codebase-guide.md; filename:docs/database-schema.md; filename:docs/final-report.md; path:docs/implementation-decisions.md; path:docs/project-status.md; filename:docs/websocket-contract.md; path:experiments/handoff/2026-10-10-seven-modes/task21-evidence.json; path:experiments/handoff/2026-10-10-seven-modes/task22-evidence.json; path:experiments/handoff/2026-10-10-seven-modes/task23-evidence.json; path:README.md; path:TASKS.md; path:TASKS_MO_RONG_7_CHE_DO.md; path:KHAO_SAT_MO_RONG_7_CHE_DO.md; path:target/task21-evidence.json; path:target/task22-evidence.json; path:target/task23-evidence.json; filename:target/task6-before-manifest.json; filename:target/task7-before-manifest.json; filename:target/task8-before-manifest.json","retain"
"docs/team-contributions.md","document_or_report_asset","M","filename:docs/final-report.md; filename:docs/project-status.md; path:experiments/handoff/historical-task15-evidence-index.md; path:README.md; filename:KHAO_SAT_MO_RONG_7_CHE_DO.md","retain"
"docs/websocket-contract.md","document_or_report_asset","M","filename:docs/codebase-guide.md; filename:docs/database-schema.md; filename:docs/final-report.md; path:docs/implementation-decisions.md; filename:docs/project-status.md; filename:docs/rest-api-contract.md; path:experiments/handoff/2026-10-10-seven-modes/task21-evidence.json; path:experiments/handoff/2026-10-10-seven-modes/task22-evidence.json; path:experiments/handoff/2026-10-10-seven-modes/task23-evidence.json; path:experiments/handoff/2026-10-10-seven-modes/task24-evidence.json; path:README.md; path:TASKS.md; path:TASKS_MO_RONG_7_CHE_DO.md; path:KHAO_SAT_MO_RONG_7_CHE_DO.md; path:target/task21-evidence.json; path:target/task22-evidence.json; path:target/task23-evidence.json; path:target/task24-evidence.json; filename:target/task6-before-manifest.json; filename:target/task7-before-manifest.json; filename:target/task8-before-manifest.json","retain"
"experiments/experiment-protocol.md","measurement_or_handoff","M","path:docs/codebase-guide.md; path:docs/final-report.md; path:docs/project-status.md; filename:experiments/handoff/evidence-index.md; filename:experiments/handoff/historical-task15-evidence-index.md; path:README.md; path:KHAO_SAT_MO_RONG_7_CHE_DO.md","retain"
"experiments/handoff/2026-10-10-seven-modes/archive-map.json","measurement_or_handoff","??","path:docs/final-report.md; path:docs/team-contributions.md; filename:experiments/handoff/evidence-index.md","retain"
"experiments/handoff/2026-10-10-seven-modes/handoff25-browser.log","measurement_or_handoff","??","no literal reference found; not proof of unused","retain"
"experiments/handoff/2026-10-10-seven-modes/handoff25-build-client.json","measurement_or_handoff","??","no literal reference found; not proof of unused","retain"
"experiments/handoff/2026-10-10-seven-modes/handoff25-client-tests.json","measurement_or_handoff","??","filename:experiments/handoff/evidence-index.md","retain"
"experiments/handoff/2026-10-10-seven-modes/handoff25-evidence.json","measurement_or_handoff","untracked new","Task25 report/index/manifest, see audit","retain evidence or reproducible verification; no automatic deletion"
"experiments/handoff/2026-10-10-seven-modes/handoff25-image-fixture.png","measurement_or_handoff","??","no literal reference found; not proof of unused","retain"
"experiments/handoff/2026-10-10-seven-modes/handoff25-mysql-smoke.sql","measurement_or_handoff","??","filename:experiments/handoff/evidence-index.md","retain"
"experiments/handoff/2026-10-10-seven-modes/handoff25-mysql-smoke.tsv","measurement_or_handoff","??","no literal reference found; not proof of unused","retain"
"experiments/handoff/2026-10-10-seven-modes/handoff25-package.log","measurement_or_handoff","??","filename:experiments/handoff/evidence-index.md","retain"
"experiments/handoff/2026-10-10-seven-modes/handoff25-preservation-check.sql","measurement_or_handoff","untracked new","Task25 manifest/evidence index","retain evidence"
"experiments/handoff/2026-10-10-seven-modes/handoff25-preservation-check.tsv","measurement_or_handoff","untracked new","Task25 manifest/evidence index","retain evidence"
"experiments/handoff/2026-10-10-seven-modes/handoff25-readiness.json","measurement_or_handoff","??","no literal reference found; not proof of unused","retain"
"experiments/handoff/2026-10-10-seven-modes/handoff25-sample.properties","measurement_or_handoff","??","filename:experiments/handoff/evidence-index.md","retain"
"experiments/handoff/2026-10-10-seven-modes/handoff25-seven-history-mobile.png","measurement_or_handoff","??","path:docs/final-report.md; filename:experiments/handoff/evidence-index.md","retain"
"experiments/handoff/2026-10-10-seven-modes/handoff25-smoke-server.log","measurement_or_handoff","??","no literal reference found; not proof of unused","retain"
"experiments/handoff/2026-10-10-seven-modes/sha256.json","measurement_or_handoff","untracked new","Task25 manifest/evidence index","retain evidence"
"experiments/handoff/2026-10-10-seven-modes/task21-client-tests.json","measurement_or_handoff","??","filename:docs/project-status.md; path:experiments/handoff/2026-10-10-seven-modes/archive-map.json; filename:experiments/handoff/2026-10-10-seven-modes/task21-evidence.json; filename:scripts/test-image-word-client.py; filename:target/task21-evidence.json","retain"
"experiments/handoff/2026-10-10-seven-modes/task21-evidence.json","measurement_or_handoff","??","filename:docs/project-status.md; path:experiments/handoff/2026-10-10-seven-modes/archive-map.json; filename:experiments/handoff/2026-10-10-seven-modes/task24-evidence.json; filename:target/task24-evidence.json","retain"
"experiments/handoff/2026-10-10-seven-modes/task21-missing-image-mobile.png","measurement_or_handoff","??","path:experiments/handoff/2026-10-10-seven-modes/archive-map.json; filename:scripts/test-image-word-client.py","retain"
"experiments/handoff/2026-10-10-seven-modes/task22-client-tests.json","measurement_or_handoff","??","filename:docs/project-status.md; path:experiments/handoff/2026-10-10-seven-modes/archive-map.json; filename:experiments/handoff/2026-10-10-seven-modes/task22-evidence.json; filename:scripts/test-song-client.py; filename:target/task22-evidence.json","retain"
"experiments/handoff/2026-10-10-seven-modes/task22-evidence.json","measurement_or_handoff","??","filename:docs/project-status.md; path:experiments/handoff/2026-10-10-seven-modes/archive-map.json; filename:experiments/handoff/2026-10-10-seven-modes/task24-evidence.json; filename:target/task24-evidence.json","retain"
"experiments/handoff/2026-10-10-seven-modes/task22-missing-video-mobile.png","measurement_or_handoff","??","path:experiments/handoff/2026-10-10-seven-modes/archive-map.json; filename:scripts/test-song-client.py","retain"
"experiments/handoff/2026-10-10-seven-modes/task23-client-tests.json","measurement_or_handoff","??","filename:docs/project-status.md; path:experiments/handoff/2026-10-10-seven-modes/archive-map.json; filename:experiments/handoff/2026-10-10-seven-modes/task23-evidence.json; filename:scripts/test-clues-client.py; filename:target/task23-evidence.json","retain"
"experiments/handoff/2026-10-10-seven-modes/task23-evidence.json","measurement_or_handoff","??","filename:docs/project-status.md; path:experiments/handoff/2026-10-10-seven-modes/archive-map.json; filename:experiments/handoff/2026-10-10-seven-modes/task24-evidence.json; filename:target/task24-evidence.json","retain"
"experiments/handoff/2026-10-10-seven-modes/task24-browser-db.sql","measurement_or_handoff","??","path:experiments/handoff/2026-10-10-seven-modes/archive-map.json; filename:experiments/handoff/2026-10-10-seven-modes/task24-evidence.json; filename:target/task24-evidence.json","retain"
"experiments/handoff/2026-10-10-seven-modes/task24-browser-db.tsv","measurement_or_handoff","??","filename:docs/project-status.md; path:experiments/handoff/2026-10-10-seven-modes/archive-map.json; filename:experiments/handoff/2026-10-10-seven-modes/task24-evidence.json; filename:target/task24-evidence.json","retain"
"experiments/handoff/2026-10-10-seven-modes/task24-browser.log","measurement_or_handoff","??","path:experiments/handoff/2026-10-10-seven-modes/archive-map.json; filename:experiments/handoff/2026-10-10-seven-modes/task24-evidence.json; filename:target/task24-evidence.json","retain"
"experiments/handoff/2026-10-10-seven-modes/task24-client-tests.json","measurement_or_handoff","??","filename:docs/project-status.md; path:experiments/handoff/2026-10-10-seven-modes/archive-map.json; filename:experiments/handoff/2026-10-10-seven-modes/task24-evidence.json; filename:README.md; filename:target/task24-evidence.json","retain"
"experiments/handoff/2026-10-10-seven-modes/task24-evidence.json","measurement_or_handoff","??","filename:docs/project-status.md; path:experiments/handoff/2026-10-10-seven-modes/archive-map.json","retain"
"experiments/handoff/2026-10-10-seven-modes/task24-focused.log","measurement_or_handoff","??","path:experiments/handoff/2026-10-10-seven-modes/archive-map.json; filename:experiments/handoff/2026-10-10-seven-modes/task24-evidence.json; filename:target/task24-evidence.json","retain"
"experiments/handoff/2026-10-10-seven-modes/task24-full-verify.log","measurement_or_handoff","??","filename:docs/project-status.md; path:experiments/handoff/2026-10-10-seven-modes/archive-map.json; filename:experiments/handoff/2026-10-10-seven-modes/task24-evidence.json; filename:target/task24-evidence.json","retain"
"experiments/handoff/2026-10-10-seven-modes/task24-image-fixture.png","measurement_or_handoff","??","path:experiments/handoff/2026-10-10-seven-modes/archive-map.json; filename:experiments/handoff/2026-10-10-seven-modes/task24-evidence.json; filename:target/task24-evidence.json","retain"
"experiments/handoff/2026-10-10-seven-modes/task24-legacy-migration.sql","measurement_or_handoff","??","path:experiments/handoff/2026-10-10-seven-modes/archive-map.json; filename:experiments/handoff/2026-10-10-seven-modes/task24-evidence.json; filename:target/task24-evidence.json","retain"
"experiments/handoff/2026-10-10-seven-modes/task24-legacy-migration.tsv","measurement_or_handoff","??","path:experiments/handoff/2026-10-10-seven-modes/archive-map.json; filename:experiments/handoff/2026-10-10-seven-modes/task24-evidence.json; filename:target/task24-evidence.json","retain"
"experiments/handoff/2026-10-10-seven-modes/task24-server.log","measurement_or_handoff","??","path:experiments/handoff/2026-10-10-seven-modes/archive-map.json; filename:experiments/handoff/2026-10-10-seven-modes/task24-evidence.json; filename:target/task24-evidence.json","retain"
"experiments/handoff/2026-10-10-seven-modes/task24-seven-history-mobile.png","measurement_or_handoff","??","path:experiments/handoff/2026-10-10-seven-modes/archive-map.json; filename:experiments/handoff/2026-10-10-seven-modes/task24-evidence.json; filename:target/task24-evidence.json","retain"
"experiments/handoff/artifact-audit.csv","measurement_or_handoff","untracked new","Task25 report/index/manifest, see audit","retain evidence or reproducible verification; no automatic deletion"
"experiments/handoff/artifact-audit.md","measurement_or_handoff","??","path:docs/course-requirements-checklist.md; path:docs/final-report.md; path:docs/project-status.md; filename:experiments/handoff/evidence-index.md; path:README.md","retain"
"experiments/handoff/evidence-index.md","measurement_or_handoff","M","path:docs/codebase-guide.md; path:docs/course-requirements-checklist.md; path:docs/final-report.md; path:docs/project-status.md; path:docs/team-contributions.md; filename:experiments/handoff/sha256.json; filename:scripts/collect-handoff-evidence.py; path:README.md","retain"
"experiments/handoff/evidence.json","measurement_or_handoff","tracked unchanged","filename:docs/project-status.md; filename:experiments/handoff/2026-10-10-seven-modes/archive-map.json; filename:experiments/handoff/2026-10-10-seven-modes/task24-evidence.json; filename:experiments/handoff/evidence-index.md; filename:experiments/handoff/historical-task14-review-evidence.json; filename:experiments/handoff/historical-task15-evidence-index.md; filename:experiments/handoff/sha256.json; filename:scripts/collect-handoff-evidence.py; filename:target/task14-review-evidence.json; filename:target/task24-evidence.json","retain"
"experiments/handoff/fresh-migrations.log","measurement_or_handoff","tracked unchanged","filename:experiments/handoff/historical-task15-evidence-index.md; filename:experiments/handoff/sha256.json; filename:scripts/collect-handoff-evidence.py","retain"
"experiments/handoff/historical-task13-evidence.json","measurement_or_handoff","tracked unchanged","filename:experiments/handoff/historical-task15-evidence-index.md; filename:experiments/handoff/sha256.json","retain"
"experiments/handoff/historical-task13-test-summary.json","measurement_or_handoff","tracked unchanged","filename:experiments/handoff/historical-task15-evidence-index.md; filename:experiments/handoff/sha256.json","retain"
"experiments/handoff/historical-task14-review-evidence.json","measurement_or_handoff","tracked unchanged","filename:experiments/handoff/historical-task15-evidence-index.md; filename:experiments/handoff/sha256.json","retain"
"experiments/handoff/historical-task15-evidence-index.md","measurement_or_handoff","??","path:docs/final-report.md; filename:experiments/handoff/evidence-index.md","retain"
"experiments/handoff/sha256.json","measurement_or_handoff","tracked unchanged","filename:experiments/experiment-protocol.md; filename:experiments/handoff/evidence-index.md; filename:experiments/handoff/historical-task15-evidence-index.md; filename:scripts/collect-handoff-evidence.py; filename:scripts/summarize-experiment.py","retain"
"experiments/handoff/task15-client-tests.json","measurement_or_handoff","tracked unchanged","filename:experiments/handoff/historical-task15-evidence-index.md; filename:experiments/handoff/sha256.json; filename:scripts/collect-handoff-evidence.py; filename:README.md","retain"
"experiments/handoff/task15-client.log","measurement_or_handoff","tracked unchanged","filename:experiments/handoff/historical-task15-evidence-index.md; filename:experiments/handoff/sha256.json; filename:scripts/collect-handoff-evidence.py","retain"
"experiments/handoff/task15-final.png","measurement_or_handoff","tracked unchanged","filename:experiments/handoff/historical-task15-evidence-index.md; filename:experiments/handoff/sha256.json; filename:scripts/collect-handoff-evidence.py","retain"
"experiments/handoff/task15-history-mobile.png","measurement_or_handoff","tracked unchanged","filename:experiments/handoff/historical-task15-evidence-index.md; filename:experiments/handoff/sha256.json; filename:scripts/collect-handoff-evidence.py","retain"
"experiments/handoff/task15-mysql-evidence.txt","measurement_or_handoff","tracked unchanged","filename:experiments/handoff/historical-task15-evidence-index.md; filename:experiments/handoff/sha256.json; filename:scripts/collect-handoff-evidence.py","retain"
"experiments/handoff/task15-readiness.json","measurement_or_handoff","tracked unchanged","filename:experiments/handoff/historical-task15-evidence-index.md; filename:experiments/handoff/sha256.json; filename:scripts/collect-handoff-evidence.py","retain"
"experiments/handoff/task15-regression.log","measurement_or_handoff","tracked unchanged","filename:experiments/handoff/historical-task15-evidence-index.md; filename:experiments/handoff/sha256.json; filename:scripts/collect-handoff-evidence.py","retain"
"experiments/handoff/task15-smoke-server-error.log","measurement_or_handoff","tracked unchanged","filename:experiments/handoff/sha256.json; filename:scripts/collect-handoff-evidence.py","retain"
"experiments/handoff/task15-smoke-server.log","measurement_or_handoff","tracked unchanged","filename:experiments/handoff/historical-task15-evidence-index.md; filename:experiments/handoff/sha256.json; filename:scripts/collect-handoff-evidence.py","retain"
"experiments/handoff/TEST-vn.edu.quiz.common.config.CodebaseStructureTest.xml","measurement_or_handoff","tracked unchanged","filename:experiments/handoff/sha256.json","retain"
"experiments/handoff/TEST-vn.edu.quiz.game.service.GameCommandNetworkIT.xml","measurement_or_handoff","tracked unchanged","filename:experiments/handoff/sha256.json","retain"
"experiments/handoff/TEST-vn.edu.quiz.game.service.GameReconnectNetworkIT.xml","measurement_or_handoff","tracked unchanged","filename:experiments/handoff/sha256.json","retain"
"experiments/handoff/TEST-vn.edu.quiz.game.service.GameStartAuthorizationIT.xml","measurement_or_handoff","tracked unchanged","filename:experiments/handoff/sha256.json","retain"
"experiments/handoff/TEST-vn.edu.quiz.realtime.connection.AuthenticatedSocketRegistryTest.xml","measurement_or_handoff","tracked unchanged","filename:experiments/handoff/sha256.json","retain"
"experiments/handoff/TEST-vn.edu.quiz.realtime.idempotency.GameReplayCacheTest.xml","measurement_or_handoff","tracked unchanged","filename:experiments/handoff/sha256.json","retain"
"experiments/handoff/TEST-vn.edu.quiz.realtime.session.RoomBoundaryTest.xml","measurement_or_handoff","tracked unchanged","filename:experiments/handoff/sha256.json","retain"
"experiments/handoff/TEST-vn.edu.quiz.realtime.session.SessionQueueTest.xml","measurement_or_handoff","tracked unchanged","filename:experiments/handoff/sha256.json","retain"
"experiments/handoff/TEST-vn.edu.quiz.realtime.websocket.GameCommandParserTest.xml","measurement_or_handoff","tracked unchanged","filename:experiments/handoff/sha256.json","retain"
"experiments/handoff/TEST-vn.edu.quiz.system.controller.MySqlSmokeIT.xml","measurement_or_handoff","tracked unchanged","filename:experiments/handoff/sha256.json","retain"
"experiments/handoff/TEST-vn.edu.quiz.system.controller.SystemWebTest.xml","measurement_or_handoff","tracked unchanged","filename:experiments/handoff/sha256.json","retain"
"experiments/results/2026-10-06-loopback/baseline-client.csv","measurement_or_handoff","tracked unchanged","filename:experiments/results/2026-10-06-loopback/sha256.json; filename:experiments/results/2026-10-10-multimode-loopback/sha256.json","retain"
"experiments/results/2026-10-06-loopback/baseline-client.log","measurement_or_handoff","tracked unchanged","filename:experiments/results/2026-10-06-loopback/sha256.json; filename:experiments/results/2026-10-10-multimode-loopback/sha256.json","retain"
"experiments/results/2026-10-06-loopback/baseline-fixtures.json","measurement_or_handoff","tracked unchanged","filename:experiments/results/2026-10-06-loopback/sha256.json; filename:experiments/results/2026-10-10-multimode-loopback/sha256.json","retain"
"experiments/results/2026-10-06-loopback/baseline-server-error.log","measurement_or_handoff","tracked unchanged","filename:experiments/results/2026-10-06-loopback/sha256.json","retain"
"experiments/results/2026-10-06-loopback/baseline-server.csv","measurement_or_handoff","tracked unchanged","filename:experiments/results/2026-10-06-loopback/sha256.json; filename:experiments/results/2026-10-10-multimode-loopback/sha256.json","retain"
"experiments/results/2026-10-06-loopback/baseline-server.log","measurement_or_handoff","tracked unchanged","filename:experiments/results/2026-10-06-loopback/sha256.json; filename:experiments/results/2026-10-10-multimode-loopback/sha256.json; filename:scripts/collect-handoff-evidence.py","retain"
"experiments/results/2026-10-06-loopback/baseline-wire.jsonl","measurement_or_handoff","tracked unchanged","filename:experiments/results/2026-10-06-loopback/sha256.json; filename:experiments/results/2026-10-10-multimode-loopback/sha256.json","retain"
"experiments/results/2026-10-06-loopback/environment.json","measurement_or_handoff","tracked unchanged","filename:docs/final-report.md; filename:experiments/experiment-protocol.md; filename:experiments/handoff/evidence-index.md; filename:experiments/results/2026-10-06-loopback/sha256.json; filename:experiments/results/2026-10-10-multimode-loopback/sha256.json; filename:scripts/run-experiment.ps1","retain"
"experiments/results/2026-10-06-loopback/proposed-client.csv","measurement_or_handoff","tracked unchanged","filename:experiments/results/2026-10-06-loopback/sha256.json; filename:experiments/results/2026-10-10-multimode-loopback/sha256.json","retain"
"experiments/results/2026-10-06-loopback/proposed-client.log","measurement_or_handoff","tracked unchanged","filename:experiments/results/2026-10-06-loopback/sha256.json; filename:experiments/results/2026-10-10-multimode-loopback/sha256.json","retain"
"experiments/results/2026-10-06-loopback/proposed-fixtures.json","measurement_or_handoff","tracked unchanged","filename:experiments/results/2026-10-06-loopback/sha256.json; filename:experiments/results/2026-10-10-multimode-loopback/sha256.json","retain"
"experiments/results/2026-10-06-loopback/proposed-server-error.log","measurement_or_handoff","tracked unchanged","filename:experiments/results/2026-10-06-loopback/sha256.json","retain"
"experiments/results/2026-10-06-loopback/proposed-server.csv","measurement_or_handoff","tracked unchanged","filename:experiments/results/2026-10-06-loopback/sha256.json; filename:experiments/results/2026-10-10-multimode-loopback/sha256.json","retain"
"experiments/results/2026-10-06-loopback/proposed-server.log","measurement_or_handoff","tracked unchanged","filename:experiments/results/2026-10-06-loopback/sha256.json; filename:experiments/results/2026-10-10-multimode-loopback/sha256.json","retain"
"experiments/results/2026-10-06-loopback/proposed-wire.jsonl","measurement_or_handoff","tracked unchanged","filename:experiments/results/2026-10-06-loopback/sha256.json; filename:experiments/results/2026-10-10-multimode-loopback/sha256.json","retain"
"experiments/results/2026-10-06-loopback/reliability.png","measurement_or_handoff","tracked unchanged","filename:docs/final-report.md; filename:experiments/results/2026-10-06-loopback/sha256.json; filename:scripts/plot-experiment.py","retain"
"experiments/results/2026-10-06-loopback/reliability.svg","measurement_or_handoff","tracked unchanged","filename:experiments/results/2026-10-06-loopback/sha256.json; filename:scripts/plot-experiment.py","retain"
"experiments/results/2026-10-06-loopback/results.md","measurement_or_handoff","tracked unchanged","path:docs/course-requirements-checklist.md; path:docs/final-report.md; path:docs/project-status.md; path:docs/team-contributions.md; filename:experiments/experiment-protocol.md; filename:experiments/handoff/evidence-index.md; filename:experiments/handoff/historical-task15-evidence-index.md; filename:experiments/results/2026-10-06-loopback/sha256.json; filename:experiments/results/2026-10-10-multimode-loopback/sha256.json; filename:scripts/summarize-experiment.py; path:README.md","retain"
"experiments/results/2026-10-06-loopback/server-latency.png","measurement_or_handoff","tracked unchanged","filename:docs/final-report.md; filename:experiments/results/2026-10-06-loopback/sha256.json; filename:scripts/plot-experiment.py","retain"
"experiments/results/2026-10-06-loopback/server-latency.svg","measurement_or_handoff","tracked unchanged","filename:experiments/results/2026-10-06-loopback/sha256.json; filename:scripts/plot-experiment.py","retain"
"experiments/results/2026-10-06-loopback/sha256.json","measurement_or_handoff","tracked unchanged","filename:experiments/experiment-protocol.md; filename:experiments/handoff/evidence-index.md; filename:experiments/handoff/historical-task15-evidence-index.md; filename:scripts/collect-handoff-evidence.py; filename:scripts/summarize-experiment.py","retain"
"experiments/results/2026-10-06-loopback/summary.json","measurement_or_handoff","tracked unchanged","filename:docs/final-report.md; filename:docs/project-status.md; filename:experiments/experiment-protocol.md; filename:experiments/handoff/historical-task14-review-evidence.json; filename:experiments/handoff/historical-task15-evidence-index.md; filename:experiments/handoff/sha256.json; filename:experiments/results/2026-10-06-loopback/sha256.json; filename:experiments/results/2026-10-10-multimode-loopback/sha256.json; path:scripts/collect-handoff-evidence.py; filename:scripts/plot-experiment.py; filename:scripts/summarize-experiment.py; filename:target/task14-review-evidence.json","retain"
"experiments/results/2026-10-10-multimode-loopback/baseline-client.csv","measurement_or_handoff","??","filename:experiments/results/2026-10-06-loopback/sha256.json; filename:experiments/results/2026-10-10-multimode-loopback/sha256.json","retain"
"experiments/results/2026-10-10-multimode-loopback/baseline-client.log","measurement_or_handoff","??","filename:experiments/results/2026-10-06-loopback/sha256.json; filename:experiments/results/2026-10-10-multimode-loopback/sha256.json","retain"
"experiments/results/2026-10-10-multimode-loopback/baseline-fixtures.json","measurement_or_handoff","??","filename:experiments/results/2026-10-06-loopback/sha256.json; filename:experiments/results/2026-10-10-multimode-loopback/sha256.json","retain"
"experiments/results/2026-10-10-multimode-loopback/baseline-server.csv","measurement_or_handoff","??","filename:experiments/results/2026-10-06-loopback/sha256.json; filename:experiments/results/2026-10-10-multimode-loopback/sha256.json","retain"
"experiments/results/2026-10-10-multimode-loopback/baseline-server.log","measurement_or_handoff","??","filename:experiments/results/2026-10-06-loopback/sha256.json; filename:experiments/results/2026-10-10-multimode-loopback/sha256.json; filename:scripts/collect-handoff-evidence.py","retain"
"experiments/results/2026-10-10-multimode-loopback/baseline-wire.jsonl","measurement_or_handoff","??","filename:experiments/results/2026-10-06-loopback/sha256.json; filename:experiments/results/2026-10-10-multimode-loopback/sha256.json","retain"
"experiments/results/2026-10-10-multimode-loopback/environment.json","measurement_or_handoff","??","path:docs/final-report.md; filename:experiments/experiment-protocol.md; filename:experiments/handoff/evidence-index.md; filename:experiments/results/2026-10-06-loopback/sha256.json; filename:experiments/results/2026-10-10-multimode-loopback/sha256.json; filename:scripts/run-experiment.ps1","retain"
"experiments/results/2026-10-10-multimode-loopback/measured-source-index.json","measurement_or_handoff","untracked new","Task25 report/index/manifest, see audit","retain evidence or reproducible verification; no automatic deletion"
"experiments/results/2026-10-10-multimode-loopback/measured-source/scripts/experiment-client.py","measurement_or_handoff","untracked new","Task25 report/index/manifest, see audit","retain evidence or reproducible verification; no automatic deletion"
"experiments/results/2026-10-10-multimode-loopback/measured-source/scripts/plot-experiment.py","measurement_or_handoff","untracked new","Task25 report/index/manifest, see audit","retain evidence or reproducible verification; no automatic deletion"
"experiments/results/2026-10-10-multimode-loopback/measured-source/scripts/run-experiment.ps1","measurement_or_handoff","untracked new","Task25 report/index/manifest, see audit","retain evidence or reproducible verification; no automatic deletion"
"experiments/results/2026-10-10-multimode-loopback/measured-source/scripts/summarize-experiment.py","measurement_or_handoff","untracked new","Task25 report/index/manifest, see audit","retain evidence or reproducible verification; no automatic deletion"
"experiments/results/2026-10-10-multimode-loopback/measured-source/src/test/java/vn/edu/quiz/realtime/session/ExperimentServer.java","measurement_or_handoff","untracked new","Task25 report/index/manifest, see audit","retain evidence or reproducible verification; no automatic deletion"
"experiments/results/2026-10-10-multimode-loopback/mysql-audit.sql","measurement_or_handoff","??","no literal reference found; not proof of unused","retain"
"experiments/results/2026-10-10-multimode-loopback/mysql-audit.tsv","measurement_or_handoff","??","no literal reference found; not proof of unused","retain"
"experiments/results/2026-10-10-multimode-loopback/proposed-client.csv","measurement_or_handoff","??","filename:experiments/results/2026-10-06-loopback/sha256.json; filename:experiments/results/2026-10-10-multimode-loopback/sha256.json","retain"
"experiments/results/2026-10-10-multimode-loopback/proposed-client.log","measurement_or_handoff","??","filename:experiments/results/2026-10-06-loopback/sha256.json; filename:experiments/results/2026-10-10-multimode-loopback/sha256.json","retain"
"experiments/results/2026-10-10-multimode-loopback/proposed-fixtures.json","measurement_or_handoff","??","filename:experiments/results/2026-10-06-loopback/sha256.json; filename:experiments/results/2026-10-10-multimode-loopback/sha256.json","retain"
"experiments/results/2026-10-10-multimode-loopback/proposed-server.csv","measurement_or_handoff","??","filename:experiments/results/2026-10-06-loopback/sha256.json; filename:experiments/results/2026-10-10-multimode-loopback/sha256.json","retain"
"experiments/results/2026-10-10-multimode-loopback/proposed-server.log","measurement_or_handoff","??","filename:experiments/results/2026-10-06-loopback/sha256.json; filename:experiments/results/2026-10-10-multimode-loopback/sha256.json","retain"
"experiments/results/2026-10-10-multimode-loopback/proposed-wire.jsonl","measurement_or_handoff","??","filename:experiments/results/2026-10-06-loopback/sha256.json; filename:experiments/results/2026-10-10-multimode-loopback/sha256.json","retain"
"experiments/results/2026-10-10-multimode-loopback/reliability.png","measurement_or_handoff","??","path:docs/final-report.md; filename:experiments/results/2026-10-06-loopback/sha256.json; filename:scripts/plot-experiment.py","retain"
"experiments/results/2026-10-10-multimode-loopback/reliability.svg","measurement_or_handoff","??","filename:experiments/results/2026-10-06-loopback/sha256.json; filename:scripts/plot-experiment.py","retain"
"experiments/results/2026-10-10-multimode-loopback/results.md","measurement_or_handoff","??","path:docs/course-requirements-checklist.md; path:docs/final-report.md; path:docs/project-status.md; path:docs/team-contributions.md; filename:experiments/experiment-protocol.md; filename:experiments/handoff/evidence-index.md; filename:experiments/handoff/historical-task15-evidence-index.md; filename:experiments/results/2026-10-06-loopback/sha256.json; filename:experiments/results/2026-10-10-multimode-loopback/sha256.json; filename:scripts/summarize-experiment.py; path:README.md","retain"
"experiments/results/2026-10-10-multimode-loopback/server-latency.png","measurement_or_handoff","??","path:docs/final-report.md; filename:experiments/results/2026-10-06-loopback/sha256.json; filename:scripts/plot-experiment.py","retain"
"experiments/results/2026-10-10-multimode-loopback/server-latency.svg","measurement_or_handoff","??","filename:experiments/results/2026-10-06-loopback/sha256.json; filename:scripts/plot-experiment.py","retain"
"experiments/results/2026-10-10-multimode-loopback/sha256.json","measurement_or_handoff","??","filename:experiments/experiment-protocol.md; filename:experiments/handoff/evidence-index.md; filename:experiments/handoff/historical-task15-evidence-index.md; filename:scripts/collect-handoff-evidence.py; filename:scripts/summarize-experiment.py","retain"
"experiments/results/2026-10-10-multimode-loopback/summary.json","measurement_or_handoff","??","path:docs/final-report.md; filename:docs/project-status.md; filename:experiments/experiment-protocol.md; filename:experiments/handoff/historical-task14-review-evidence.json; filename:experiments/handoff/historical-task15-evidence-index.md; filename:experiments/handoff/sha256.json; filename:experiments/results/2026-10-06-loopback/sha256.json; filename:experiments/results/2026-10-10-multimode-loopback/sha256.json; filename:scripts/collect-handoff-evidence.py; filename:scripts/plot-experiment.py; filename:scripts/summarize-experiment.py; filename:target/task14-review-evidence.json","retain"
"experiments/results/2026-10-10-multimode-pilot-initializing/baseline-client.csv","measurement_or_handoff","??","filename:experiments/results/2026-10-06-loopback/sha256.json; filename:experiments/results/2026-10-10-multimode-loopback/sha256.json","retain"
"experiments/results/2026-10-10-multimode-pilot-initializing/baseline-fixtures.json","measurement_or_handoff","??","filename:experiments/results/2026-10-06-loopback/sha256.json; filename:experiments/results/2026-10-10-multimode-loopback/sha256.json","retain"
"experiments/results/2026-10-10-multimode-pilot-initializing/baseline-server.csv","measurement_or_handoff","??","filename:experiments/results/2026-10-06-loopback/sha256.json; filename:experiments/results/2026-10-10-multimode-loopback/sha256.json","retain"
"experiments/results/2026-10-10-multimode-pilot-initializing/baseline-wire.jsonl","measurement_or_handoff","??","filename:experiments/results/2026-10-06-loopback/sha256.json; filename:experiments/results/2026-10-10-multimode-loopback/sha256.json","retain"
"experiments/results/2026-10-10-multimode-pilot-initializing/environment.json","measurement_or_handoff","??","filename:docs/final-report.md; filename:experiments/experiment-protocol.md; filename:experiments/handoff/evidence-index.md; filename:experiments/results/2026-10-06-loopback/sha256.json; filename:experiments/results/2026-10-10-multimode-loopback/sha256.json; filename:scripts/run-experiment.ps1","retain"
"KHAO_SAT_MO_RONG_7_CHE_DO.md","project_root_or_tooling","??","path:docs/project-status.md; path:experiments/handoff/2026-10-10-seven-modes/task21-evidence.json; path:experiments/handoff/2026-10-10-seven-modes/task22-evidence.json; path:experiments/handoff/2026-10-10-seven-modes/task23-evidence.json; path:experiments/handoff/2026-10-10-seven-modes/task24-evidence.json; path:TASKS_MO_RONG_7_CHE_DO.md; path:target/task21-evidence.json; path:target/task22-evidence.json; path:target/task23-evidence.json; path:target/task24-evidence.json","retain"
"mvnw","project_root_or_tooling","tracked unchanged","path:docs/implementation-decisions.md; path:docs/project-status.md; path:experiments/handoff/2026-10-10-seven-modes/task21-evidence.json; path:experiments/handoff/2026-10-10-seven-modes/task23-evidence.json; path:experiments/handoff/2026-10-10-seven-modes/task24-evidence.json; path:experiments/handoff/historical-task15-evidence-index.md; path:scripts/run-experiment.ps1; path:scripts/start-local.ps1; path:README.md; path:target/task19-evidence.json; path:target/task21-evidence.json; path:target/task23-evidence.json; path:target/task24-evidence.json; path:target/task25-before-manifest.json","retain"
"mvnw.cmd","project_root_or_tooling","tracked unchanged","path:docs/implementation-decisions.md; path:docs/project-status.md; path:experiments/handoff/2026-10-10-seven-modes/task21-evidence.json; path:experiments/handoff/2026-10-10-seven-modes/task23-evidence.json; path:experiments/handoff/2026-10-10-seven-modes/task24-evidence.json; path:experiments/handoff/historical-task15-evidence-index.md; path:scripts/run-experiment.ps1; path:scripts/start-local.ps1; path:README.md; path:target/task19-evidence.json; path:target/task21-evidence.json; path:target/task23-evidence.json; path:target/task24-evidence.json; path:target/task25-before-manifest.json","retain"
"pom.xml","project_root_or_tooling","tracked unchanged","path:docs/project-status.md; path:experiments/handoff/evidence.json; path:experiments/results/2026-10-10-multimode-loopback/environment.json; path:scripts/collect-handoff-evidence.py; path:README.md; path:target/task12-backend-manifest.json; path:target/task25-before-manifest.json; path:target/task3-before-manifest.json; path:target/task4-before-manifest.json; path:target/task5-protected-manifest.json; path:target/task6-before-manifest.json; path:target/task7-before-manifest.json; path:target/task8-before-manifest.json; path:target/task9-before-manifest.json","retain"
"README.md","project_root_or_tooling","M","path:docs/codebase-guide.md; path:docs/final-report.md; path:docs/project-status.md; path:experiments/experiment-protocol.md; path:experiments/handoff/2026-10-10-seven-modes/task22-evidence.json; path:experiments/handoff/2026-10-10-seven-modes/task24-evidence.json; path:experiments/handoff/evidence-index.md; path:experiments/handoff/historical-task15-evidence-index.md; path:KHAO_SAT_MO_RONG_7_CHE_DO.md; path:target/task22-evidence.json; path:target/task24-evidence.json; path:target/task25-before-manifest.json","retain"
"scripts/browser-cdp.py","tool_source","tracked unchanged","path:scripts/test-client.py; path:scripts/test-multimode-protocol.py","retain"
"scripts/build-client.py","tool_source","tracked unchanged","path:docs/project-status.md; path:experiments/handoff/2026-10-10-seven-modes/handoff25-build-client.json; path:experiments/handoff/2026-10-10-seven-modes/task21-evidence.json; path:experiments/handoff/2026-10-10-seven-modes/task23-evidence.json; path:experiments/handoff/2026-10-10-seven-modes/task24-evidence.json; path:experiments/handoff/historical-task15-evidence-index.md; path:README.md; path:target/task19-evidence.json; path:target/task21-evidence.json; path:target/task23-evidence.json; path:target/task24-evidence.json","retain"
"scripts/collect-handoff-evidence.py","tool_source","M","filename:experiments/handoff/evidence-index.md; path:experiments/handoff/historical-task15-evidence-index.md","retain"
"scripts/experiment-client.py","tool_source","M","path:experiments/experiment-protocol.md; path:experiments/handoff/evidence.json; path:experiments/results/2026-10-10-multimode-loopback/environment.json; path:scripts/collect-handoff-evidence.py; path:scripts/run-experiment.ps1","retain"
"scripts/generate-song-fixture.py","tool_source","??","path:experiments/handoff/2026-10-10-seven-modes/task22-evidence.json; path:README.md; path:target/task22-evidence.json","retain"
"scripts/plot-experiment.py","tool_source","M","path:experiments/experiment-protocol.md; path:experiments/handoff/evidence.json; path:experiments/handoff/historical-task15-evidence-index.md; path:experiments/results/2026-10-10-multimode-loopback/environment.json; path:scripts/collect-handoff-evidence.py","retain"
"scripts/prepare-database.sql","tool_source","tracked unchanged","filename:docs/implementation-decisions.md; path:docs/project-status.md; path:README.md; filename:target/task25-before-manifest.json; filename:target/task3-before-manifest.json","retain"
"scripts/prepare-experiment-database.sql","tool_source","tracked unchanged","path:experiments/experiment-protocol.md; path:README.md","retain"
"scripts/prepare-test-database.sql","tool_source","tracked unchanged","path:docs/implementation-decisions.md; path:docs/project-status.md; path:README.md; filename:target/task25-before-manifest.json; filename:target/task3-before-manifest.json","retain"
"scripts/run-experiment.ps1","tool_source","M","path:experiments/experiment-protocol.md; path:experiments/handoff/evidence.json; path:experiments/handoff/historical-task15-evidence-index.md; path:experiments/results/2026-10-10-multimode-loopback/environment.json; path:scripts/collect-handoff-evidence.py; path:README.md","retain"
"scripts/start-local.ps1","tool_source","tracked unchanged","filename:docs/implementation-decisions.md; path:docs/project-status.md; path:README.md; filename:target/task25-before-manifest.json; filename:target/task3-before-manifest.json","retain"
"scripts/summarize-experiment.py","tool_source","tracked unchanged","path:experiments/experiment-protocol.md; path:experiments/handoff/evidence.json; path:experiments/handoff/historical-task15-evidence-index.md; path:experiments/results/2026-10-10-multimode-loopback/environment.json; path:scripts/collect-handoff-evidence.py; path:scripts/run-experiment.ps1; path:README.md","retain"
"scripts/test-arrangement-client.py","tool_source","??","path:docs/project-status.md; path:experiments/handoff/2026-10-10-seven-modes/task21-evidence.json; path:experiments/handoff/2026-10-10-seven-modes/task22-evidence.json; path:experiments/handoff/2026-10-10-seven-modes/task23-evidence.json; path:scripts/test-image-word-client.py; path:target/task21-evidence.json; path:target/task22-evidence.json; path:target/task23-evidence.json","retain"
"scripts/test-client.ps1","tool_source","tracked unchanged","path:docs/project-status.md; path:experiments/handoff/historical-task15-evidence-index.md; path:README.md","retain"
"scripts/test-client.py","tool_source","tracked unchanged","filename:scripts/test-client.ps1; path:scripts/test-game-client.py","retain"
"scripts/test-clues-client.py","tool_source","??","path:experiments/handoff/2026-10-10-seven-modes/task23-evidence.json; path:scripts/test-seven-modes-client.py; path:target/task23-evidence.json","retain"
"scripts/test-game-client.py","tool_source","tracked unchanged","path:docs/codebase-guide.md; path:docs/project-status.md; filename:scripts/test-client.ps1; filename:scripts/test-client.py; path:scripts/test-multimode-client.py; path:KHAO_SAT_MO_RONG_7_CHE_DO.md","retain"
"scripts/test-image-word-client.py","tool_source","??","path:docs/project-status.md; path:experiments/handoff/2026-10-10-seven-modes/task21-evidence.json; path:scripts/test-song-client.py; path:target/task21-evidence.json","retain"
"scripts/test-multimode-client.py","tool_source","??","path:docs/project-status.md; path:scripts/test-arrangement-client.py; path:target/task19-evidence.json","retain"
"scripts/test-multimode-protocol.py","tool_source","??","path:docs/project-status.md; path:target/task18-evidence.json","retain"
"scripts/test-seven-modes-client.py","tool_source","??","path:docs/project-status.md; path:experiments/handoff/2026-10-10-seven-modes/task24-evidence.json; path:README.md; path:target/task24-evidence.json","retain"
"scripts/test-song-client.py","tool_source","??","path:experiments/handoff/2026-10-10-seven-modes/task22-evidence.json; path:scripts/test-clues-client.py; path:README.md; path:target/task22-evidence.json","retain"
"scripts/verify-experiment.sql","tool_source","M","path:experiments/experiment-protocol.md; path:experiments/handoff/historical-task15-evidence-index.md","retain"
"src/main/java/","production_or_test_source","group or untracked","no literal reference found; not proof of unused","retain"
"src/main/resources/db/migration/","production_or_test_source","group or untracked","no literal reference found; not proof of unused","retain"
"src/main/resources/static/","production_or_test_source","group or untracked","no literal reference found; not proof of unused","retain"
"src/test/java/","production_or_test_source","group or untracked","no literal reference found; not proof of unused","retain"
"src/test/resources/","production_or_test_source","group or untracked","no literal reference found; not proof of unused","retain"
"target/classes/","generated_or_historical_evidence","ignored","no literal reference found; not proof of unused","retain: see audit; credentials/media/private profiles excluded from handoff"
"target/client-build.json","generated_or_historical_evidence","ignored","path:docs/project-status.md; path:scripts/build-client.py; path:KHAO_SAT_MO_RONG_7_CHE_DO.md","retain: see audit; credentials/media/private profiles excluded from handoff"
"target/client-chrome-066134a5d4864546b4c517629b2e74ae/","generated_or_historical_evidence","ignored","no literal reference found; not proof of unused","retain: see audit; credentials/media/private profiles excluded from handoff"
"target/client-chrome-102fc85932604f39a8a5abac2ba86093/","generated_or_historical_evidence","ignored","no literal reference found; not proof of unused","retain: see audit; credentials/media/private profiles excluded from handoff"
"target/client-chrome-31c64068cae24a9aa15b5fdfee73756f/","generated_or_historical_evidence","ignored","no literal reference found; not proof of unused","retain: see audit; credentials/media/private profiles excluded from handoff"
"target/client-chrome-35ea651054de4db29e2a5dca6d929739/","generated_or_historical_evidence","ignored","no literal reference found; not proof of unused","retain: see audit; credentials/media/private profiles excluded from handoff"
"target/client-chrome-455ffdd0c9694fea859df135f18b1522/","generated_or_historical_evidence","ignored","no literal reference found; not proof of unused","retain: see audit; credentials/media/private profiles excluded from handoff"
"target/client-chrome-8cef5375158248ae994820bf6a0909c8/","generated_or_historical_evidence","ignored","no literal reference found; not proof of unused","retain: see audit; credentials/media/private profiles excluded from handoff"
"target/client-chrome-bfe461767d76492e8e87fc77b86548f7/","generated_or_historical_evidence","ignored","no literal reference found; not proof of unused","retain: see audit; credentials/media/private profiles excluded from handoff"
"target/client-chrome-e435497f8c84489e91cc122fbddde32f/","generated_or_historical_evidence","ignored","no literal reference found; not proof of unused","retain: see audit; credentials/media/private profiles excluded from handoff"
"target/client-chrome-e9be8f2f945a447784a5e4b533f0c618/","generated_or_historical_evidence","ignored","no literal reference found; not proof of unused","retain: see audit; credentials/media/private profiles excluded from handoff"
"target/client/","generated_or_historical_evidence","ignored","no literal reference found; not proof of unused","retain: see audit; credentials/media/private profiles excluded from handoff"
"target/competitive-quiz-0.0.1-SNAPSHOT.jar","generated_or_historical_evidence","ignored","path:docs/project-status.md; path:experiments/handoff/2026-10-10-seven-modes/task21-evidence.json; path:experiments/handoff/2026-10-10-seven-modes/task23-evidence.json; path:experiments/handoff/2026-10-10-seven-modes/task24-evidence.json; path:scripts/collect-handoff-evidence.py; path:README.md; path:target/task18-evidence.json; path:target/task21-evidence.json; path:target/task23-evidence.json; path:target/task24-evidence.json","retain: see audit; credentials/media/private profiles excluded from handoff"
"target/dependency-tree.txt","generated_or_historical_evidence","ignored","path:docs/project-status.md","retain: see audit; credentials/media/private profiles excluded from handoff"
"target/experiment-classpath.txt","generated_or_historical_evidence","ignored","path:scripts/run-experiment.ps1","retain: see audit; credentials/media/private profiles excluded from handoff"
"target/failsafe-reports/","generated_or_historical_evidence","ignored","no literal reference found; not proof of unused","retain: see audit; credentials/media/private profiles excluded from handoff"
"target/generated-sources/","generated_or_historical_evidence","ignored","no literal reference found; not proof of unused","retain: see audit; credentials/media/private profiles excluded from handoff"
"target/generated-test-sources/","generated_or_historical_evidence","ignored","no literal reference found; not proof of unused","retain: see audit; credentials/media/private profiles excluded from handoff"
"target/handoff25-baseline-client.log","generated_or_historical_evidence","ignored","no literal reference found; not proof of unused","retain: see audit; credentials/media/private profiles excluded from handoff"
"target/handoff25-baseline-server.log","generated_or_historical_evidence","ignored","no literal reference found; not proof of unused","retain: see audit; credentials/media/private profiles excluded from handoff"
"target/handoff25-browser.log","generated_or_historical_evidence","ignored","no literal reference found; not proof of unused","retain: see audit; credentials/media/private profiles excluded from handoff"
"target/handoff25-client-tests.json","generated_or_historical_evidence","ignored","filename:experiments/handoff/evidence-index.md","retain: see audit; credentials/media/private profiles excluded from handoff"
"target/handoff25-image-fixture.png","generated_or_historical_evidence","ignored","no literal reference found; not proof of unused","retain: see audit; credentials/media/private profiles excluded from handoff"
"target/handoff25-media/","generated_or_historical_evidence","ignored","no literal reference found; not proof of unused","retain: see audit; credentials/media/private profiles excluded from handoff"
"target/handoff25-mysql-smoke.sql","generated_or_historical_evidence","ignored","filename:experiments/handoff/evidence-index.md","retain: see audit; credentials/media/private profiles excluded from handoff"
"target/handoff25-mysql-smoke.tsv","generated_or_historical_evidence","ignored","no literal reference found; not proof of unused","retain: see audit; credentials/media/private profiles excluded from handoff"
"target/handoff25-package.log","generated_or_historical_evidence","ignored","filename:experiments/handoff/evidence-index.md","retain: see audit; credentials/media/private profiles excluded from handoff"
"target/handoff25-proposed-client.log","generated_or_historical_evidence","ignored","no literal reference found; not proof of unused","retain: see audit; credentials/media/private profiles excluded from handoff"
"target/handoff25-proposed-server.log","generated_or_historical_evidence","ignored","no literal reference found; not proof of unused","retain: see audit; credentials/media/private profiles excluded from handoff"
"target/handoff25-readiness.json","generated_or_historical_evidence","ignored","no literal reference found; not proof of unused","retain: see audit; credentials/media/private profiles excluded from handoff"
"target/handoff25-sample.properties","generated_or_historical_evidence","ignored","filename:experiments/handoff/evidence-index.md","retain: see audit; credentials/media/private profiles excluded from handoff"
"target/handoff25-seven-history-mobile.png","generated_or_historical_evidence","ignored","filename:docs/final-report.md; filename:experiments/handoff/evidence-index.md","retain: see audit; credentials/media/private profiles excluded from handoff"
"target/handoff25-smoke-server.log","generated_or_historical_evidence","ignored","no literal reference found; not proof of unused","retain: see audit; credentials/media/private profiles excluded from handoff"
"target/handoff25-verify-artifacts.py","generated_verification","ignored","Task25 report/index/manifest, see audit","retain evidence or reproducible verification; no automatic deletion"
"target/hsperfdata_CodexSandboxOffline/","generated_or_historical_evidence","ignored","no literal reference found; not proof of unused","retain: see audit; credentials/media/private profiles excluded from handoff"
"target/jansi-2.4.2-189e9ff96e3d0767-jansi.dll","generated_or_historical_evidence","ignored","no literal reference found; not proof of unused","retain: see audit; credentials/media/private profiles excluded from handoff"
"target/jansi-2.4.2-189e9ff96e3d0767-jansi.dll.lck","generated_or_historical_evidence","ignored","no literal reference found; not proof of unused","retain: see audit; credentials/media/private profiles excluded from handoff"
"target/jansi-2.4.2-762161d059d1499b-jansi.dll","generated_or_historical_evidence","ignored","no literal reference found; not proof of unused","retain: see audit; credentials/media/private profiles excluded from handoff"
"target/jansi-2.4.2-762161d059d1499b-jansi.dll.lck","generated_or_historical_evidence","ignored","no literal reference found; not proof of unused","retain: see audit; credentials/media/private profiles excluded from handoff"
"target/jansi-2.4.2-a78c232a38217a34-jansi.dll","generated_or_historical_evidence","ignored","no literal reference found; not proof of unused","retain: see audit; credentials/media/private profiles excluded from handoff"
"target/matplotlib-cache/","generated_or_historical_evidence","ignored","no literal reference found; not proof of unused","retain: see audit; credentials/media/private profiles excluded from handoff"
"target/maven-archiver/","generated_or_historical_evidence","ignored","no literal reference found; not proof of unused","retain: see audit; credentials/media/private profiles excluded from handoff"
"target/maven-status/","generated_or_historical_evidence","ignored","no literal reference found; not proof of unused","retain: see audit; credentials/media/private profiles excluded from handoff"
"target/mockitoboot11135571448462811977.jar","generated_or_historical_evidence","ignored","no literal reference found; not proof of unused","retain: see audit; credentials/media/private profiles excluded from handoff"
"target/mockitoboot11679440036298868184.jar","generated_or_historical_evidence","ignored","no literal reference found; not proof of unused","retain: see audit; credentials/media/private profiles excluded from handoff"
"target/mockitoboot1244221421547165329.jar","generated_or_historical_evidence","ignored","no literal reference found; not proof of unused","retain: see audit; credentials/media/private profiles excluded from handoff"
"target/mockitoboot12732722016993323562.jar","generated_or_historical_evidence","ignored","no literal reference found; not proof of unused","retain: see audit; credentials/media/private profiles excluded from handoff"
"target/mockitoboot13536158679375336712.jar","generated_or_historical_evidence","ignored","no literal reference found; not proof of unused","retain: see audit; credentials/media/private profiles excluded from handoff"
"target/mockitoboot14727822940716383886.jar","generated_or_historical_evidence","ignored","no literal reference found; not proof of unused","retain: see audit; credentials/media/private profiles excluded from handoff"
"target/mockitoboot15256643074832112380.jar","generated_or_historical_evidence","ignored","no literal reference found; not proof of unused","retain: see audit; credentials/media/private profiles excluded from handoff"
"target/mockitoboot17036358961548337886.jar","generated_or_historical_evidence","ignored","no literal reference found; not proof of unused","retain: see audit; credentials/media/private profiles excluded from handoff"
"target/mockitoboot17073520774534870775.jar","generated_or_historical_evidence","ignored","no literal reference found; not proof of unused","retain: see audit; credentials/media/private profiles excluded from handoff"
"target/mockitoboot1724560229854084969.jar","generated_or_historical_evidence","ignored","no literal reference found; not proof of unused","retain: see audit; credentials/media/private profiles excluded from handoff"
"target/mockitoboot17984477293765268016.jar","generated_or_historical_evidence","ignored","no literal reference found; not proof of unused","retain: see audit; credentials/media/private profiles excluded from handoff"
"target/mockitoboot3886878917288711985.jar","generated_or_historical_evidence","ignored","no literal reference found; not proof of unused","retain: see audit; credentials/media/private profiles excluded from handoff"
"target/mockitoboot5745287587077595336.jar","generated_or_historical_evidence","ignored","no literal reference found; not proof of unused","retain: see audit; credentials/media/private profiles excluded from handoff"
"target/mockitoboot6889867188659232917.jar","generated_or_historical_evidence","ignored","no literal reference found; not proof of unused","retain: see audit; credentials/media/private profiles excluded from handoff"
"target/mockitoboot7741588698900963233.jar","generated_or_historical_evidence","ignored","no literal reference found; not proof of unused","retain: see audit; credentials/media/private profiles excluded from handoff"
"target/server-lan-error.log","generated_or_historical_evidence","ignored","no literal reference found; not proof of unused","retain: see audit; credentials/media/private profiles excluded from handoff"
"target/server-lan.log","generated_or_historical_evidence","ignored","no literal reference found; not proof of unused","retain: see audit; credentials/media/private profiles excluded from handoff"
"target/server-local-error.log","generated_or_historical_evidence","ignored","no literal reference found; not proof of unused","retain: see audit; credentials/media/private profiles excluded from handoff"
"target/server-local.log","generated_or_historical_evidence","ignored","path:docs/project-status.md","retain: see audit; credentials/media/private profiles excluded from handoff"
"target/server-task2-error.log","generated_or_historical_evidence","ignored","no literal reference found; not proof of unused","retain: see audit; credentials/media/private profiles excluded from handoff"
"target/server-task2.log","generated_or_historical_evidence","ignored","path:docs/project-status.md","retain: see audit; credentials/media/private profiles excluded from handoff"
"target/server-task25-error.log","generated_or_historical_evidence","ignored","no literal reference found; not proof of unused","retain: see audit; credentials/media/private profiles excluded from handoff"
"target/server-task25.log","generated_or_historical_evidence","ignored","path:docs/project-status.md","retain: see audit; credentials/media/private profiles excluded from handoff"
"target/server-task3-error.log","generated_or_historical_evidence","ignored","filename:docs/project-status.md","retain: see audit; credentials/media/private profiles excluded from handoff"
"target/server-task3.log","generated_or_historical_evidence","ignored","path:docs/project-status.md","retain: see audit; credentials/media/private profiles excluded from handoff"
"target/server-task3.pid","generated_or_historical_evidence","ignored","path:docs/project-status.md","retain: see audit; credentials/media/private profiles excluded from handoff"
"target/server-task4-error.log","generated_or_historical_evidence","ignored","filename:docs/project-status.md","retain: see audit; credentials/media/private profiles excluded from handoff"
"target/server-task4.log","generated_or_historical_evidence","ignored","path:docs/project-status.md","retain: see audit; credentials/media/private profiles excluded from handoff"
"target/server-task4.pid","generated_or_historical_evidence","ignored","filename:docs/project-status.md","retain: see audit; credentials/media/private profiles excluded from handoff"
"target/surefire-reports/","generated_or_historical_evidence","ignored","no literal reference found; not proof of unused","retain: see audit; credentials/media/private profiles excluded from handoff"
"target/task1-verify.log","generated_or_historical_evidence","ignored","path:docs/project-status.md","retain: see audit; credentials/media/private profiles excluded from handoff"
"target/task10-before-manifest.json","generated_or_historical_evidence","ignored","no literal reference found; not proof of unused","retain: see audit; credentials/media/private profiles excluded from handoff"
"target/task10-final-integration.log","generated_or_historical_evidence","ignored","filename:docs/project-status.md","retain: see audit; credentials/media/private profiles excluded from handoff"
"target/task10-final-package.log","generated_or_historical_evidence","ignored","filename:docs/project-status.md","retain: see audit; credentials/media/private profiles excluded from handoff"
"target/task10-final-verify.log","generated_or_historical_evidence","ignored","path:docs/project-status.md","retain: see audit; credentials/media/private profiles excluded from handoff"
"target/task10-mysql-evidence.txt","generated_or_historical_evidence","ignored","path:docs/project-status.md","retain: see audit; credentials/media/private profiles excluded from handoff"
"target/task10-network-it.log","generated_or_historical_evidence","ignored","no literal reference found; not proof of unused","retain: see audit; credentials/media/private profiles excluded from handoff"
"target/task10-readiness.json","generated_or_historical_evidence","ignored","filename:docs/project-status.md","retain: see audit; credentials/media/private profiles excluded from handoff"
"target/task10-reconnect-final-it.log","generated_or_historical_evidence","ignored","no literal reference found; not proof of unused","retain: see audit; credentials/media/private profiles excluded from handoff"
"target/task10-reconnect-it.log","generated_or_historical_evidence","ignored","no literal reference found; not proof of unused","retain: see audit; credentials/media/private profiles excluded from handoff"
"target/task10-registry-unit.log","generated_or_historical_evidence","ignored","no literal reference found; not proof of unused","retain: see audit; credentials/media/private profiles excluded from handoff"
"target/task10-related-unit.log","generated_or_historical_evidence","ignored","no literal reference found; not proof of unused","retain: see audit; credentials/media/private profiles excluded from handoff"
"target/task10-room-regression.log","generated_or_historical_evidence","ignored","filename:docs/project-status.md","retain: see audit; credentials/media/private profiles excluded from handoff"
"target/task10-server.err.log","generated_or_historical_evidence","ignored","no literal reference found; not proof of unused","retain: see audit; credentials/media/private profiles excluded from handoff"
"target/task10-server.out.log","generated_or_historical_evidence","ignored","path:docs/project-status.md","retain: see audit; credentials/media/private profiles excluded from handoff"
"target/task10-server.pid","generated_or_historical_evidence","ignored","no literal reference found; not proof of unused","retain: see audit; credentials/media/private profiles excluded from handoff"
"target/task10-terminal-boundary-it.log","generated_or_historical_evidence","ignored","no literal reference found; not proof of unused","retain: see audit; credentials/media/private profiles excluded from handoff"
"target/task10-test-summary.json","generated_or_historical_evidence","ignored","path:docs/project-status.md","retain: see audit; credentials/media/private profiles excluded from handoff"
"target/task11a-backend-regression.log","generated_or_historical_evidence","ignored","filename:docs/project-status.md","retain: see audit; credentials/media/private profiles excluded from handoff"
"target/task11a-before-manifest.json","generated_or_historical_evidence","ignored","no literal reference found; not proof of unused","retain: see audit; credentials/media/private profiles excluded from handoff"
"target/task11a-chrome.err.log","generated_or_historical_evidence","ignored","no literal reference found; not proof of unused","retain: see audit; credentials/media/private profiles excluded from handoff"
"target/task11a-chrome.pid","generated_or_historical_evidence","ignored","no literal reference found; not proof of unused","retain: see audit; credentials/media/private profiles excluded from handoff"
"target/task11a-chrome/","generated_or_historical_evidence","ignored","no literal reference found; not proof of unused","retain: see audit; credentials/media/private profiles excluded from handoff"
"target/task11a-client-build.json","generated_or_historical_evidence","ignored","path:docs/project-status.md","retain: see audit; credentials/media/private profiles excluded from handoff"
"target/task11a-client-tests.json","generated_or_historical_evidence","ignored","filename:docs/project-status.md; path:scripts/test-client.py","retain: see audit; credentials/media/private profiles excluded from handoff"
"target/task11a-client-tests.log","generated_or_historical_evidence","ignored","no literal reference found; not proof of unused","retain: see audit; credentials/media/private profiles excluded from handoff"
"target/task11a-final-checks.json","generated_or_historical_evidence","ignored","no literal reference found; not proof of unused","retain: see audit; credentials/media/private profiles excluded from handoff"
"target/task11a-final-client-tests.log","generated_or_historical_evidence","ignored","filename:docs/project-status.md","retain: see audit; credentials/media/private profiles excluded from handoff"
"target/task11a-final-package-assets.log","generated_or_historical_evidence","ignored","filename:docs/project-status.md","retain: see audit; credentials/media/private profiles excluded from handoff"
"target/task11a-final-package.log","generated_or_historical_evidence","ignored","filename:docs/project-status.md","retain: see audit; credentials/media/private profiles excluded from handoff"
"target/task11a-final-server.err.log","generated_or_historical_evidence","ignored","no literal reference found; not proof of unused","retain: see audit; credentials/media/private profiles excluded from handoff"
"target/task11a-final-server.out.log","generated_or_historical_evidence","ignored","filename:docs/project-status.md","retain: see audit; credentials/media/private profiles excluded from handoff"
"target/task11a-fixture-cleanup.sql","generated_or_historical_evidence","ignored","filename:docs/project-status.md","retain: see audit; credentials/media/private profiles excluded from handoff"
"target/task11a-image.png","generated_or_historical_evidence","ignored","path:scripts/test-client.py","retain: see audit; credentials/media/private profiles excluded from handoff"
"target/task11a-mobile.png","generated_or_historical_evidence","ignored","filename:docs/project-status.md; path:scripts/test-client.py","retain: see audit; credentials/media/private profiles excluded from handoff"
"target/task11a-mysql-evidence.txt","generated_or_historical_evidence","ignored","filename:docs/project-status.md","retain: see audit; credentials/media/private profiles excluded from handoff"
"target/task11a-package.log","generated_or_historical_evidence","ignored","no literal reference found; not proof of unused","retain: see audit; credentials/media/private profiles excluded from handoff"
"target/task11a-readiness.json","generated_or_historical_evidence","ignored","filename:docs/project-status.md","retain: see audit; credentials/media/private profiles excluded from handoff"
"target/task11a-server.err.log","generated_or_historical_evidence","ignored","no literal reference found; not proof of unused","retain: see audit; credentials/media/private profiles excluded from handoff"
"target/task11a-server.out.log","generated_or_historical_evidence","ignored","no literal reference found; not proof of unused","retain: see audit; credentials/media/private profiles excluded from handoff"
"target/task11a-server.pid","generated_or_historical_evidence","ignored","no literal reference found; not proof of unused","retain: see audit; credentials/media/private profiles excluded from handoff"
"target/task11a-waiting.png","generated_or_historical_evidence","ignored","filename:docs/project-status.md; path:scripts/test-client.py","retain: see audit; credentials/media/private profiles excluded from handoff"
"target/task11b-evidence.sql","generated_or_historical_evidence","ignored","no literal reference found; not proof of unused","retain: see audit; credentials/media/private profiles excluded from handoff"
"target/task11b-final-history-cancel.log","generated_or_historical_evidence","ignored","filename:docs/project-status.md","retain: see audit; credentials/media/private profiles excluded from handoff"
"target/task11b-final-integration.log","generated_or_historical_evidence","ignored","filename:docs/project-status.md","retain: see audit; credentials/media/private profiles excluded from handoff"
"target/task11b-final-unit.log","generated_or_historical_evidence","ignored","path:docs/project-status.md","retain: see audit; credentials/media/private profiles excluded from handoff"
"target/task11b-history-cancel-it.log","generated_or_historical_evidence","ignored","no literal reference found; not proof of unused","retain: see audit; credentials/media/private profiles excluded from handoff"
"target/task11b-mysql-evidence.txt","generated_or_historical_evidence","ignored","filename:docs/project-status.md","retain: see audit; credentials/media/private profiles excluded from handoff"
"target/task11b-package.log","generated_or_historical_evidence","ignored","filename:docs/project-status.md","retain: see audit; credentials/media/private profiles excluded from handoff"
"target/task11b-readiness.json","generated_or_historical_evidence","ignored","filename:docs/project-status.md","retain: see audit; credentials/media/private profiles excluded from handoff"
"target/task11b-server.err.log","generated_or_historical_evidence","ignored","no literal reference found; not proof of unused","retain: see audit; credentials/media/private profiles excluded from handoff"
"target/task11b-server.out.log","generated_or_historical_evidence","ignored","filename:docs/project-status.md","retain: see audit; credentials/media/private profiles excluded from handoff"
"target/task11b-server.pid","generated_or_historical_evidence","ignored","no literal reference found; not proof of unused","retain: see audit; credentials/media/private profiles excluded from handoff"
"target/task11b-test-summary.json","generated_or_historical_evidence","ignored","filename:docs/project-status.md","retain: see audit; credentials/media/private profiles excluded from handoff"
"target/task11b-unit.log","generated_or_historical_evidence","ignored","no literal reference found; not proof of unused","retain: see audit; credentials/media/private profiles excluded from handoff"
"target/task12-backend-manifest.json","generated_or_historical_evidence","ignored","no literal reference found; not proof of unused","retain: see audit; credentials/media/private profiles excluded from handoff"
"target/task12-cleanup-check.sql","generated_or_historical_evidence","ignored","no literal reference found; not proof of unused","retain: see audit; credentials/media/private profiles excluded from handoff"
"target/task12-client-tests.json","generated_or_historical_evidence","ignored","filename:docs/project-status.md; path:experiments/handoff/historical-task13-evidence.json; path:experiments/handoff/historical-task13-test-summary.json; path:experiments/handoff/historical-task14-review-evidence.json; filename:scripts/test-client.ps1; filename:scripts/test-game-client.py; path:target/task13-evidence.json; path:target/task14-review-evidence.json","retain: see audit; credentials/media/private profiles excluded from handoff"
"target/task12-dev-server.err.log","generated_or_historical_evidence","ignored","no literal reference found; not proof of unused","retain: see audit; credentials/media/private profiles excluded from handoff"
"target/task12-dev-server.out.log","generated_or_historical_evidence","ignored","no literal reference found; not proof of unused","retain: see audit; credentials/media/private profiles excluded from handoff"
"target/task12-dev-server.pid","generated_or_historical_evidence","ignored","no literal reference found; not proof of unused","retain: see audit; credentials/media/private profiles excluded from handoff"
"target/task12-final-client.log","generated_or_historical_evidence","ignored","filename:docs/project-status.md","retain: see audit; credentials/media/private profiles excluded from handoff"
"target/task12-final.png","generated_or_historical_evidence","ignored","filename:docs/project-status.md; path:scripts/collect-handoff-evidence.py","retain: see audit; credentials/media/private profiles excluded from handoff"
"target/task12-fixture-cleanup.sql","generated_or_historical_evidence","ignored","filename:docs/project-status.md","retain: see audit; credentials/media/private profiles excluded from handoff"
"target/task12-fixture-inspect.sql","generated_or_historical_evidence","ignored","no literal reference found; not proof of unused","retain: see audit; credentials/media/private profiles excluded from handoff"
"target/task12-fixture-inspect.txt","generated_or_historical_evidence","ignored","no literal reference found; not proof of unused","retain: see audit; credentials/media/private profiles excluded from handoff"
"target/task12-history-mobile.png","generated_or_historical_evidence","ignored","filename:docs/project-status.md; path:scripts/collect-handoff-evidence.py","retain: see audit; credentials/media/private profiles excluded from handoff"
"target/task12-image.png","generated_or_historical_evidence","ignored","no literal reference found; not proof of unused","retain: see audit; credentials/media/private profiles excluded from handoff"
"target/task12-mysql-evidence.txt","generated_or_historical_evidence","ignored","filename:docs/project-status.md","retain: see audit; credentials/media/private profiles excluded from handoff"
"target/task12-package.log","generated_or_historical_evidence","ignored","filename:docs/project-status.md","retain: see audit; credentials/media/private profiles excluded from handoff"
"target/task12-readiness.json","generated_or_historical_evidence","ignored","no literal reference found; not proof of unused","retain: see audit; credentials/media/private profiles excluded from handoff"
"target/task12-server.err.log","generated_or_historical_evidence","ignored","no literal reference found; not proof of unused","retain: see audit; credentials/media/private profiles excluded from handoff"
"target/task12-server.out.log","generated_or_historical_evidence","ignored","no literal reference found; not proof of unused","retain: see audit; credentials/media/private profiles excluded from handoff"
"target/task12-server.pid","generated_or_historical_evidence","ignored","no literal reference found; not proof of unused","retain: see audit; credentials/media/private profiles excluded from handoff"
"target/task12-smoke.log","generated_or_historical_evidence","ignored","no literal reference found; not proof of unused","retain: see audit; credentials/media/private profiles excluded from handoff"
"target/task12-unit.log","generated_or_historical_evidence","ignored","no literal reference found; not proof of unused","retain: see audit; credentials/media/private profiles excluded from handoff"
"target/task12-verification.json","generated_or_historical_evidence","ignored","filename:docs/project-status.md","retain: see audit; credentials/media/private profiles excluded from handoff"
"target/task13-check-mysql.sql","generated_or_historical_evidence","ignored","no literal reference found; not proof of unused","retain: see audit; credentials/media/private profiles excluded from handoff"
"target/task13-client-tests.json","generated_or_historical_evidence","ignored","filename:docs/project-status.md","retain: see audit; credentials/media/private profiles excluded from handoff"
"target/task13-client.log","generated_or_historical_evidence","ignored","filename:docs/project-status.md","retain: see audit; credentials/media/private profiles excluded from handoff"
"target/task13-evidence.json","generated_or_historical_evidence","ignored","filename:docs/project-status.md; path:experiments/handoff/historical-task14-review-evidence.json; filename:experiments/handoff/historical-task15-evidence-index.md; filename:experiments/handoff/sha256.json; path:scripts/collect-handoff-evidence.py; path:target/task14-review-evidence.json","retain: see audit; credentials/media/private profiles excluded from handoff"
"target/task13-evidence.py","generated_or_historical_evidence","ignored","no literal reference found; not proof of unused","retain: see audit; credentials/media/private profiles excluded from handoff"
"target/task13-focused-integration.log","generated_or_historical_evidence","ignored","no literal reference found; not proof of unused","retain: see audit; credentials/media/private profiles excluded from handoff"
"target/task13-full-suite.log","generated_or_historical_evidence","ignored","path:docs/project-status.md","retain: see audit; credentials/media/private profiles excluded from handoff"
"target/task13-isolation.log","generated_or_historical_evidence","ignored","no literal reference found; not proof of unused","retain: see audit; credentials/media/private profiles excluded from handoff"
"target/task13-mysql-evidence.txt","generated_or_historical_evidence","ignored","filename:docs/project-status.md","retain: see audit; credentials/media/private profiles excluded from handoff"
"target/task13-review-server-error.log","generated_or_historical_evidence","ignored","no literal reference found; not proof of unused","retain: see audit; credentials/media/private profiles excluded from handoff"
"target/task13-review-server.log","generated_or_historical_evidence","ignored","no literal reference found; not proof of unused","retain: see audit; credentials/media/private profiles excluded from handoff"
"target/task13-review-server.pid","generated_or_historical_evidence","ignored","no literal reference found; not proof of unused","retain: see audit; credentials/media/private profiles excluded from handoff"
"target/task13-structure.log","generated_or_historical_evidence","ignored","no literal reference found; not proof of unused","retain: see audit; credentials/media/private profiles excluded from handoff"
"target/task13-summarize.py","generated_or_historical_evidence","ignored","no literal reference found; not proof of unused","retain: see audit; credentials/media/private profiles excluded from handoff"
"target/task13-test-summary.json","generated_or_historical_evidence","ignored","filename:docs/project-status.md; path:experiments/handoff/historical-task14-review-evidence.json; filename:experiments/handoff/historical-task15-evidence-index.md; filename:experiments/handoff/sha256.json; path:scripts/collect-handoff-evidence.py; path:target/task14-review-evidence.json","retain: see audit; credentials/media/private profiles excluded from handoff"
"target/task14-focused.log","generated_or_historical_evidence","ignored","no literal reference found; not proof of unused","retain: see audit; credentials/media/private profiles excluded from handoff"
"target/task14-mysql-evidence.txt","generated_or_historical_evidence","ignored","filename:docs/project-status.md","retain: see audit; credentials/media/private profiles excluded from handoff"
"target/task14-regression.log","generated_or_historical_evidence","ignored","path:docs/project-status.md","retain: see audit; credentials/media/private profiles excluded from handoff"
"target/task14-reproduce.log","generated_or_historical_evidence","ignored","filename:docs/project-status.md","retain: see audit; credentials/media/private profiles excluded from handoff"
"target/task14-review-evidence.json","generated_or_historical_evidence","ignored","filename:docs/project-status.md; filename:experiments/handoff/historical-task15-evidence-index.md; filename:experiments/handoff/sha256.json; path:scripts/collect-handoff-evidence.py","retain: see audit; credentials/media/private profiles excluded from handoff"
"target/task14-start-auth-reproduce.log","generated_or_historical_evidence","ignored","filename:docs/project-status.md","retain: see audit; credentials/media/private profiles excluded from handoff"
"target/task14-summary.py","generated_or_historical_evidence","ignored","no literal reference found; not proof of unused","retain: see audit; credentials/media/private profiles excluded from handoff"
"target/task15-client-tests.json","generated_or_historical_evidence","ignored","filename:experiments/handoff/historical-task15-evidence-index.md; filename:experiments/handoff/sha256.json; path:scripts/collect-handoff-evidence.py; filename:README.md","retain: see audit; credentials/media/private profiles excluded from handoff"
"target/task15-client.log","generated_or_historical_evidence","ignored","filename:experiments/handoff/historical-task15-evidence-index.md; filename:experiments/handoff/sha256.json; path:scripts/collect-handoff-evidence.py","retain: see audit; credentials/media/private profiles excluded from handoff"
"target/task15-compile.log","generated_or_historical_evidence","ignored","no literal reference found; not proof of unused","retain: see audit; credentials/media/private profiles excluded from handoff"
"target/task15-experiment.log","generated_or_historical_evidence","ignored","no literal reference found; not proof of unused","retain: see audit; credentials/media/private profiles excluded from handoff"
"target/task15-final-summary.log","generated_or_historical_evidence","ignored","no literal reference found; not proof of unused","retain: see audit; credentials/media/private profiles excluded from handoff"
"target/task15-handoff-collect.log","generated_or_historical_evidence","ignored","no literal reference found; not proof of unused","retain: see audit; credentials/media/private profiles excluded from handoff"
"target/task15-harness-help.txt","generated_or_historical_evidence","ignored","no literal reference found; not proof of unused","retain: see audit; credentials/media/private profiles excluded from handoff"
"target/task15-mysql-evidence.txt","generated_or_historical_evidence","ignored","filename:experiments/handoff/historical-task15-evidence-index.md; filename:experiments/handoff/sha256.json; path:scripts/collect-handoff-evidence.py","retain: see audit; credentials/media/private profiles excluded from handoff"
"target/task15-overwrite-guard.log","generated_or_historical_evidence","ignored","no literal reference found; not proof of unused","retain: see audit; credentials/media/private profiles excluded from handoff"
"target/task15-pilot.log","generated_or_historical_evidence","ignored","no literal reference found; not proof of unused","retain: see audit; credentials/media/private profiles excluded from handoff"
"target/task15-pilot/","generated_or_historical_evidence","ignored","no literal reference found; not proof of unused","retain: see audit; credentials/media/private profiles excluded from handoff"
"target/task15-readiness.json","generated_or_historical_evidence","ignored","filename:experiments/handoff/historical-task15-evidence-index.md; filename:experiments/handoff/sha256.json; path:scripts/collect-handoff-evidence.py","retain: see audit; credentials/media/private profiles excluded from handoff"
"target/task15-regression.log","generated_or_historical_evidence","ignored","filename:experiments/handoff/historical-task15-evidence-index.md; filename:experiments/handoff/sha256.json; path:scripts/collect-handoff-evidence.py","retain: see audit; credentials/media/private profiles excluded from handoff"
"target/task15-sample.properties","generated_or_historical_evidence","ignored","path:scripts/collect-handoff-evidence.py","retain: see audit; credentials/media/private profiles excluded from handoff"
"target/task15-smoke-images/","generated_or_historical_evidence","ignored","no literal reference found; not proof of unused","retain: see audit; credentials/media/private profiles excluded from handoff"
"target/task15-smoke-server-error.log","generated_or_historical_evidence","ignored","filename:experiments/handoff/sha256.json; path:scripts/collect-handoff-evidence.py","retain: see audit; credentials/media/private profiles excluded from handoff"
"target/task15-smoke-server.log","generated_or_historical_evidence","ignored","filename:experiments/handoff/historical-task15-evidence-index.md; filename:experiments/handoff/sha256.json; path:scripts/collect-handoff-evidence.py","retain: see audit; credentials/media/private profiles excluded from handoff"
"target/task15-smoke-server.pid","generated_or_historical_evidence","ignored","no literal reference found; not proof of unused","retain: see audit; credentials/media/private profiles excluded from handoff"
"target/task16-edge-validation.log","generated_or_historical_evidence","ignored","path:docs/project-status.md","retain: see audit; credentials/media/private profiles excluded from handoff"
"target/task16-mysql-evidence.json","generated_or_historical_evidence","ignored","path:docs/project-status.md","retain: see audit; credentials/media/private profiles excluded from handoff"
"target/task16-verify.log","generated_or_historical_evidence","ignored","path:docs/project-status.md","retain: see audit; credentials/media/private profiles excluded from handoff"
"target/task17-gate-regression.log","generated_or_historical_evidence","ignored","path:docs/project-status.md; path:target/task17-mysql-evidence.json","retain: see audit; credentials/media/private profiles excluded from handoff"
"target/task17-mysql-evidence.json","generated_or_historical_evidence","ignored","path:docs/project-status.md","retain: see audit; credentials/media/private profiles excluded from handoff"
"target/task17-regression.log","generated_or_historical_evidence","ignored","path:docs/project-status.md; path:target/task17-mysql-evidence.json","retain: see audit; credentials/media/private profiles excluded from handoff"
"target/task18-browser-db.tsv","generated_or_historical_evidence","ignored","path:docs/project-status.md; path:target/task18-evidence.json","retain: see audit; credentials/media/private profiles excluded from handoff"
"target/task18-browser-protocol.json","generated_or_historical_evidence","ignored","path:docs/project-status.md; path:scripts/test-multimode-protocol.py; path:target/task18-evidence.json","retain: see audit; credentials/media/private profiles excluded from handoff"
"target/task18-browser.log","generated_or_historical_evidence","ignored","path:docs/project-status.md; path:target/task18-evidence.json","retain: see audit; credentials/media/private profiles excluded from handoff"
"target/task18-engine.log","generated_or_historical_evidence","ignored","no literal reference found; not proof of unused","retain: see audit; credentials/media/private profiles excluded from handoff"
"target/task18-evidence.json","generated_or_historical_evidence","ignored","path:docs/project-status.md","retain: see audit; credentials/media/private profiles excluded from handoff"
"target/task18-focused.log","generated_or_historical_evidence","ignored","no literal reference found; not proof of unused","retain: see audit; credentials/media/private profiles excluded from handoff"
"target/task18-public-start.log","generated_or_historical_evidence","ignored","no literal reference found; not proof of unused","retain: see audit; credentials/media/private profiles excluded from handoff"
"target/task18-regression-before-contract-assertions.log","generated_or_historical_evidence","ignored","path:docs/project-status.md; path:target/task18-evidence.json","retain: see audit; credentials/media/private profiles excluded from handoff"
"target/task18-schema-regression.log","generated_or_historical_evidence","ignored","path:docs/project-status.md; path:target/task18-evidence.json","retain: see audit; credentials/media/private profiles excluded from handoff"
"target/task18-server-smoke.log","generated_or_historical_evidence","ignored","path:target/task18-evidence.json","retain: see audit; credentials/media/private profiles excluded from handoff"
"target/task19-browser-db.tsv","generated_or_historical_evidence","ignored","path:docs/project-status.md; path:target/task19-evidence.json","retain: see audit; credentials/media/private profiles excluded from handoff"
"target/task19-browser.log","generated_or_historical_evidence","ignored","path:docs/project-status.md","retain: see audit; credentials/media/private profiles excluded from handoff"
"target/task19-client-tests.json","generated_or_historical_evidence","ignored","path:docs/project-status.md; filename:scripts/test-multimode-client.py; path:target/task19-evidence.json","retain: see audit; credentials/media/private profiles excluded from handoff"
"target/task19-evidence.json","generated_or_historical_evidence","ignored","path:docs/project-status.md","retain: see audit; credentials/media/private profiles excluded from handoff"
"target/task19-final-desktop.png","generated_or_historical_evidence","ignored","path:docs/project-status.md","retain: see audit; credentials/media/private profiles excluded from handoff"
"target/task19-history-desktop.png","generated_or_historical_evidence","ignored","path:docs/project-status.md","retain: see audit; credentials/media/private profiles excluded from handoff"
"target/task19-history-mobile.png","generated_or_historical_evidence","ignored","path:docs/project-status.md; path:scripts/test-multimode-client.py","retain: see audit; credentials/media/private profiles excluded from handoff"
"target/task19-package.log","generated_or_historical_evidence","ignored","path:docs/project-status.md; path:target/task19-evidence.json","retain: see audit; credentials/media/private profiles excluded from handoff"
"target/task19-quiz-result.png","generated_or_historical_evidence","ignored","path:scripts/test-multimode-client.py","retain: see audit; credentials/media/private profiles excluded from handoff"
"target/task19-riddle-result.png","generated_or_historical_evidence","ignored","path:scripts/test-multimode-client.py","retain: see audit; credentials/media/private profiles excluded from handoff"
"target/task19-server-smoke.log","generated_or_historical_evidence","ignored","no literal reference found; not proof of unused","retain: see audit; credentials/media/private profiles excluded from handoff"
"target/task19-visual.json","generated_or_historical_evidence","ignored","path:target/task19-evidence.json","retain: see audit; credentials/media/private profiles excluded from handoff"
"target/task2-compile.log","generated_or_historical_evidence","ignored","no literal reference found; not proof of unused","retain: see audit; credentials/media/private profiles excluded from handoff"
"target/task2-schema-columns.txt","generated_or_historical_evidence","ignored","path:docs/project-status.md","retain: see audit; credentials/media/private profiles excluded from handoff"
"target/task2-verify.log","generated_or_historical_evidence","ignored","path:docs/project-status.md","retain: see audit; credentials/media/private profiles excluded from handoff"
"target/task20-browser-db.tsv","generated_or_historical_evidence","ignored","filename:docs/project-status.md; path:target/task20-evidence.json","retain: see audit; credentials/media/private profiles excluded from handoff"
"target/task20-browser.log","generated_or_historical_evidence","ignored","filename:docs/project-status.md","retain: see audit; credentials/media/private profiles excluded from handoff"
"target/task20-client-tests.json","generated_or_historical_evidence","ignored","filename:docs/project-status.md; path:scripts/test-arrangement-client.py; path:target/task20-evidence.json","retain: see audit; credentials/media/private profiles excluded from handoff"
"target/task20-evidence.json","generated_or_historical_evidence","ignored","filename:docs/project-status.md","retain: see audit; credentials/media/private profiles excluded from handoff"
"target/task20-final.png","generated_or_historical_evidence","ignored","path:scripts/test-arrangement-client.py","retain: see audit; credentials/media/private profiles excluded from handoff"
"target/task20-history-mobile.png","generated_or_historical_evidence","ignored","path:scripts/test-arrangement-client.py","retain: see audit; credentials/media/private profiles excluded from handoff"
"target/task20-integration.log","generated_or_historical_evidence","ignored","filename:docs/project-status.md; path:target/task20-evidence.json","retain: see audit; credentials/media/private profiles excluded from handoff"
"target/task20-ordering-result.png","generated_or_historical_evidence","ignored","path:scripts/test-arrangement-client.py","retain: see audit; credentials/media/private profiles excluded from handoff"
"target/task20-package-static.log","generated_or_historical_evidence","ignored","path:target/task20-evidence.json","retain: see audit; credentials/media/private profiles excluded from handoff"
"target/task20-package.log","generated_or_historical_evidence","ignored","path:docs/project-status.md; path:target/task20-evidence.json","retain: see audit; credentials/media/private profiles excluded from handoff"
"target/task20-server.log","generated_or_historical_evidence","ignored","path:target/task20-evidence.json","retain: see audit; credentials/media/private profiles excluded from handoff"
"target/task20-vietnamese-mobile.png","generated_or_historical_evidence","ignored","path:scripts/test-arrangement-client.py","retain: see audit; credentials/media/private profiles excluded from handoff"
"target/task21-browser-db.sql","generated_or_historical_evidence","ignored","no literal reference found; not proof of unused","retain: see audit; credentials/media/private profiles excluded from handoff"
"target/task21-browser-db.tsv","generated_or_historical_evidence","ignored","filename:docs/project-status.md; path:experiments/handoff/2026-10-10-seven-modes/task21-evidence.json; path:target/task21-evidence.json","retain: see audit; credentials/media/private profiles excluded from handoff"
"target/task21-browser-final.log","generated_or_historical_evidence","ignored","path:experiments/handoff/2026-10-10-seven-modes/task21-evidence.json; path:target/task21-evidence.json","retain: see audit; credentials/media/private profiles excluded from handoff"
"target/task21-browser-pass.log","generated_or_historical_evidence","ignored","filename:docs/project-status.md; path:experiments/handoff/2026-10-10-seven-modes/task21-evidence.json; path:target/task21-evidence.json","retain: see audit; credentials/media/private profiles excluded from handoff"
"target/task21-browser.log","generated_or_historical_evidence","ignored","path:experiments/handoff/2026-10-10-seven-modes/task21-evidence.json; path:target/task21-evidence.json","retain: see audit; credentials/media/private profiles excluded from handoff"
"target/task21-client-tests.json","generated_or_historical_evidence","ignored","filename:docs/project-status.md; path:experiments/handoff/2026-10-10-seven-modes/archive-map.json; path:experiments/handoff/2026-10-10-seven-modes/task21-evidence.json; path:scripts/test-image-word-client.py; path:target/task21-evidence.json","retain: see audit; credentials/media/private profiles excluded from handoff"
"target/task21-evidence.json","generated_or_historical_evidence","ignored","filename:docs/project-status.md; path:experiments/handoff/2026-10-10-seven-modes/archive-map.json; path:experiments/handoff/2026-10-10-seven-modes/task24-evidence.json; path:target/task24-evidence.json","retain: see audit; credentials/media/private profiles excluded from handoff"
"target/task21-final.png","generated_or_historical_evidence","ignored","path:scripts/test-image-word-client.py","retain: see audit; credentials/media/private profiles excluded from handoff"
"target/task21-history-mobile.png","generated_or_historical_evidence","ignored","path:scripts/test-image-word-client.py","retain: see audit; credentials/media/private profiles excluded from handoff"
"target/task21-integration-final.log","generated_or_historical_evidence","ignored","filename:docs/project-status.md; path:experiments/handoff/2026-10-10-seven-modes/task21-evidence.json; path:target/task21-evidence.json","retain: see audit; credentials/media/private profiles excluded from handoff"
"target/task21-integration-fixed.log","generated_or_historical_evidence","ignored","no literal reference found; not proof of unused","retain: see audit; credentials/media/private profiles excluded from handoff"
"target/task21-integration.log","generated_or_historical_evidence","ignored","path:experiments/handoff/2026-10-10-seven-modes/task21-evidence.json; path:target/task21-evidence.json","retain: see audit; credentials/media/private profiles excluded from handoff"
"target/task21-missing-image-mobile.png","generated_or_historical_evidence","ignored","path:experiments/handoff/2026-10-10-seven-modes/archive-map.json; path:scripts/test-image-word-client.py","retain: see audit; credentials/media/private profiles excluded from handoff"
"target/task21-package-static.log","generated_or_historical_evidence","ignored","path:experiments/handoff/2026-10-10-seven-modes/task21-evidence.json; path:target/task21-evidence.json","retain: see audit; credentials/media/private profiles excluded from handoff"
"target/task21-package.log","generated_or_historical_evidence","ignored","path:docs/project-status.md; path:experiments/handoff/2026-10-10-seven-modes/task21-evidence.json; path:target/task21-evidence.json","retain: see audit; credentials/media/private profiles excluded from handoff"
"target/task21-server.log","generated_or_historical_evidence","ignored","no literal reference found; not proof of unused","retain: see audit; credentials/media/private profiles excluded from handoff"
"target/task21-test-images/","generated_or_historical_evidence","ignored","no literal reference found; not proof of unused","retain: see audit; credentials/media/private profiles excluded from handoff"
"target/task21-upload-0.png","generated_or_historical_evidence","ignored","no literal reference found; not proof of unused","retain: see audit; credentials/media/private profiles excluded from handoff"
"target/task21-upload-1.png","generated_or_historical_evidence","ignored","no literal reference found; not proof of unused","retain: see audit; credentials/media/private profiles excluded from handoff"
"target/task22-browser-db.sql","generated_or_historical_evidence","ignored","no literal reference found; not proof of unused","retain: see audit; credentials/media/private profiles excluded from handoff"
"target/task22-browser-db.tsv","generated_or_historical_evidence","ignored","path:docs/project-status.md; path:experiments/handoff/2026-10-10-seven-modes/task22-evidence.json; path:target/task22-evidence.json","retain: see audit; credentials/media/private profiles excluded from handoff"
"target/task22-browser.log","generated_or_historical_evidence","ignored","path:experiments/handoff/2026-10-10-seven-modes/task22-evidence.json; path:target/task22-evidence.json","retain: see audit; credentials/media/private profiles excluded from handoff"
"target/task22-client-tests.json","generated_or_historical_evidence","ignored","path:docs/project-status.md; path:experiments/handoff/2026-10-10-seven-modes/archive-map.json; path:experiments/handoff/2026-10-10-seven-modes/task22-evidence.json; path:scripts/test-song-client.py; path:target/task22-evidence.json","retain: see audit; credentials/media/private profiles excluded from handoff"
"target/task22-evidence.json","generated_or_historical_evidence","ignored","path:docs/project-status.md; path:experiments/handoff/2026-10-10-seven-modes/archive-map.json; path:experiments/handoff/2026-10-10-seven-modes/task24-evidence.json; path:target/task24-evidence.json","retain: see audit; credentials/media/private profiles excluded from handoff"
"target/task22-final.png","generated_or_historical_evidence","ignored","path:scripts/test-song-client.py","retain: see audit; credentials/media/private profiles excluded from handoff"
"target/task22-fixture-generation.log","generated_or_historical_evidence","ignored","no literal reference found; not proof of unused","retain: see audit; credentials/media/private profiles excluded from handoff"
"target/task22-history-mobile.png","generated_or_historical_evidence","ignored","path:scripts/test-song-client.py","retain: see audit; credentials/media/private profiles excluded from handoff"
"target/task22-integration-corrected.log","generated_or_historical_evidence","ignored","path:experiments/handoff/2026-10-10-seven-modes/task22-evidence.json; path:target/task22-evidence.json","retain: see audit; credentials/media/private profiles excluded from handoff"
"target/task22-integration-final.log","generated_or_historical_evidence","ignored","path:experiments/handoff/2026-10-10-seven-modes/task22-evidence.json; path:target/task22-evidence.json","retain: see audit; credentials/media/private profiles excluded from handoff"
"target/task22-media-unit.log","generated_or_historical_evidence","ignored","no literal reference found; not proof of unused","retain: see audit; credentials/media/private profiles excluded from handoff"
"target/task22-missing-video-mobile.png","generated_or_historical_evidence","ignored","path:experiments/handoff/2026-10-10-seven-modes/archive-map.json; path:scripts/test-song-client.py","retain: see audit; credentials/media/private profiles excluded from handoff"
"target/task22-package-final.log","generated_or_historical_evidence","ignored","path:experiments/handoff/2026-10-10-seven-modes/task22-evidence.json; path:target/task22-evidence.json","retain: see audit; credentials/media/private profiles excluded from handoff"
"target/task22-package-static.log","generated_or_historical_evidence","ignored","path:experiments/handoff/2026-10-10-seven-modes/task22-evidence.json; path:target/task22-evidence.json","retain: see audit; credentials/media/private profiles excluded from handoff"
"target/task22-server.log","generated_or_historical_evidence","ignored","no literal reference found; not proof of unused","retain: see audit; credentials/media/private profiles excluded from handoff"
"target/task22-song-integration.log","generated_or_historical_evidence","ignored","no literal reference found; not proof of unused","retain: see audit; credentials/media/private profiles excluded from handoff"
"target/task22-test-videos/","generated_or_historical_evidence","ignored","no literal reference found; not proof of unused","retain: see audit; credentials/media/private profiles excluded from handoff"
"target/task22-video-integrity.log","generated_or_historical_evidence","ignored","path:experiments/handoff/2026-10-10-seven-modes/task22-evidence.json; path:target/task22-evidence.json","retain: see audit; credentials/media/private profiles excluded from handoff"
"target/task23-authoring-final.log","generated_or_historical_evidence","ignored","path:experiments/handoff/2026-10-10-seven-modes/task23-evidence.json; path:target/task23-evidence.json","retain: see audit; credentials/media/private profiles excluded from handoff"
"target/task23-browser-complete.log","generated_or_historical_evidence","ignored","path:experiments/handoff/2026-10-10-seven-modes/task23-evidence.json; path:target/task23-evidence.json","retain: see audit; credentials/media/private profiles excluded from handoff"
"target/task23-browser-db.sql","generated_or_historical_evidence","ignored","path:experiments/handoff/2026-10-10-seven-modes/task23-evidence.json; path:target/task23-evidence.json","retain: see audit; credentials/media/private profiles excluded from handoff"
"target/task23-browser-db.tsv","generated_or_historical_evidence","ignored","path:docs/project-status.md; path:experiments/handoff/2026-10-10-seven-modes/task23-evidence.json; path:target/task23-evidence.json","retain: see audit; credentials/media/private profiles excluded from handoff"
"target/task23-browser-final.log","generated_or_historical_evidence","ignored","path:experiments/handoff/2026-10-10-seven-modes/task23-evidence.json; path:target/task23-evidence.json","retain: see audit; credentials/media/private profiles excluded from handoff"
"target/task23-browser-pass.log","generated_or_historical_evidence","ignored","path:experiments/handoff/2026-10-10-seven-modes/task23-evidence.json; path:target/task23-evidence.json","retain: see audit; credentials/media/private profiles excluded from handoff"
"target/task23-browser-verified.log","generated_or_historical_evidence","ignored","path:experiments/handoff/2026-10-10-seven-modes/task23-evidence.json; path:target/task23-evidence.json","retain: see audit; credentials/media/private profiles excluded from handoff"
"target/task23-browser.log","generated_or_historical_evidence","ignored","path:experiments/handoff/2026-10-10-seven-modes/task23-evidence.json; path:target/task23-evidence.json","retain: see audit; credentials/media/private profiles excluded from handoff"
"target/task23-client-tests-before-harness-fix.json","generated_or_historical_evidence","ignored","path:experiments/handoff/2026-10-10-seven-modes/task23-evidence.json; path:target/task23-evidence.json","retain: see audit; credentials/media/private profiles excluded from handoff"
"target/task23-client-tests-before-history-selector.json","generated_or_historical_evidence","ignored","path:experiments/handoff/2026-10-10-seven-modes/task23-evidence.json; path:target/task23-evidence.json","retain: see audit; credentials/media/private profiles excluded from handoff"
"target/task23-client-tests-before-retry-barrier.json","generated_or_historical_evidence","ignored","path:experiments/handoff/2026-10-10-seven-modes/task23-evidence.json; path:target/task23-evidence.json","retain: see audit; credentials/media/private profiles excluded from handoff"
"target/task23-client-tests-before-score-assertion.json","generated_or_historical_evidence","ignored","path:experiments/handoff/2026-10-10-seven-modes/task23-evidence.json; path:target/task23-evidence.json","retain: see audit; credentials/media/private profiles excluded from handoff"
"target/task23-client-tests.json","generated_or_historical_evidence","ignored","path:docs/project-status.md; path:experiments/handoff/2026-10-10-seven-modes/archive-map.json; path:experiments/handoff/2026-10-10-seven-modes/task23-evidence.json; path:scripts/test-clues-client.py; path:target/task23-evidence.json","retain: see audit; credentials/media/private profiles excluded from handoff"
"target/task23-clues-corrected.log","generated_or_historical_evidence","ignored","path:experiments/handoff/2026-10-10-seven-modes/task23-evidence.json; path:target/task23-evidence.json","retain: see audit; credentials/media/private profiles excluded from handoff"
"target/task23-compile.log","generated_or_historical_evidence","ignored","path:experiments/handoff/2026-10-10-seven-modes/task23-evidence.json; path:target/task23-evidence.json","retain: see audit; credentials/media/private profiles excluded from handoff"
"target/task23-evidence.json","generated_or_historical_evidence","ignored","path:docs/project-status.md; path:experiments/handoff/2026-10-10-seven-modes/archive-map.json; path:experiments/handoff/2026-10-10-seven-modes/task24-evidence.json; path:target/task24-evidence.json","retain: see audit; credentials/media/private profiles excluded from handoff"
"target/task23-final.png","generated_or_historical_evidence","ignored","path:experiments/handoff/2026-10-10-seven-modes/task23-evidence.json; path:scripts/test-clues-client.py; path:target/task23-evidence.json","retain: see audit; credentials/media/private profiles excluded from handoff"
"target/task23-focused.log","generated_or_historical_evidence","ignored","path:experiments/handoff/2026-10-10-seven-modes/task23-evidence.json; path:target/task23-evidence.json","retain: see audit; credentials/media/private profiles excluded from handoff"
"target/task23-history-mobile.png","generated_or_historical_evidence","ignored","path:experiments/handoff/2026-10-10-seven-modes/task23-evidence.json; path:scripts/test-clues-client.py; path:target/task23-evidence.json","retain: see audit; credentials/media/private profiles excluded from handoff"
"target/task23-package-static.log","generated_or_historical_evidence","ignored","path:experiments/handoff/2026-10-10-seven-modes/task23-evidence.json; path:target/task23-evidence.json","retain: see audit; credentials/media/private profiles excluded from handoff"
"target/task23-reconnect-mobile.png","generated_or_historical_evidence","ignored","path:experiments/handoff/2026-10-10-seven-modes/task23-evidence.json; path:scripts/test-clues-client.py; path:target/task23-evidence.json","retain: see audit; credentials/media/private profiles excluded from handoff"
"target/task23-regression-final.log","generated_or_historical_evidence","ignored","path:experiments/handoff/2026-10-10-seven-modes/task23-evidence.json; path:target/task23-evidence.json","retain: see audit; credentials/media/private profiles excluded from handoff"
"target/task23-server-final.log","generated_or_historical_evidence","ignored","path:experiments/handoff/2026-10-10-seven-modes/task23-evidence.json; path:target/task23-evidence.json","retain: see audit; credentials/media/private profiles excluded from handoff"
"target/task23-server.log","generated_or_historical_evidence","ignored","path:experiments/handoff/2026-10-10-seven-modes/task23-evidence.json; path:target/task23-evidence.json","retain: see audit; credentials/media/private profiles excluded from handoff"
"target/task23-start-regression.log","generated_or_historical_evidence","ignored","path:experiments/handoff/2026-10-10-seven-modes/task23-evidence.json; path:target/task23-evidence.json","retain: see audit; credentials/media/private profiles excluded from handoff"
"target/task24-browser-db.sql","generated_or_historical_evidence","ignored","path:experiments/handoff/2026-10-10-seven-modes/archive-map.json; path:experiments/handoff/2026-10-10-seven-modes/task24-evidence.json; path:target/task24-evidence.json","retain: see audit; credentials/media/private profiles excluded from handoff"
"target/task24-browser-db.tsv","generated_or_historical_evidence","ignored","path:docs/project-status.md; path:experiments/handoff/2026-10-10-seven-modes/archive-map.json; path:experiments/handoff/2026-10-10-seven-modes/task24-evidence.json; path:target/task24-evidence.json","retain: see audit; credentials/media/private profiles excluded from handoff"
"target/task24-browser.log","generated_or_historical_evidence","ignored","path:experiments/handoff/2026-10-10-seven-modes/archive-map.json; path:experiments/handoff/2026-10-10-seven-modes/task24-evidence.json; path:target/task24-evidence.json","retain: see audit; credentials/media/private profiles excluded from handoff"
"target/task24-client-tests.json","generated_or_historical_evidence","ignored","path:docs/project-status.md; path:experiments/handoff/2026-10-10-seven-modes/archive-map.json; path:experiments/handoff/2026-10-10-seven-modes/task24-evidence.json; path:README.md; path:target/task24-evidence.json","retain: see audit; credentials/media/private profiles excluded from handoff"
"target/task24-evidence.json","generated_or_historical_evidence","ignored","path:docs/project-status.md; path:experiments/handoff/2026-10-10-seven-modes/archive-map.json","retain: see audit; credentials/media/private profiles excluded from handoff"
"target/task24-focused.log","generated_or_historical_evidence","ignored","path:experiments/handoff/2026-10-10-seven-modes/archive-map.json; path:experiments/handoff/2026-10-10-seven-modes/task24-evidence.json; path:target/task24-evidence.json","retain: see audit; credentials/media/private profiles excluded from handoff"
"target/task24-full-verify.log","generated_or_historical_evidence","ignored","path:docs/project-status.md; path:experiments/handoff/2026-10-10-seven-modes/archive-map.json; path:experiments/handoff/2026-10-10-seven-modes/task24-evidence.json; path:target/task24-evidence.json","retain: see audit; credentials/media/private profiles excluded from handoff"
"target/task24-image-fixture.png","generated_or_historical_evidence","ignored","path:experiments/handoff/2026-10-10-seven-modes/archive-map.json; path:experiments/handoff/2026-10-10-seven-modes/task24-evidence.json; path:target/task24-evidence.json","retain: see audit; credentials/media/private profiles excluded from handoff"
"target/task24-legacy-migration.sql","generated_or_historical_evidence","ignored","path:experiments/handoff/2026-10-10-seven-modes/archive-map.json; path:experiments/handoff/2026-10-10-seven-modes/task24-evidence.json; path:target/task24-evidence.json","retain: see audit; credentials/media/private profiles excluded from handoff"
"target/task24-legacy-migration.tsv","generated_or_historical_evidence","ignored","path:experiments/handoff/2026-10-10-seven-modes/archive-map.json; path:experiments/handoff/2026-10-10-seven-modes/task24-evidence.json; path:target/task24-evidence.json","retain: see audit; credentials/media/private profiles excluded from handoff"
"target/task24-server.log","generated_or_historical_evidence","ignored","path:experiments/handoff/2026-10-10-seven-modes/archive-map.json; path:experiments/handoff/2026-10-10-seven-modes/task24-evidence.json; path:target/task24-evidence.json","retain: see audit; credentials/media/private profiles excluded from handoff"
"target/task24-seven-history-mobile.png","generated_or_historical_evidence","ignored","path:experiments/handoff/2026-10-10-seven-modes/archive-map.json; path:experiments/handoff/2026-10-10-seven-modes/task24-evidence.json; path:target/task24-evidence.json","retain: see audit; credentials/media/private profiles excluded from handoff"
"target/task25-after.log","generated_or_historical_evidence","ignored","path:docs/project-status.md","retain: see audit; credentials/media/private profiles excluded from handoff"
"target/task25-baseline-reports/","generated_or_historical_evidence","ignored","no literal reference found; not proof of unused","retain: see audit; credentials/media/private profiles excluded from handoff"
"target/task25-baseline-server.log","generated_or_historical_evidence","ignored","no literal reference found; not proof of unused","retain: see audit; credentials/media/private profiles excluded from handoff"
"target/task25-baseline.log","generated_or_historical_evidence","ignored","path:docs/project-status.md","retain: see audit; credentials/media/private profiles excluded from handoff"
"target/task25-before-manifest.json","generated_or_historical_evidence","ignored","path:docs/project-status.md","retain: see audit; credentials/media/private profiles excluded from handoff"
"target/task25-schema-after.sql","generated_or_historical_evidence","ignored","filename:docs/project-status.md","retain: see audit; credentials/media/private profiles excluded from handoff"
"target/task25-schema-before.sql","generated_or_historical_evidence","ignored","path:docs/project-status.md","retain: see audit; credentials/media/private profiles excluded from handoff"
"target/task25-ws-blocked.txt","generated_or_historical_evidence","ignored","no literal reference found; not proof of unused","retain: see audit; credentials/media/private profiles excluded from handoff"
"target/task3-baseline.log","generated_or_historical_evidence","ignored","path:docs/project-status.md","retain: see audit; credentials/media/private profiles excluded from handoff"
"target/task3-before-manifest.json","generated_or_historical_evidence","ignored","path:docs/project-status.md","retain: see audit; credentials/media/private profiles excluded from handoff"
"target/task3-compile.log","generated_or_historical_evidence","ignored","no literal reference found; not proof of unused","retain: see audit; credentials/media/private profiles excluded from handoff"
"target/task3-final-verify.log","generated_or_historical_evidence","ignored","path:docs/project-status.md","retain: see audit; credentials/media/private profiles excluded from handoff"
"target/task3-schema-after-normalized.sql","generated_or_historical_evidence","ignored","filename:docs/project-status.md","retain: see audit; credentials/media/private profiles excluded from handoff"
"target/task3-schema-after.sql","generated_or_historical_evidence","ignored","path:docs/project-status.md","retain: see audit; credentials/media/private profiles excluded from handoff"
"target/task3-verify.log","generated_or_historical_evidence","ignored","no literal reference found; not proof of unused","retain: see audit; credentials/media/private profiles excluded from handoff"
"target/task4-baseline.log","generated_or_historical_evidence","ignored","path:docs/project-status.md","retain: see audit; credentials/media/private profiles excluded from handoff"
"target/task4-before-manifest.json","generated_or_historical_evidence","ignored","path:docs/project-status.md","retain: see audit; credentials/media/private profiles excluded from handoff"
"target/task4-compile.log","generated_or_historical_evidence","ignored","no literal reference found; not proof of unused","retain: see audit; credentials/media/private profiles excluded from handoff"
"target/task4-final-verify.log","generated_or_historical_evidence","ignored","path:docs/project-status.md","retain: see audit; credentials/media/private profiles excluded from handoff"
"target/task4-schema-after.sql","generated_or_historical_evidence","ignored","path:docs/project-status.md","retain: see audit; credentials/media/private profiles excluded from handoff"
"target/task4-targeted.log","generated_or_historical_evidence","ignored","filename:docs/project-status.md","retain: see audit; credentials/media/private profiles excluded from handoff"
"target/task4-test-images/","generated_or_historical_evidence","ignored","no literal reference found; not proof of unused","retain: see audit; credentials/media/private profiles excluded from handoff"
"target/task4-verify.log","generated_or_historical_evidence","ignored","path:docs/project-status.md","retain: see audit; credentials/media/private profiles excluded from handoff"
"target/task5-baseline.log","generated_or_historical_evidence","ignored","path:docs/project-status.md","retain: see audit; credentials/media/private profiles excluded from handoff"
"target/task5-compile.log","generated_or_historical_evidence","ignored","no literal reference found; not proof of unused","retain: see audit; credentials/media/private profiles excluded from handoff"
"target/task5-focused-final.log","generated_or_historical_evidence","ignored","path:docs/project-status.md","retain: see audit; credentials/media/private profiles excluded from handoff"
"target/task5-protected-manifest.json","generated_or_historical_evidence","ignored","no literal reference found; not proof of unused","retain: see audit; credentials/media/private profiles excluded from handoff"
"target/task5-schema-after.sql","generated_or_historical_evidence","ignored","path:docs/project-status.md","retain: see audit; credentials/media/private profiles excluded from handoff"
"target/task5-server-error.log","generated_or_historical_evidence","ignored","filename:docs/project-status.md","retain: see audit; credentials/media/private profiles excluded from handoff"
"target/task5-server.log","generated_or_historical_evidence","ignored","path:docs/project-status.md","retain: see audit; credentials/media/private profiles excluded from handoff"
"target/task5-server.pid","generated_or_historical_evidence","ignored","filename:docs/project-status.md","retain: see audit; credentials/media/private profiles excluded from handoff"
"target/task5-verify-1.log","generated_or_historical_evidence","ignored","no literal reference found; not proof of unused","retain: see audit; credentials/media/private profiles excluded from handoff"
"target/task5-verify-final.log","generated_or_historical_evidence","ignored","path:docs/project-status.md","retain: see audit; credentials/media/private profiles excluded from handoff"
"target/task6-baseline.log","generated_or_historical_evidence","ignored","path:docs/project-status.md","retain: see audit; credentials/media/private profiles excluded from handoff"
"target/task6-before-manifest.json","generated_or_historical_evidence","ignored","path:docs/project-status.md","retain: see audit; credentials/media/private profiles excluded from handoff"
"target/task6-engine-tests.log","generated_or_historical_evidence","ignored","path:docs/project-status.md","retain: see audit; credentials/media/private profiles excluded from handoff"
"target/task6-pure-classes/","generated_or_historical_evidence","ignored","no literal reference found; not proof of unused","retain: see audit; credentials/media/private profiles excluded from handoff"
"target/task6-schema-after.sql","generated_or_historical_evidence","ignored","path:docs/project-status.md","retain: see audit; credentials/media/private profiles excluded from handoff"
"target/task6-server-error.log","generated_or_historical_evidence","ignored","path:docs/project-status.md","retain: see audit; credentials/media/private profiles excluded from handoff"
"target/task6-server.log","generated_or_historical_evidence","ignored","path:docs/project-status.md","retain: see audit; credentials/media/private profiles excluded from handoff"
"target/task6-server.pid","generated_or_historical_evidence","ignored","path:docs/project-status.md","retain: see audit; credentials/media/private profiles excluded from handoff"
"target/task6-verify-final.log","generated_or_historical_evidence","ignored","path:docs/project-status.md","retain: see audit; credentials/media/private profiles excluded from handoff"
"target/task7-before-manifest.json","generated_or_historical_evidence","ignored","no literal reference found; not proof of unused","retain: see audit; credentials/media/private profiles excluded from handoff"
"target/task7-build-unit.log","generated_or_historical_evidence","ignored","path:docs/project-status.md","retain: see audit; credentials/media/private profiles excluded from handoff"
"target/task7-compiled-classes.jar","generated_or_historical_evidence","ignored","path:docs/project-status.md","retain: see audit; credentials/media/private profiles excluded from handoff"
"target/task7-related-final.log","generated_or_historical_evidence","ignored","path:docs/project-status.md","retain: see audit; credentials/media/private profiles excluded from handoff"
"target/task7-related-tests.log","generated_or_historical_evidence","ignored","no literal reference found; not proof of unused","retain: see audit; credentials/media/private profiles excluded from handoff"
"target/task8-before-manifest.json","generated_or_historical_evidence","ignored","no literal reference found; not proof of unused","retain: see audit; credentials/media/private profiles excluded from handoff"
"target/task8-boundaries-it.log","generated_or_historical_evidence","ignored","no literal reference found; not proof of unused","retain: see audit; credentials/media/private profiles excluded from handoff"
"target/task8-final-verify.log","generated_or_historical_evidence","ignored","path:docs/project-status.md","retain: see audit; credentials/media/private profiles excluded from handoff"
"target/task8-lifecycle-it.log","generated_or_historical_evidence","ignored","no literal reference found; not proof of unused","retain: see audit; credentials/media/private profiles excluded from handoff"
"target/task8-mysql-evidence.txt","generated_or_historical_evidence","ignored","path:docs/project-status.md","retain: see audit; credentials/media/private profiles excluded from handoff"
"target/task8-readiness.json","generated_or_historical_evidence","ignored","path:docs/project-status.md","retain: see audit; credentials/media/private profiles excluded from handoff"
"target/task8-related-unit.log","generated_or_historical_evidence","ignored","no literal reference found; not proof of unused","retain: see audit; credentials/media/private profiles excluded from handoff"
"target/task8-rollback-it.log","generated_or_historical_evidence","ignored","no literal reference found; not proof of unused","retain: see audit; credentials/media/private profiles excluded from handoff"
"target/task8-server.err.log","generated_or_historical_evidence","ignored","no literal reference found; not proof of unused","retain: see audit; credentials/media/private profiles excluded from handoff"
"target/task8-server.out.log","generated_or_historical_evidence","ignored","path:docs/project-status.md","retain: see audit; credentials/media/private profiles excluded from handoff"
"target/task8-server.pid","generated_or_historical_evidence","ignored","no literal reference found; not proof of unused","retain: see audit; credentials/media/private profiles excluded from handoff"
"target/task9-before-manifest.json","generated_or_historical_evidence","ignored","no literal reference found; not proof of unused","retain: see audit; credentials/media/private profiles excluded from handoff"
"target/task9-final-verify.log","generated_or_historical_evidence","ignored","path:docs/project-status.md","retain: see audit; credentials/media/private profiles excluded from handoff"
"target/task9-game-it.log","generated_or_historical_evidence","ignored","no literal reference found; not proof of unused","retain: see audit; credentials/media/private profiles excluded from handoff"
"target/task9-mysql-evidence.txt","generated_or_historical_evidence","ignored","path:docs/project-status.md","retain: see audit; credentials/media/private profiles excluded from handoff"
"target/task9-new-unit.log","generated_or_historical_evidence","ignored","no literal reference found; not proof of unused","retain: see audit; credentials/media/private profiles excluded from handoff"
"target/task9-readiness.json","generated_or_historical_evidence","ignored","path:docs/project-status.md","retain: see audit; credentials/media/private profiles excluded from handoff"
"target/task9-related-unit.log","generated_or_historical_evidence","ignored","no literal reference found; not proof of unused","retain: see audit; credentials/media/private profiles excluded from handoff"
"target/task9-replay-admission-it.log","generated_or_historical_evidence","ignored","no literal reference found; not proof of unused","retain: see audit; credentials/media/private profiles excluded from handoff"
"target/task9-server.err.log","generated_or_historical_evidence","ignored","no literal reference found; not proof of unused","retain: see audit; credentials/media/private profiles excluded from handoff"
"target/task9-server.out.log","generated_or_historical_evidence","ignored","path:docs/project-status.md","retain: see audit; credentials/media/private profiles excluded from handoff"
"target/task9-server.pid","generated_or_historical_evidence","ignored","no literal reference found; not proof of unused","retain: see audit; credentials/media/private profiles excluded from handoff"
"target/test-classes/","generated_or_historical_evidence","ignored","no literal reference found; not proof of unused","retain: see audit; credentials/media/private profiles excluded from handoff"
"target/tomcat-docbase.8086.13047318051682024223/","generated_or_historical_evidence","ignored","no literal reference found; not proof of unused","retain: see audit; credentials/media/private profiles excluded from handoff"
"target/tomcat-docbase.8086.14449693697947879594/","generated_or_historical_evidence","ignored","no literal reference found; not proof of unused","retain: see audit; credentials/media/private profiles excluded from handoff"
"target/tomcat-docbase.8086.7051789111058813063/","generated_or_historical_evidence","ignored","no literal reference found; not proof of unused","retain: see audit; credentials/media/private profiles excluded from handoff"
"target/tomcat-docbase.8087.1158960236145295140/","generated_or_historical_evidence","ignored","no literal reference found; not proof of unused","retain: see audit; credentials/media/private profiles excluded from handoff"
"target/tomcat-docbase.8087.17853883752831542346/","generated_or_historical_evidence","ignored","no literal reference found; not proof of unused","retain: see audit; credentials/media/private profiles excluded from handoff"
"target/tomcat-docbase.8087.18401842122958285526/","generated_or_historical_evidence","ignored","no literal reference found; not proof of unused","retain: see audit; credentials/media/private profiles excluded from handoff"
"target/tomcat-docbase.8087.1930710738640607977/","generated_or_historical_evidence","ignored","no literal reference found; not proof of unused","retain: see audit; credentials/media/private profiles excluded from handoff"
"target/tomcat-docbase.8087.3794340531575935979/","generated_or_historical_evidence","ignored","no literal reference found; not proof of unused","retain: see audit; credentials/media/private profiles excluded from handoff"
"target/tomcat.0.10291221626545761202/","generated_or_historical_evidence","ignored","no literal reference found; not proof of unused","retain: see audit; credentials/media/private profiles excluded from handoff"
"target/tomcat.0.11072416951827833047/","generated_or_historical_evidence","ignored","no literal reference found; not proof of unused","retain: see audit; credentials/media/private profiles excluded from handoff"
"target/tomcat.0.12293954157057366393/","generated_or_historical_evidence","ignored","no literal reference found; not proof of unused","retain: see audit; credentials/media/private profiles excluded from handoff"
"target/tomcat.0.12825974399936763772/","generated_or_historical_evidence","ignored","no literal reference found; not proof of unused","retain: see audit; credentials/media/private profiles excluded from handoff"
"target/tomcat.0.12843195239326557494/","generated_or_historical_evidence","ignored","no literal reference found; not proof of unused","retain: see audit; credentials/media/private profiles excluded from handoff"
"target/tomcat.0.1329366399238425885/","generated_or_historical_evidence","ignored","no literal reference found; not proof of unused","retain: see audit; credentials/media/private profiles excluded from handoff"
"target/tomcat.0.13374196241764468227/","generated_or_historical_evidence","ignored","no literal reference found; not proof of unused","retain: see audit; credentials/media/private profiles excluded from handoff"
"target/tomcat.0.13378662484561161579/","generated_or_historical_evidence","ignored","no literal reference found; not proof of unused","retain: see audit; credentials/media/private profiles excluded from handoff"
"target/tomcat.0.13576000398789017408/","generated_or_historical_evidence","ignored","no literal reference found; not proof of unused","retain: see audit; credentials/media/private profiles excluded from handoff"
"target/tomcat.0.14014650652493776459/","generated_or_historical_evidence","ignored","no literal reference found; not proof of unused","retain: see audit; credentials/media/private profiles excluded from handoff"
"target/tomcat.0.14375471921264983783/","generated_or_historical_evidence","ignored","no literal reference found; not proof of unused","retain: see audit; credentials/media/private profiles excluded from handoff"
"target/tomcat.0.14395032198841896511/","generated_or_historical_evidence","ignored","no literal reference found; not proof of unused","retain: see audit; credentials/media/private profiles excluded from handoff"
"target/tomcat.0.14936927747814859632/","generated_or_historical_evidence","ignored","no literal reference found; not proof of unused","retain: see audit; credentials/media/private profiles excluded from handoff"
"target/tomcat.0.15072071167836112267/","generated_or_historical_evidence","ignored","no literal reference found; not proof of unused","retain: see audit; credentials/media/private profiles excluded from handoff"
"target/tomcat.0.15249093793607948589/","generated_or_historical_evidence","ignored","no literal reference found; not proof of unused","retain: see audit; credentials/media/private profiles excluded from handoff"
"target/tomcat.0.15555067995432591221/","generated_or_historical_evidence","ignored","no literal reference found; not proof of unused","retain: see audit; credentials/media/private profiles excluded from handoff"
"target/tomcat.0.15818296081538042089/","generated_or_historical_evidence","ignored","no literal reference found; not proof of unused","retain: see audit; credentials/media/private profiles excluded from handoff"
"target/tomcat.0.16208666080378280872/","generated_or_historical_evidence","ignored","no literal reference found; not proof of unused","retain: see audit; credentials/media/private profiles excluded from handoff"
"target/tomcat.0.16239685457655274995/","generated_or_historical_evidence","ignored","no literal reference found; not proof of unused","retain: see audit; credentials/media/private profiles excluded from handoff"
"target/tomcat.0.16482537692684947172/","generated_or_historical_evidence","ignored","no literal reference found; not proof of unused","retain: see audit; credentials/media/private profiles excluded from handoff"
"target/tomcat.0.17172576596535348583/","generated_or_historical_evidence","ignored","no literal reference found; not proof of unused","retain: see audit; credentials/media/private profiles excluded from handoff"
"target/tomcat.0.17611642677024825987/","generated_or_historical_evidence","ignored","no literal reference found; not proof of unused","retain: see audit; credentials/media/private profiles excluded from handoff"
"target/tomcat.0.18000894776658294560/","generated_or_historical_evidence","ignored","no literal reference found; not proof of unused","retain: see audit; credentials/media/private profiles excluded from handoff"
"target/tomcat.0.2542018648119221351/","generated_or_historical_evidence","ignored","no literal reference found; not proof of unused","retain: see audit; credentials/media/private profiles excluded from handoff"
"target/tomcat.0.3624261144465204110/","generated_or_historical_evidence","ignored","no literal reference found; not proof of unused","retain: see audit; credentials/media/private profiles excluded from handoff"
"target/tomcat.0.3810674127876731854/","generated_or_historical_evidence","ignored","no literal reference found; not proof of unused","retain: see audit; credentials/media/private profiles excluded from handoff"
"target/tomcat.0.4897829578533662046/","generated_or_historical_evidence","ignored","no literal reference found; not proof of unused","retain: see audit; credentials/media/private profiles excluded from handoff"
"target/tomcat.0.5259197158492849756/","generated_or_historical_evidence","ignored","no literal reference found; not proof of unused","retain: see audit; credentials/media/private profiles excluded from handoff"
"target/tomcat.0.529935346364744943/","generated_or_historical_evidence","ignored","no literal reference found; not proof of unused","retain: see audit; credentials/media/private profiles excluded from handoff"
"target/tomcat.0.598554720853587651/","generated_or_historical_evidence","ignored","no literal reference found; not proof of unused","retain: see audit; credentials/media/private profiles excluded from handoff"
"target/tomcat.0.6045678807047365503/","generated_or_historical_evidence","ignored","no literal reference found; not proof of unused","retain: see audit; credentials/media/private profiles excluded from handoff"
"target/tomcat.0.614081249865115107/","generated_or_historical_evidence","ignored","no literal reference found; not proof of unused","retain: see audit; credentials/media/private profiles excluded from handoff"
"target/tomcat.0.6302644656186060727/","generated_or_historical_evidence","ignored","no literal reference found; not proof of unused","retain: see audit; credentials/media/private profiles excluded from handoff"
"target/tomcat.0.651902771389805408/","generated_or_historical_evidence","ignored","no literal reference found; not proof of unused","retain: see audit; credentials/media/private profiles excluded from handoff"
"target/tomcat.0.6861049662323498849/","generated_or_historical_evidence","ignored","no literal reference found; not proof of unused","retain: see audit; credentials/media/private profiles excluded from handoff"
"target/tomcat.0.7146868809437111945/","generated_or_historical_evidence","ignored","no literal reference found; not proof of unused","retain: see audit; credentials/media/private profiles excluded from handoff"
"target/tomcat.0.7522371292511745064/","generated_or_historical_evidence","ignored","no literal reference found; not proof of unused","retain: see audit; credentials/media/private profiles excluded from handoff"
"target/tomcat.0.7528254846596133213/","generated_or_historical_evidence","ignored","no literal reference found; not proof of unused","retain: see audit; credentials/media/private profiles excluded from handoff"
"target/tomcat.0.7649553651574979370/","generated_or_historical_evidence","ignored","no literal reference found; not proof of unused","retain: see audit; credentials/media/private profiles excluded from handoff"
"target/tomcat.0.7730081653060037669/","generated_or_historical_evidence","ignored","no literal reference found; not proof of unused","retain: see audit; credentials/media/private profiles excluded from handoff"
"target/tomcat.0.790571863262128253/","generated_or_historical_evidence","ignored","no literal reference found; not proof of unused","retain: see audit; credentials/media/private profiles excluded from handoff"
"target/tomcat.0.8451596272362207856/","generated_or_historical_evidence","ignored","no literal reference found; not proof of unused","retain: see audit; credentials/media/private profiles excluded from handoff"
"target/tomcat.0.8479209990947748017/","generated_or_historical_evidence","ignored","no literal reference found; not proof of unused","retain: see audit; credentials/media/private profiles excluded from handoff"
"target/tomcat.0.8794734684031232648/","generated_or_historical_evidence","ignored","no literal reference found; not proof of unused","retain: see audit; credentials/media/private profiles excluded from handoff"
"target/tomcat.0.9196285169267908062/","generated_or_historical_evidence","ignored","no literal reference found; not proof of unused","retain: see audit; credentials/media/private profiles excluded from handoff"
"target/tomcat.0.9819941648852922434/","generated_or_historical_evidence","ignored","no literal reference found; not proof of unused","retain: see audit; credentials/media/private profiles excluded from handoff"
"target/tomcat.0.9838048868994804488/","generated_or_historical_evidence","ignored","no literal reference found; not proof of unused","retain: see audit; credentials/media/private profiles excluded from handoff"
"target/tomcat.0.9888872226534343167/","generated_or_historical_evidence","ignored","no literal reference found; not proof of unused","retain: see audit; credentials/media/private profiles excluded from handoff"
"target/tomcat.8086.16336422715232186596/","generated_or_historical_evidence","ignored","no literal reference found; not proof of unused","retain: see audit; credentials/media/private profiles excluded from handoff"
"target/tomcat.8086.2249055259743801344/","generated_or_historical_evidence","ignored","no literal reference found; not proof of unused","retain: see audit; credentials/media/private profiles excluded from handoff"
"target/tomcat.8086.258386915181039184/","generated_or_historical_evidence","ignored","no literal reference found; not proof of unused","retain: see audit; credentials/media/private profiles excluded from handoff"
"target/tomcat.8087.11275524786236448277/","generated_or_historical_evidence","ignored","no literal reference found; not proof of unused","retain: see audit; credentials/media/private profiles excluded from handoff"
"target/tomcat.8087.2337408204081733338/","generated_or_historical_evidence","ignored","no literal reference found; not proof of unused","retain: see audit; credentials/media/private profiles excluded from handoff"
"target/tomcat.8087.3873500078368955626/","generated_or_historical_evidence","ignored","no literal reference found; not proof of unused","retain: see audit; credentials/media/private profiles excluded from handoff"
"target/tomcat.8087.5169927430099028873/","generated_or_historical_evidence","ignored","no literal reference found; not proof of unused","retain: see audit; credentials/media/private profiles excluded from handoff"
"target/tomcat.8087.8580819952647091518/","generated_or_historical_evidence","ignored","no literal reference found; not proof of unused","retain: see audit; credentials/media/private profiles excluded from handoff"
"target/update-browser.log","generated_or_historical_evidence","ignored","filename:docs/project-status.md; filename:KHAO_SAT_MO_RONG_7_CHE_DO.md","retain: see audit; credentials/media/private profiles excluded from handoff"
"target/update-chrome-1000a50b-20d5-4af5-8fc8-f141682d5f87/","generated_or_historical_evidence","ignored","no literal reference found; not proof of unused","retain: see audit; credentials/media/private profiles excluded from handoff"
"target/update-chrome-5c09f08c-147b-4e09-bd7d-47d7165c88c4/","generated_or_historical_evidence","ignored","no literal reference found; not proof of unused","retain: see audit; credentials/media/private profiles excluded from handoff"
"target/update-chrome-c45e4805-cace-4d7b-b3a7-58f601e15984/","generated_or_historical_evidence","ignored","no literal reference found; not proof of unused","retain: see audit; credentials/media/private profiles excluded from handoff"
"target/update-chrome-cb902ee2-e6f5-458e-9b1c-505592c1bd5d/","generated_or_historical_evidence","ignored","no literal reference found; not proof of unused","retain: see audit; credentials/media/private profiles excluded from handoff"
"target/update-chrome-faf9b4ba-546e-41cb-8597-2662dbc49843/","generated_or_historical_evidence","ignored","no literal reference found; not proof of unused","retain: see audit; credentials/media/private profiles excluded from handoff"
"target/update-chrome.log","generated_or_historical_evidence","ignored","no literal reference found; not proof of unused","retain: see audit; credentials/media/private profiles excluded from handoff"
"target/update-chrome/","generated_or_historical_evidence","ignored","no literal reference found; not proof of unused","retain: see audit; credentials/media/private profiles excluded from handoff"
"target/update-client-tests.json","generated_or_historical_evidence","ignored","path:docs/project-status.md; filename:KHAO_SAT_MO_RONG_7_CHE_DO.md","retain: see audit; credentials/media/private profiles excluded from handoff"
"target/update-client-unit-tests.json","generated_or_historical_evidence","ignored","path:docs/project-status.md; filename:KHAO_SAT_MO_RONG_7_CHE_DO.md","retain: see audit; credentials/media/private profiles excluded from handoff"
"target/update-decision.png","generated_or_historical_evidence","ignored","path:scripts/test-game-client.py","retain: see audit; credentials/media/private profiles excluded from handoff"
"target/update-final.png","generated_or_historical_evidence","ignored","path:scripts/test-game-client.py","retain: see audit; credentials/media/private profiles excluded from handoff"
"target/update-focused.log","generated_or_historical_evidence","ignored","no literal reference found; not proof of unused","retain: see audit; credentials/media/private profiles excluded from handoff"
"target/update-full-regression.log","generated_or_historical_evidence","ignored","path:docs/project-status.md; path:KHAO_SAT_MO_RONG_7_CHE_DO.md","retain: see audit; credentials/media/private profiles excluded from handoff"
"target/update-game-mobile.png","generated_or_historical_evidence","ignored","path:scripts/test-game-client.py","retain: see audit; credentials/media/private profiles excluded from handoff"
"target/update-history-mobile.png","generated_or_historical_evidence","ignored","path:scripts/test-game-client.py","retain: see audit; credentials/media/private profiles excluded from handoff"
"target/update-image.png","generated_or_historical_evidence","ignored","path:scripts/test-game-client.py","retain: see audit; credentials/media/private profiles excluded from handoff"
"target/update-integration.log","generated_or_historical_evidence","ignored","filename:docs/project-status.md","retain: see audit; credentials/media/private profiles excluded from handoff"
"target/update-isolated-smoke.log","generated_or_historical_evidence","ignored","path:docs/project-status.md; filename:KHAO_SAT_MO_RONG_7_CHE_DO.md","retain: see audit; credentials/media/private profiles excluded from handoff"
"target/update-mysql-evidence.txt","generated_or_historical_evidence","ignored","path:docs/project-status.md; filename:KHAO_SAT_MO_RONG_7_CHE_DO.md","retain: see audit; credentials/media/private profiles excluded from handoff"
"target/update-presentation.log","generated_or_historical_evidence","ignored","path:docs/project-status.md","retain: see audit; credentials/media/private profiles excluded from handoff"
"target/update-result.png","generated_or_historical_evidence","ignored","path:scripts/test-game-client.py","retain: see audit; credentials/media/private profiles excluded from handoff"
"target/update-server-smoke.log","generated_or_historical_evidence","ignored","no literal reference found; not proof of unused","retain: see audit; credentials/media/private profiles excluded from handoff"
"target/update-server-startup.log","generated_or_historical_evidence","ignored","filename:docs/project-status.md; filename:KHAO_SAT_MO_RONG_7_CHE_DO.md","retain: see audit; credentials/media/private profiles excluded from handoff"
"target/update-smoke-server.jar","generated_or_historical_evidence","ignored","path:docs/project-status.md","retain: see audit; credentials/media/private profiles excluded from handoff"
"TASKS_MO_RONG_7_CHE_DO.md","project_root_or_tooling","??","path:docs/final-report.md; path:docs/gameplay-rules.md; path:docs/implementation-decisions.md; path:docs/project-status.md; path:experiments/handoff/2026-10-10-seven-modes/task21-evidence.json; path:experiments/handoff/2026-10-10-seven-modes/task22-evidence.json; path:experiments/handoff/2026-10-10-seven-modes/task23-evidence.json; path:experiments/handoff/2026-10-10-seven-modes/task24-evidence.json; path:README.md; path:target/task21-evidence.json; path:target/task22-evidence.json; path:target/task23-evidence.json; path:target/task24-evidence.json","retain"
"TASKS.md","project_root_or_tooling","tracked unchanged","path:docs/codebase-guide.md; path:docs/database-schema.md; path:docs/final-report.md; path:docs/gameplay-rules.md; path:docs/implementation-decisions.md; path:docs/project-status.md; path:docs/websocket-contract.md; path:experiments/handoff/2026-10-10-seven-modes/task24-evidence.json; path:README.md; path:TASKS_MO_RONG_7_CHE_DO.md; path:KHAO_SAT_MO_RONG_7_CHE_DO.md; path:target/task12-backend-manifest.json; path:target/task24-evidence.json; path:target/task25-before-manifest.json; path:target/task3-before-manifest.json; path:target/task4-before-manifest.json; path:target/task5-protected-manifest.json; path:target/task6-before-manifest.json; path:target/task7-before-manifest.json; path:target/task8-before-manifest.json; path:target/task9-before-manifest.json","retain"
