[INFO] Scanning for projects...
[INFO] 
[INFO] --------------------< vn.edu.quiz:competitive-quiz >--------------------
[INFO] Building Competitive Multiplayer Network Quiz System 0.0.1-SNAPSHOT
[INFO]   from pom.xml
[INFO] --------------------------------[ jar ]---------------------------------
[INFO] 
[INFO] --- resources:3.3.1:resources (default-resources) @ competitive-quiz ---
[INFO] Copying 3 resources from src\main\resources to target\classes
[INFO] Copying 23 resources from src\main\resources to target\classes
[INFO] 
[INFO] --- compiler:3.14.1:compile (default-compile) @ competitive-quiz ---
[INFO] Nothing to compile - all classes are up to date.
[INFO] 
[INFO] --- resources:3.3.1:testResources (default-testResources) @ competitive-quiz ---
[INFO] Copying 3 resources from src\test\resources to target\test-classes
[INFO] 
[INFO] --- compiler:3.14.1:testCompile (default-testCompile) @ competitive-quiz ---
[INFO] Nothing to compile - all classes are up to date.
[INFO] 
[INFO] --- surefire:3.5.6:test (default-test) @ competitive-quiz ---
[INFO] Using auto detected provider org.apache.maven.surefire.junitplatform.JUnitPlatformProvider
[INFO] 
[INFO] -------------------------------------------------------
[INFO]  T E S T S
[INFO] -------------------------------------------------------
[INFO] Running vn.edu.quiz.auth.security.PermissionPolicyTest
[INFO] Tests run: 28, Failures: 0, Errors: 0, Skipped: 0, Time elapsed: 0.176 s -- in vn.edu.quiz.auth.security.PermissionPolicyTest
[INFO] Running vn.edu.quiz.common.config.CodebaseStructureTest
[INFO] Tests run: 3, Failures: 0, Errors: 0, Skipped: 0, Time elapsed: 0.101 s -- in vn.edu.quiz.common.config.CodebaseStructureTest
[INFO] Running vn.edu.quiz.common.config.WebAccessPropertiesTest
[INFO] Tests run: 10, Failures: 0, Errors: 0, Skipped: 0, Time elapsed: 0.013 s -- in vn.edu.quiz.common.config.WebAccessPropertiesTest
[INFO] Running vn.edu.quiz.game.dto.GameplayRulesSnapshotTest
[INFO] Tests run: 16, Failures: 0, Errors: 0, Skipped: 0, Time elapsed: 0.053 s -- in vn.edu.quiz.game.dto.GameplayRulesSnapshotTest
[INFO] Running vn.edu.quiz.game.dto.MultimodeRulesSnapshotTest
[INFO] Tests run: 3, Failures: 0, Errors: 0, Skipped: 0, Time elapsed: 0.170 s -- in vn.edu.quiz.game.dto.MultimodeRulesSnapshotTest
[INFO] Running vn.edu.quiz.game.engine.ArrangementEvaluatorTest
[INFO] Tests run: 5, Failures: 0, Errors: 0, Skipped: 0, Time elapsed: 0.016 s -- in vn.edu.quiz.game.engine.ArrangementEvaluatorTest
[INFO] Running vn.edu.quiz.game.engine.MultimodeScoreEngineTest
[INFO] Tests run: 56, Failures: 0, Errors: 0, Skipped: 0, Time elapsed: 0.062 s -- in vn.edu.quiz.game.engine.MultimodeScoreEngineTest
[INFO] Running vn.edu.quiz.game.engine.RankingEngineTest
[INFO] Tests run: 6, Failures: 0, Errors: 0, Skipped: 0, Time elapsed: 0.010 s -- in vn.edu.quiz.game.engine.RankingEngineTest
[INFO] Running vn.edu.quiz.game.engine.ScoreEngineTest
[INFO] Tests run: 113, Failures: 0, Errors: 0, Skipped: 0, Time elapsed: 0.106 s -- in vn.edu.quiz.game.engine.ScoreEngineTest
[INFO] Running vn.edu.quiz.game.engine.TextAnswerEvaluatorTest
[INFO] Tests run: 3, Failures: 0, Errors: 0, Skipped: 0, Time elapsed: 0.002 s -- in vn.edu.quiz.game.engine.TextAnswerEvaluatorTest
[INFO] Running vn.edu.quiz.game.service.SpinSelectorTest
[INFO] Tests run: 3, Failures: 0, Errors: 0, Skipped: 0, Time elapsed: 0.004 s -- in vn.edu.quiz.game.service.SpinSelectorTest
[INFO] Running vn.edu.quiz.quiz.model.ClueTimelineTest
[INFO] Tests run: 3, Failures: 0, Errors: 0, Skipped: 0, Time elapsed: 0.003 s -- in vn.edu.quiz.quiz.model.ClueTimelineTest
[INFO] Running vn.edu.quiz.quiz.service.Mp4MetadataTest
[INFO] Tests run: 4, Failures: 0, Errors: 0, Skipped: 0, Time elapsed: 8.111 s -- in vn.edu.quiz.quiz.service.Mp4MetadataTest
[INFO] Running vn.edu.quiz.quiz.service.QuizAccessPolicyTest
[INFO] Tests run: 3, Failures: 0, Errors: 0, Skipped: 0, Time elapsed: 0.029 s -- in vn.edu.quiz.quiz.service.QuizAccessPolicyTest
[INFO] Running vn.edu.quiz.realtime.connection.AuthenticatedSocketRegistryTest
Mockito is currently self-attaching to enable the inline-mock-maker. This will no longer work in future releases of the JDK. Please add Mockito as an agent to your build as described in Mockito's documentation: https://javadoc.io/doc/org.mockito/mockito-core/latest/org.mockito/org/mockito/Mockito.html#0.3
WARNING: A Java agent has been loaded dynamically (D:\BTL_LTM\.cache\maven\net\bytebuddy\byte-buddy-agent\1.17.8\byte-buddy-agent-1.17.8.jar)
WARNING: If a serviceability tool is in use, please run with -XX:+EnableDynamicAgentLoading to hide this warning
WARNING: If a serviceability tool is not in use, please run with -Djdk.instrument.traceUsage for more information
WARNING: Dynamic loading of agents will be disallowed by default in a future release
Java HotSpot(TM) 64-Bit Server VM warning: Sharing is only supported for boot loader classes because bootstrap classpath has been appended
[INFO] Tests run: 5, Failures: 0, Errors: 0, Skipped: 0, Time elapsed: 1.471 s -- in vn.edu.quiz.realtime.connection.AuthenticatedSocketRegistryTest
[INFO] Running vn.edu.quiz.realtime.idempotency.GameReplayCacheTest
[INFO] Tests run: 4, Failures: 0, Errors: 0, Skipped: 0, Time elapsed: 0.076 s -- in vn.edu.quiz.realtime.idempotency.GameReplayCacheTest
[INFO] Running vn.edu.quiz.realtime.session.RoomBoundaryTest
[INFO] Tests run: 5, Failures: 0, Errors: 0, Skipped: 0, Time elapsed: 0.087 s -- in vn.edu.quiz.realtime.session.RoomBoundaryTest
[INFO] Running vn.edu.quiz.realtime.session.SessionQueueTest
[INFO] Tests run: 21, Failures: 0, Errors: 0, Skipped: 0, Time elapsed: 0.174 s -- in vn.edu.quiz.realtime.session.SessionQueueTest
[INFO] Running vn.edu.quiz.realtime.timer.ScheduledTimerSchedulerTest
[INFO] Tests run: 1, Failures: 0, Errors: 0, Skipped: 0, Time elapsed: 0.007 s -- in vn.edu.quiz.realtime.timer.ScheduledTimerSchedulerTest
[INFO] Running vn.edu.quiz.realtime.websocket.GameCommandParserTest
[INFO] Tests run: 6, Failures: 0, Errors: 0, Skipped: 0, Time elapsed: 0.046 s -- in vn.edu.quiz.realtime.websocket.GameCommandParserTest
[INFO] Running vn.edu.quiz.system.controller.SystemWebTest
02:20:30.405 [main] INFO org.springframework.test.context.support.AnnotationConfigContextLoaderUtils -- Could not detect default configuration classes for test class [vn.edu.quiz.system.controller.SystemWebTest]: SystemWebTest does not declare any static, non-private, non-final, nested classes annotated with @Configuration.
02:20:30.589 [main] INFO org.springframework.boot.test.context.SpringBootTestContextBootstrapper -- Found @SpringBootConfiguration vn.edu.quiz.QuizApplication for test class vn.edu.quiz.system.controller.SystemWebTest

  .   ____          _            __ _ _
 /\\ / ___'_ __ _ _(_)_ __  __ _ \ \ \ \
( ( )\___ | '_ | '_| | '_ \/ _` | \ \ \ \
 \\/  ___)| |_)| | | | | || (_| |  ) ) ) )
  '  |____| .__|_| |_|_| |_\__, | / / / /
 =========|_|==============|___/=/_/_/_/

 :: Spring Boot ::               (v3.5.16)

2026-10-10T02:20:31.442+07:00  INFO 119492 --- [competitive-quiz] [           main] v.e.q.system.controller.SystemWebTest    : Starting SystemWebTest using Java 21.0.9 with PID 119492 (started by CodexSandboxOffline in D:\BTL_LTM)
2026-10-10T02:20:31.444+07:00  INFO 119492 --- [competitive-quiz] [           main] v.e.q.system.controller.SystemWebTest    : The following 1 profile is active: "web-only"
2026-10-10T02:20:32.920+07:00  INFO 119492 --- [competitive-quiz] [           main] o.s.b.w.embedded.tomcat.TomcatWebServer  : Tomcat initialized with port 0 (http)
2026-10-10T02:20:32.940+07:00  INFO 119492 --- [competitive-quiz] [           main] o.apache.catalina.core.StandardService   : Starting service [Tomcat]
2026-10-10T02:20:32.940+07:00  INFO 119492 --- [competitive-quiz] [           main] o.apache.catalina.core.StandardEngine    : Starting Servlet engine: [Apache Tomcat/10.1.55]
2026-10-10T02:20:32.989+07:00  INFO 119492 --- [competitive-quiz] [           main] o.a.c.c.C.[Tomcat].[localhost].[/]       : Initializing Spring embedded WebApplicationContext
2026-10-10T02:20:32.989+07:00  INFO 119492 --- [competitive-quiz] [           main] w.s.c.ServletWebServerApplicationContext : Root WebApplicationContext: initialization completed in 1524 ms
2026-10-10T02:20:33.328+07:00  INFO 119492 --- [competitive-quiz] [           main] o.s.b.a.w.s.WelcomePageHandlerMapping    : Adding welcome page: class path resource [static/index.html]
2026-10-10T02:20:33.803+07:00  INFO 119492 --- [competitive-quiz] [           main] o.s.b.w.embedded.tomcat.TomcatWebServer  : Tomcat started on port 59007 (http) with context path '/'
2026-10-10T02:20:33.818+07:00  INFO 119492 --- [competitive-quiz] [           main] v.e.q.system.controller.SystemWebTest    : Started SystemWebTest in 2.766 seconds (process running for 14.816)
2026-10-10T02:20:34.008+07:00  INFO 119492 --- [competitive-quiz] [0-auto-1-exec-1] o.a.c.c.C.[Tomcat].[localhost].[/]       : Initializing Spring DispatcherServlet 'dispatcherServlet'
2026-10-10T02:20:34.009+07:00  INFO 119492 --- [competitive-quiz] [0-auto-1-exec-1] o.s.web.servlet.DispatcherServlet        : Initializing Servlet 'dispatcherServlet'
2026-10-10T02:20:34.010+07:00  INFO 119492 --- [competitive-quiz] [0-auto-1-exec-1] o.s.web.servlet.DispatcherServlet        : Completed initialization in 0 ms
[INFO] Tests run: 4, Failures: 0, Errors: 0, Skipped: 0, Time elapsed: 4.036 s -- in vn.edu.quiz.system.controller.SystemWebTest
[INFO] 
[INFO] Results:
[INFO] 
[INFO] Tests run: 302, Failures: 0, Errors: 0, Skipped: 0
[INFO] 
[INFO] 
[INFO] --- jar:3.4.2:jar (default-jar) @ competitive-quiz ---
[INFO] 
[INFO] --- spring-boot:3.5.16:repackage (repackage) @ competitive-quiz ---
[INFO] Replacing main artifact D:\BTL_LTM\target\competitive-quiz-0.0.1-SNAPSHOT.jar with repackaged archive, adding nested dependencies in BOOT-INF/.
[INFO] The original artifact has been renamed to D:\BTL_LTM\target\competitive-quiz-0.0.1-SNAPSHOT.jar.original
[INFO] 
[INFO] --- failsafe:3.5.6:integration-test (default) @ competitive-quiz ---
[INFO] Using auto detected provider org.apache.maven.surefire.junitplatform.JUnitPlatformProvider
[INFO] 
[INFO] -------------------------------------------------------
[INFO]  T E S T S
[INFO] -------------------------------------------------------
[INFO] Running vn.edu.quiz.auth.controller.AuthNetworkIT
02:20:36.665 [main] INFO org.springframework.test.context.support.AnnotationConfigContextLoaderUtils -- Could not detect default configuration classes for test class [vn.edu.quiz.auth.controller.AuthNetworkIT]: AuthNetworkIT does not declare any static, non-private, non-final, nested classes annotated with @Configuration.
02:20:36.796 [main] INFO org.springframework.boot.test.context.SpringBootTestContextBootstrapper -- Found @SpringBootConfiguration vn.edu.quiz.QuizApplication for test class vn.edu.quiz.auth.controller.AuthNetworkIT

  .   ____          _            __ _ _
 /\\ / ___'_ __ _ _(_)_ __  __ _ \ \ \ \
( ( )\___ | '_ | '_| | '_ \/ _` | \ \ \ \
 \\/  ___)| |_)| | | | | || (_| |  ) ) ) )
  '  |____| .__|_| |_|_| |_\__, | / / / /
 =========|_|==============|___/=/_/_/_/

 :: Spring Boot ::               (v3.5.16)

2026-10-10T02:20:37.216+07:00  INFO 65816 --- [competitive-quiz] [           main] v.e.quiz.auth.controller.AuthNetworkIT   : Starting AuthNetworkIT using Java 21.0.9 with PID 65816 (started by CodexSandboxOffline in D:\BTL_LTM)
2026-10-10T02:20:37.218+07:00  INFO 65816 --- [competitive-quiz] [           main] v.e.quiz.auth.controller.AuthNetworkIT   : The following 1 profile is active: "mysql"
2026-10-10T02:20:38.057+07:00  INFO 65816 --- [competitive-quiz] [           main] .s.d.r.c.RepositoryConfigurationDelegate : Bootstrapping Spring Data JPA repositories in DEFAULT mode.
2026-10-10T02:20:38.165+07:00  INFO 65816 --- [competitive-quiz] [           main] .s.d.r.c.RepositoryConfigurationDelegate : Finished Spring Data repository scanning in 100 ms. Found 13 JPA repository interfaces.
2026-10-10T02:20:46.874+07:00  INFO 65816 --- [competitive-quiz] [           main] o.s.b.w.embedded.tomcat.TomcatWebServer  : Tomcat initialized with port 0 (http)
2026-10-10T02:20:46.886+07:00  INFO 65816 --- [competitive-quiz] [           main] o.apache.catalina.core.StandardService   : Starting service [Tomcat]
2026-10-10T02:20:46.886+07:00  INFO 65816 --- [competitive-quiz] [           main] o.apache.catalina.core.StandardEngine    : Starting Servlet engine: [Apache Tomcat/10.1.55]
2026-10-10T02:20:46.915+07:00  INFO 65816 --- [competitive-quiz] [           main] o.a.c.c.C.[Tomcat].[localhost].[/]       : Initializing Spring embedded WebApplicationContext
2026-10-10T02:20:46.915+07:00  INFO 65816 --- [competitive-quiz] [           main] w.s.c.ServletWebServerApplicationContext : Root WebApplicationContext: initialization completed in 9681 ms
2026-10-10T02:20:47.257+07:00  INFO 65816 --- [competitive-quiz] [           main] com.zaxxer.hikari.HikariDataSource       : HikariPool-1 - Starting...
2026-10-10T02:20:47.597+07:00  INFO 65816 --- [competitive-quiz] [           main] com.zaxxer.hikari.pool.HikariPool        : HikariPool-1 - Added connection com.mysql.cj.jdbc.ConnectionImpl@211da640
2026-10-10T02:20:47.600+07:00  INFO 65816 --- [competitive-quiz] [           main] com.zaxxer.hikari.HikariDataSource       : HikariPool-1 - Start completed.
2026-10-10T02:20:47.648+07:00  INFO 65816 --- [competitive-quiz] [           main] org.flywaydb.core.FlywayExecutor         : Database: jdbc:mysql://127.0.0.1:3306/quizz_task2_test?connectionTimeZone=UTC&connectTimeout=3000&socketTimeout=3000 (MySQL 8.0)
2026-10-10T02:20:47.706+07:00  INFO 65816 --- [competitive-quiz] [           main] o.f.core.internal.command.DbValidate     : Successfully validated 7 migrations (execution time 00:00.034s)
2026-10-10T02:20:47.722+07:00  INFO 65816 --- [competitive-quiz] [           main] o.f.core.internal.command.DbMigrate      : Current version of schema `quizz_task2_test`: 7
2026-10-10T02:20:47.725+07:00  INFO 65816 --- [competitive-quiz] [           main] o.f.core.internal.command.DbMigrate      : Schema `quizz_task2_test` is up to date. No migration necessary.
2026-10-10T02:20:47.904+07:00  INFO 65816 --- [competitive-quiz] [           main] o.hibernate.jpa.internal.util.LogHelper  : HHH000204: Processing PersistenceUnitInfo [name: default]
2026-10-10T02:20:47.952+07:00  INFO 65816 --- [competitive-quiz] [           main] org.hibernate.Version                    : HHH000412: Hibernate ORM core version 6.6.53.Final
2026-10-10T02:20:47.984+07:00  INFO 65816 --- [competitive-quiz] [           main] o.h.c.internal.RegionFactoryInitiator    : HHH000026: Second-level cache disabled
2026-10-10T02:20:48.221+07:00  INFO 65816 --- [competitive-quiz] [           main] o.s.o.j.p.SpringPersistenceUnitInfo      : No LoadTimeWeaver setup: ignoring JPA class transformer
2026-10-10T02:20:48.325+07:00  INFO 65816 --- [competitive-quiz] [           main] org.hibernate.orm.connections.pooling    : HHH10001005: Database info:
	Database JDBC URL [Connecting through datasource 'HikariDataSource (HikariPool-1)']
	Database driver: undefined/unknown
	Database version: 8.0.45
	Autocommit mode: undefined/unknown
	Isolation level: undefined/unknown
	Minimum pool size: undefined/unknown
	Maximum pool size: undefined/unknown
2026-10-10T02:20:49.268+07:00  INFO 65816 --- [competitive-quiz] [           main] o.h.e.t.j.p.i.JtaPlatformInitiator       : HHH000489: No JTA platform available (set 'hibernate.transaction.jta.platform' to enable JTA platform integration)
2026-10-10T02:20:49.300+07:00  INFO 65816 --- [competitive-quiz] [           main] j.LocalContainerEntityManagerFactoryBean : Initialized JPA EntityManagerFactory for persistence unit 'default'
2026-10-10T02:20:49.545+07:00  INFO 65816 --- [competitive-quiz] [           main] o.s.d.j.r.query.QueryEnhancerFactory     : Hibernate is in classpath; If applicable, HQL parser will be used.
2026-10-10T02:20:51.275+07:00  INFO 65816 --- [competitive-quiz] [           main] r$InitializeUserDetailsManagerConfigurer : Global AuthenticationManager configured with UserDetailsService bean with name quizUserDetailsService
2026-10-10T02:20:51.361+07:00  INFO 65816 --- [competitive-quiz] [           main] o.s.b.a.w.s.WelcomePageHandlerMapping    : Adding welcome page: class path resource [static/index.html]
2026-10-10T02:20:51.982+07:00  INFO 65816 --- [competitive-quiz] [           main] o.s.b.w.embedded.tomcat.TomcatWebServer  : Tomcat started on port 49482 (http) with context path '/'
2026-10-10T02:20:51.995+07:00  INFO 65816 --- [competitive-quiz] [           main] v.e.quiz.auth.controller.AuthNetworkIT   : Started AuthNetworkIT in 15.076 seconds (process running for 16.144)
Mockito is currently self-attaching to enable the inline-mock-maker. This will no longer work in future releases of the JDK. Please add Mockito as an agent to your build as described in Mockito's documentation: https://javadoc.io/doc/org.mockito/mockito-core/latest/org.mockito/org/mockito/Mockito.html#0.3
Java HotSpot(TM) 64-Bit Server VM warning: Sharing is only supported for boot loader classes because bootstrap classpath has been appended
WARNING: A Java agent has been loaded dynamically (D:\BTL_LTM\.cache\maven\net\bytebuddy\byte-buddy-agent\1.17.8\byte-buddy-agent-1.17.8.jar)
WARNING: If a serviceability tool is in use, please run with -XX:+EnableDynamicAgentLoading to hide this warning
WARNING: If a serviceability tool is not in use, please run with -Djdk.instrument.traceUsage for more information
WARNING: Dynamic loading of agents will be disallowed by default in a future release
2026-10-10T02:20:52.450+07:00  INFO 65816 --- [competitive-quiz] [0-auto-1-exec-1] o.a.c.c.C.[Tomcat].[localhost].[/]       : Initializing Spring DispatcherServlet 'dispatcherServlet'
2026-10-10T02:20:52.450+07:00  INFO 65816 --- [competitive-quiz] [0-auto-1-exec-1] o.s.web.servlet.DispatcherServlet        : Initializing Servlet 'dispatcherServlet'
2026-10-10T02:20:52.451+07:00  INFO 65816 --- [competitive-quiz] [0-auto-1-exec-1] o.s.web.servlet.DispatcherServlet        : Completed initialization in 1 ms
[INFO] Tests run: 6, Failures: 0, Errors: 0, Skipped: 0, Time elapsed: 22.61 s -- in vn.edu.quiz.auth.controller.AuthNetworkIT
[INFO] Running vn.edu.quiz.auth.service.AuthorizationRepositoryIT
2026-10-10T02:20:59.123+07:00  INFO 65816 --- [competitive-quiz] [           main] t.c.s.AnnotationConfigContextLoaderUtils : Could not detect default configuration classes for test class [vn.edu.quiz.auth.service.AuthorizationRepositoryIT]: AuthorizationRepositoryIT does not declare any static, non-private, non-final, nested classes annotated with @Configuration.
2026-10-10T02:20:59.142+07:00  INFO 65816 --- [competitive-quiz] [           main] .b.t.c.SpringBootTestContextBootstrapper : Found @SpringBootConfiguration vn.edu.quiz.QuizApplication for test class vn.edu.quiz.auth.service.AuthorizationRepositoryIT

  .   ____          _            __ _ _
 /\\ / ___'_ __ _ _(_)_ __  __ _ \ \ \ \
( ( )\___ | '_ | '_| | '_ \/ _` | \ \ \ \
 \\/  ___)| |_)| | | | | || (_| |  ) ) ) )
  '  |____| .__|_| |_|_| |_\__, | / / / /
 =========|_|==============|___/=/_/_/_/

 :: Spring Boot ::               (v3.5.16)

2026-10-10T02:20:59.169+07:00  INFO 65816 --- [competitive-quiz] [           main] v.e.q.a.s.AuthorizationRepositoryIT      : Starting AuthorizationRepositoryIT using Java 21.0.9 with PID 65816 (started by CodexSandboxOffline in D:\BTL_LTM)
2026-10-10T02:20:59.169+07:00  INFO 65816 --- [competitive-quiz] [           main] v.e.q.a.s.AuthorizationRepositoryIT      : The following 1 profile is active: "mysql"
2026-10-10T02:20:59.385+07:00  INFO 65816 --- [competitive-quiz] [           main] .s.d.r.c.RepositoryConfigurationDelegate : Bootstrapping Spring Data JPA repositories in DEFAULT mode.
2026-10-10T02:20:59.424+07:00  INFO 65816 --- [competitive-quiz] [           main] .s.d.r.c.RepositoryConfigurationDelegate : Finished Spring Data repository scanning in 37 ms. Found 13 JPA repository interfaces.
2026-10-10T02:20:59.493+07:00  INFO 65816 --- [competitive-quiz] [           main] com.zaxxer.hikari.HikariDataSource       : HikariPool-2 - Starting...
2026-10-10T02:20:59.505+07:00  INFO 65816 --- [competitive-quiz] [           main] com.zaxxer.hikari.pool.HikariPool        : HikariPool-2 - Added connection com.mysql.cj.jdbc.ConnectionImpl@27ef9f1f
2026-10-10T02:20:59.505+07:00  INFO 65816 --- [competitive-quiz] [           main] com.zaxxer.hikari.HikariDataSource       : HikariPool-2 - Start completed.
2026-10-10T02:20:59.510+07:00  INFO 65816 --- [competitive-quiz] [           main] org.flywaydb.core.FlywayExecutor         : Database: jdbc:mysql://127.0.0.1:3306/quizz_task2_test?connectionTimeZone=UTC&connectTimeout=3000&socketTimeout=3000 (MySQL 8.0)
2026-10-10T02:20:59.524+07:00  INFO 65816 --- [competitive-quiz] [           main] o.f.core.internal.command.DbValidate     : Successfully validated 7 migrations (execution time 00:00.008s)
2026-10-10T02:20:59.532+07:00  INFO 65816 --- [competitive-quiz] [           main] o.f.core.internal.command.DbMigrate      : Current version of schema `quizz_task2_test`: 7
2026-10-10T02:20:59.533+07:00  INFO 65816 --- [competitive-quiz] [           main] o.f.core.internal.command.DbMigrate      : Schema `quizz_task2_test` is up to date. No migration necessary.
2026-10-10T02:20:59.556+07:00  INFO 65816 --- [competitive-quiz] [           main] o.hibernate.jpa.internal.util.LogHelper  : HHH000204: Processing PersistenceUnitInfo [name: default]
2026-10-10T02:20:59.557+07:00  INFO 65816 --- [competitive-quiz] [           main] o.h.c.internal.RegionFactoryInitiator    : HHH000026: Second-level cache disabled
2026-10-10T02:20:59.562+07:00  INFO 65816 --- [competitive-quiz] [           main] o.s.o.j.p.SpringPersistenceUnitInfo      : No LoadTimeWeaver setup: ignoring JPA class transformer
2026-10-10T02:20:59.563+07:00  INFO 65816 --- [competitive-quiz] [           main] org.hibernate.orm.connections.pooling    : HHH10001005: Database info:
	Database JDBC URL [Connecting through datasource 'HikariDataSource (HikariPool-2)']
	Database driver: undefined/unknown
	Database version: 8.0.45
	Autocommit mode: undefined/unknown
	Isolation level: undefined/unknown
	Minimum pool size: undefined/unknown
	Maximum pool size: undefined/unknown
2026-10-10T02:20:59.667+07:00  INFO 65816 --- [competitive-quiz] [           main] o.h.e.t.j.p.i.JtaPlatformInitiator       : HHH000489: No JTA platform available (set 'hibernate.transaction.jta.platform' to enable JTA platform integration)
2026-10-10T02:20:59.680+07:00  INFO 65816 --- [competitive-quiz] [           main] j.LocalContainerEntityManagerFactoryBean : Initialized JPA EntityManagerFactory for persistence unit 'default'
2026-10-10T02:20:59.860+07:00  INFO 65816 --- [competitive-quiz] [           main] r$InitializeUserDetailsManagerConfigurer : Global AuthenticationManager configured with UserDetailsService bean with name quizUserDetailsService
2026-10-10T02:20:59.866+07:00  INFO 65816 --- [competitive-quiz] [           main] o.s.b.a.w.s.WelcomePageHandlerMapping    : Adding welcome page: class path resource [static/index.html]
2026-10-10T02:20:59.987+07:00  INFO 65816 --- [competitive-quiz] [           main] v.e.q.a.s.AuthorizationRepositoryIT      : Started AuthorizationRepositoryIT in 0.839 seconds (process running for 24.135)
[INFO] Tests run: 3, Failures: 0, Errors: 0, Skipped: 0, Time elapsed: 1.111 s -- in vn.edu.quiz.auth.service.AuthorizationRepositoryIT
[INFO] Running vn.edu.quiz.game.repository.MultimodeMigrationIT
2026-10-10T02:21:00.294+07:00  INFO 65816 --- [competitive-quiz] [           main] org.flywaydb.core.FlywayExecutor         : Database: jdbc:mysql://127.0.0.1:3306/quizz_task16_migration_5f5d1e45a96c?connectionTimeZone=UTC&connectTimeout=3000&socketTimeout=3000 (MySQL 8.0)
2026-10-10T02:21:00.306+07:00  INFO 65816 --- [competitive-quiz] [           main] o.f.c.i.s.JdbcTableSchemaHistory         : Schema history table `quizz_task16_migration_5f5d1e45a96c`.`flyway_schema_history` does not exist yet
2026-10-10T02:21:00.308+07:00  INFO 65816 --- [competitive-quiz] [           main] o.f.core.internal.command.DbValidate     : Successfully validated 7 migrations (execution time 00:00.007s)
2026-10-10T02:21:00.322+07:00  INFO 65816 --- [competitive-quiz] [           main] o.f.c.i.s.JdbcTableSchemaHistory         : Creating Schema History table `quizz_task16_migration_5f5d1e45a96c`.`flyway_schema_history` ...
2026-10-10T02:21:00.400+07:00  INFO 65816 --- [competitive-quiz] [           main] o.f.core.internal.command.DbMigrate      : Current version of schema `quizz_task16_migration_5f5d1e45a96c`: << Empty Schema >>
2026-10-10T02:21:00.421+07:00  INFO 65816 --- [competitive-quiz] [           main] o.f.core.internal.command.DbMigrate      : Migrating schema `quizz_task16_migration_5f5d1e45a96c` to version "1 - quiz domain"
2026-10-10T02:21:01.066+07:00  INFO 65816 --- [competitive-quiz] [           main] o.f.core.internal.command.DbMigrate      : Migrating schema `quizz_task16_migration_5f5d1e45a96c` to version "2 - require answer effect snapshots"
2026-10-10T02:21:01.183+07:00  INFO 65816 --- [competitive-quiz] [           main] o.f.core.internal.command.DbMigrate      : Migrating schema `quizz_task16_migration_5f5d1e45a96c` to version "3 - decision seven seconds"
2026-10-10T02:21:01.226+07:00  INFO 65816 --- [competitive-quiz] [           main] o.f.core.internal.command.DbMigrate      : Successfully applied 3 migrations to schema `quizz_task16_migration_5f5d1e45a96c`, now at version v3 (execution time 00:00.746s)
2026-10-10T02:21:01.580+07:00  INFO 65816 --- [competitive-quiz] [           main] org.flywaydb.core.FlywayExecutor         : Database: jdbc:mysql://127.0.0.1:3306/quizz_task16_migration_5f5d1e45a96c?connectionTimeZone=UTC&connectTimeout=3000&socketTimeout=3000 (MySQL 8.0)
2026-10-10T02:21:01.593+07:00  INFO 65816 --- [competitive-quiz] [           main] o.f.core.internal.command.DbValidate     : Successfully validated 7 migrations (execution time 00:00.007s)
2026-10-10T02:21:01.600+07:00  INFO 65816 --- [competitive-quiz] [           main] o.f.core.internal.command.DbMigrate      : Current version of schema `quizz_task16_migration_5f5d1e45a96c`: 3
2026-10-10T02:21:01.612+07:00  INFO 65816 --- [competitive-quiz] [           main] o.f.core.internal.command.DbMigrate      : Migrating schema `quizz_task16_migration_5f5d1e45a96c` to version "4 - multimode data foundation"
2026-10-10T02:21:02.122+07:00  INFO 65816 --- [competitive-quiz] [           main] o.f.core.internal.command.DbMigrate      : Migrating schema `quizz_task16_migration_5f5d1e45a96c` to version "5 - room stage plans"
2026-10-10T02:21:02.223+07:00  INFO 65816 --- [competitive-quiz] [           main] o.f.core.internal.command.DbMigrate      : Successfully applied 2 migrations to schema `quizz_task16_migration_5f5d1e45a96c`, now at version v5 (execution time 00:00.587s)
2026-10-10T02:21:02.278+07:00  INFO 65816 --- [competitive-quiz] [           main] org.flywaydb.core.FlywayExecutor         : Database: jdbc:mysql://127.0.0.1:3306/quizz_task16_migration_5f5d1e45a96c?connectionTimeZone=UTC&connectTimeout=3000&socketTimeout=3000 (MySQL 8.0)
2026-10-10T02:21:02.292+07:00  INFO 65816 --- [competitive-quiz] [           main] o.f.core.internal.command.DbValidate     : Successfully validated 7 migrations (execution time 00:00.007s)
2026-10-10T02:21:02.299+07:00  INFO 65816 --- [competitive-quiz] [           main] o.f.core.internal.command.DbMigrate      : Current version of schema `quizz_task16_migration_5f5d1e45a96c`: 5
2026-10-10T02:21:02.305+07:00  INFO 65816 --- [competitive-quiz] [           main] o.f.core.internal.command.DbMigrate      : Migrating schema `quizz_task16_migration_5f5d1e45a96c` to version "6 - vietnamese arrangement aliases"
2026-10-10T02:21:02.440+07:00  INFO 65816 --- [competitive-quiz] [           main] o.f.core.internal.command.DbMigrate      : Migrating schema `quizz_task16_migration_5f5d1e45a96c` to version "7 - released clues"
2026-10-10T02:21:02.506+07:00  INFO 65816 --- [competitive-quiz] [           main] o.f.core.internal.command.DbMigrate      : Successfully applied 2 migrations to schema `quizz_task16_migration_5f5d1e45a96c`, now at version v7 (execution time 00:00.184s)

  .   ____          _            __ _ _
 /\\ / ___'_ __ _ _(_)_ __  __ _ \ \ \ \
( ( )\___ | '_ | '_| | '_ \/ _` | \ \ \ \
 \\/  ___)| |_)| | | | | || (_| |  ) ) ) )
  '  |____| .__|_| |_|_| |_\__, | / / / /
 =========|_|==============|___/=/_/_/_/

 :: Spring Boot ::               (v3.5.16)

2026-10-10T02:21:03.154+07:00  INFO 65816 --- [competitive-quiz] [           main] o.a.maven.surefire.booter.ForkedBooter   : Starting ForkedBooter v3.5.6 using Java 21.0.9 with PID 65816 (started by CodexSandboxOffline in D:\BTL_LTM)
2026-10-10T02:21:03.154+07:00  INFO 65816 --- [competitive-quiz] [           main] o.a.maven.surefire.booter.ForkedBooter   : The following 1 profile is active: "mysql"
2026-10-10T02:21:03.283+07:00  INFO 65816 --- [competitive-quiz] [           main] .s.d.r.c.RepositoryConfigurationDelegate : Bootstrapping Spring Data JPA repositories in DEFAULT mode.
2026-10-10T02:21:03.306+07:00  INFO 65816 --- [competitive-quiz] [           main] .s.d.r.c.RepositoryConfigurationDelegate : Finished Spring Data repository scanning in 22 ms. Found 13 JPA repository interfaces.
2026-10-10T02:21:03.359+07:00  INFO 65816 --- [competitive-quiz] [           main] o.s.b.w.embedded.tomcat.TomcatWebServer  : Tomcat initialized with port 0 (http)
2026-10-10T02:21:03.360+07:00  INFO 65816 --- [competitive-quiz] [           main] o.apache.catalina.core.StandardService   : Starting service [Tomcat]
2026-10-10T02:21:03.360+07:00  INFO 65816 --- [competitive-quiz] [           main] o.apache.catalina.core.StandardEngine    : Starting Servlet engine: [Apache Tomcat/10.1.55]
2026-10-10T02:21:03.372+07:00  INFO 65816 --- [competitive-quiz] [           main] o.a.c.c.C.[Tomcat-1].[localhost].[/]     : Initializing Spring embedded WebApplicationContext
2026-10-10T02:21:03.372+07:00  INFO 65816 --- [competitive-quiz] [           main] w.s.c.ServletWebServerApplicationContext : Root WebApplicationContext: initialization completed in 217 ms
2026-10-10T02:21:03.393+07:00  INFO 65816 --- [competitive-quiz] [           main] com.zaxxer.hikari.HikariDataSource       : HikariPool-3 - Starting...
2026-10-10T02:21:03.402+07:00  INFO 65816 --- [competitive-quiz] [           main] com.zaxxer.hikari.pool.HikariPool        : HikariPool-3 - Added connection com.mysql.cj.jdbc.ConnectionImpl@4eda3af9
2026-10-10T02:21:03.402+07:00  INFO 65816 --- [competitive-quiz] [           main] com.zaxxer.hikari.HikariDataSource       : HikariPool-3 - Start completed.
2026-10-10T02:21:03.406+07:00  INFO 65816 --- [competitive-quiz] [           main] org.flywaydb.core.FlywayExecutor         : Database: jdbc:mysql://127.0.0.1:3306/quizz_task16_migration_5f5d1e45a96c?connectionTimeZone=UTC&connectTimeout=3000&socketTimeout=3000 (MySQL 8.0)
2026-10-10T02:21:03.417+07:00  INFO 65816 --- [competitive-quiz] [           main] o.f.core.internal.command.DbValidate     : Successfully validated 7 migrations (execution time 00:00.006s)
2026-10-10T02:21:03.425+07:00  INFO 65816 --- [competitive-quiz] [           main] o.f.core.internal.command.DbMigrate      : Current version of schema `quizz_task16_migration_5f5d1e45a96c`: 7
2026-10-10T02:21:03.426+07:00  INFO 65816 --- [competitive-quiz] [           main] o.f.core.internal.command.DbMigrate      : Schema `quizz_task16_migration_5f5d1e45a96c` is up to date. No migration necessary.
2026-10-10T02:21:03.449+07:00  INFO 65816 --- [competitive-quiz] [           main] o.hibernate.jpa.internal.util.LogHelper  : HHH000204: Processing PersistenceUnitInfo [name: default]
2026-10-10T02:21:03.451+07:00  INFO 65816 --- [competitive-quiz] [           main] o.h.c.internal.RegionFactoryInitiator    : HHH000026: Second-level cache disabled
2026-10-10T02:21:03.456+07:00  INFO 65816 --- [competitive-quiz] [           main] o.s.o.j.p.SpringPersistenceUnitInfo      : No LoadTimeWeaver setup: ignoring JPA class transformer
2026-10-10T02:21:03.458+07:00  INFO 65816 --- [competitive-quiz] [           main] org.hibernate.orm.connections.pooling    : HHH10001005: Database info:
	Database JDBC URL [Connecting through datasource 'HikariDataSource (HikariPool-3)']
	Database driver: undefined/unknown
	Database version: 8.0.45
	Autocommit mode: undefined/unknown
	Isolation level: undefined/unknown
	Minimum pool size: undefined/unknown
	Maximum pool size: undefined/unknown
2026-10-10T02:21:03.561+07:00  INFO 65816 --- [competitive-quiz] [           main] o.h.e.t.j.p.i.JtaPlatformInitiator       : HHH000489: No JTA platform available (set 'hibernate.transaction.jta.platform' to enable JTA platform integration)
2026-10-10T02:21:03.568+07:00  INFO 65816 --- [competitive-quiz] [           main] j.LocalContainerEntityManagerFactoryBean : Initialized JPA EntityManagerFactory for persistence unit 'default'
2026-10-10T02:21:03.751+07:00  INFO 65816 --- [competitive-quiz] [           main] r$InitializeUserDetailsManagerConfigurer : Global AuthenticationManager configured with UserDetailsService bean with name quizUserDetailsService
2026-10-10T02:21:03.760+07:00  INFO 65816 --- [competitive-quiz] [           main] o.s.b.a.w.s.WelcomePageHandlerMapping    : Adding welcome page: class path resource [static/index.html]
2026-10-10T02:21:03.858+07:00  INFO 65816 --- [competitive-quiz] [           main] o.s.b.w.embedded.tomcat.TomcatWebServer  : Tomcat started on port 49575 (http) with context path '/'
2026-10-10T02:21:03.861+07:00  INFO 65816 --- [competitive-quiz] [           main] o.a.maven.surefire.booter.ForkedBooter   : Started ForkedBooter in 0.728 seconds (process running for 28.01)
2026-10-10T02:21:04.534+07:00  INFO 65816 --- [competitive-quiz] [           main] o.s.b.w.e.tomcat.GracefulShutdown        : Commencing graceful shutdown. Waiting for active requests to complete
2026-10-10T02:21:04.536+07:00  INFO 65816 --- [competitive-quiz] [tomcat-shutdown] o.s.b.w.e.tomcat.GracefulShutdown        : Graceful shutdown complete
2026-10-10T02:21:04.539+07:00  INFO 65816 --- [competitive-quiz] [           main] j.LocalContainerEntityManagerFactoryBean : Closing JPA EntityManagerFactory for persistence unit 'default'
2026-10-10T02:21:04.541+07:00  INFO 65816 --- [competitive-quiz] [           main] com.zaxxer.hikari.HikariDataSource       : HikariPool-3 - Shutdown initiated...
2026-10-10T02:21:04.543+07:00  INFO 65816 --- [competitive-quiz] [           main] com.zaxxer.hikari.HikariDataSource       : HikariPool-3 - Shutdown completed.
TASK16_MIGRATION: MySQL v1->latest, retained legacy history, v2 readers/constraints; schema=quizz_task16_migration_5f5d1e45a96c
[INFO] Tests run: 1, Failures: 0, Errors: 0, Skipped: 0, Time elapsed: 4.314 s -- in vn.edu.quiz.game.repository.MultimodeMigrationIT
[INFO] Running vn.edu.quiz.game.repository.MySqlSchemaIT
2026-10-10T02:21:04.551+07:00  INFO 65816 --- [competitive-quiz] [           main] t.c.s.AnnotationConfigContextLoaderUtils : Could not detect default configuration classes for test class [vn.edu.quiz.game.repository.MySqlSchemaIT]: MySqlSchemaIT does not declare any static, non-private, non-final, nested classes annotated with @Configuration.
2026-10-10T02:21:04.563+07:00  INFO 65816 --- [competitive-quiz] [           main] .b.t.c.SpringBootTestContextBootstrapper : Found @SpringBootConfiguration vn.edu.quiz.QuizApplication for test class vn.edu.quiz.game.repository.MySqlSchemaIT
[INFO] Tests run: 12, Failures: 0, Errors: 0, Skipped: 0, Time elapsed: 0.388 s -- in vn.edu.quiz.game.repository.MySqlSchemaIT
[INFO] Running vn.edu.quiz.game.service.ArrangementLifecycleIT
2026-10-10T02:21:04.943+07:00  INFO 65816 --- [competitive-quiz] [           main] t.c.s.AnnotationConfigContextLoaderUtils : Could not detect default configuration classes for test class [vn.edu.quiz.game.service.ArrangementLifecycleIT]: ArrangementLifecycleIT does not declare any static, non-private, non-final, nested classes annotated with @Configuration.
2026-10-10T02:21:04.969+07:00  INFO 65816 --- [competitive-quiz] [           main] .b.t.c.SpringBootTestContextBootstrapper : Found @SpringBootConfiguration vn.edu.quiz.QuizApplication for test class vn.edu.quiz.game.service.ArrangementLifecycleIT

  .   ____          _            __ _ _
 /\\ / ___'_ __ _ _(_)_ __  __ _ \ \ \ \
( ( )\___ | '_ | '_| | '_ \/ _` | \ \ \ \
 \\/  ___)| |_)| | | | | || (_| |  ) ) ) )
  '  |____| .__|_| |_|_| |_\__, | / / / /
 =========|_|==============|___/=/_/_/_/

 :: Spring Boot ::               (v3.5.16)

2026-10-10T02:21:05.055+07:00  INFO 65816 --- [competitive-quiz] [           main] v.e.q.g.service.ArrangementLifecycleIT   : Starting ArrangementLifecycleIT using Java 21.0.9 with PID 65816 (started by CodexSandboxOffline in D:\BTL_LTM)
2026-10-10T02:21:05.055+07:00  INFO 65816 --- [competitive-quiz] [           main] v.e.q.g.service.ArrangementLifecycleIT   : The following 1 profile is active: "mysql"
2026-10-10T02:21:05.185+07:00  INFO 65816 --- [competitive-quiz] [           main] .s.d.r.c.RepositoryConfigurationDelegate : Bootstrapping Spring Data JPA repositories in DEFAULT mode.
2026-10-10T02:21:05.218+07:00  INFO 65816 --- [competitive-quiz] [           main] .s.d.r.c.RepositoryConfigurationDelegate : Finished Spring Data repository scanning in 32 ms. Found 13 JPA repository interfaces.
2026-10-10T02:21:05.279+07:00  INFO 65816 --- [competitive-quiz] [           main] o.s.b.w.embedded.tomcat.TomcatWebServer  : Tomcat initialized with port 0 (http)
2026-10-10T02:21:05.280+07:00  INFO 65816 --- [competitive-quiz] [           main] o.apache.catalina.core.StandardService   : Starting service [Tomcat]
2026-10-10T02:21:05.280+07:00  INFO 65816 --- [competitive-quiz] [           main] o.apache.catalina.core.StandardEngine    : Starting Servlet engine: [Apache Tomcat/10.1.55]
2026-10-10T02:21:05.289+07:00  INFO 65816 --- [competitive-quiz] [           main] o.a.c.c.C.[Tomcat-1].[localhost].[/]     : Initializing Spring embedded WebApplicationContext
2026-10-10T02:21:05.289+07:00  INFO 65816 --- [competitive-quiz] [           main] w.s.c.ServletWebServerApplicationContext : Root WebApplicationContext: initialization completed in 233 ms
2026-10-10T02:21:05.315+07:00  INFO 65816 --- [competitive-quiz] [           main] com.zaxxer.hikari.HikariDataSource       : HikariPool-4 - Starting...
2026-10-10T02:21:05.327+07:00  INFO 65816 --- [competitive-quiz] [           main] com.zaxxer.hikari.pool.HikariPool        : HikariPool-4 - Added connection com.mysql.cj.jdbc.ConnectionImpl@4b1d75ea
2026-10-10T02:21:05.327+07:00  INFO 65816 --- [competitive-quiz] [           main] com.zaxxer.hikari.HikariDataSource       : HikariPool-4 - Start completed.
2026-10-10T02:21:05.330+07:00  INFO 65816 --- [competitive-quiz] [           main] org.flywaydb.core.FlywayExecutor         : Database: jdbc:mysql://127.0.0.1:3306/quizz_task2_test?connectionTimeZone=UTC&connectTimeout=3000&socketTimeout=3000 (MySQL 8.0)
2026-10-10T02:21:05.339+07:00  INFO 65816 --- [competitive-quiz] [           main] o.f.core.internal.command.DbValidate     : Successfully validated 7 migrations (execution time 00:00.005s)
2026-10-10T02:21:05.348+07:00  INFO 65816 --- [competitive-quiz] [           main] o.f.core.internal.command.DbMigrate      : Current version of schema `quizz_task2_test`: 7
2026-10-10T02:21:05.348+07:00  INFO 65816 --- [competitive-quiz] [           main] o.f.core.internal.command.DbMigrate      : Schema `quizz_task2_test` is up to date. No migration necessary.
2026-10-10T02:21:05.374+07:00  INFO 65816 --- [competitive-quiz] [           main] o.hibernate.jpa.internal.util.LogHelper  : HHH000204: Processing PersistenceUnitInfo [name: default]
2026-10-10T02:21:05.375+07:00  INFO 65816 --- [competitive-quiz] [           main] o.h.c.internal.RegionFactoryInitiator    : HHH000026: Second-level cache disabled
2026-10-10T02:21:05.380+07:00  INFO 65816 --- [competitive-quiz] [           main] o.s.o.j.p.SpringPersistenceUnitInfo      : No LoadTimeWeaver setup: ignoring JPA class transformer
2026-10-10T02:21:05.381+07:00  INFO 65816 --- [competitive-quiz] [           main] org.hibernate.orm.connections.pooling    : HHH10001005: Database info:
	Database JDBC URL [Connecting through datasource 'HikariDataSource (HikariPool-4)']
	Database driver: undefined/unknown
	Database version: 8.0.45
	Autocommit mode: undefined/unknown
	Isolation level: undefined/unknown
	Minimum pool size: undefined/unknown
	Maximum pool size: undefined/unknown
2026-10-10T02:21:05.504+07:00  INFO 65816 --- [competitive-quiz] [           main] o.h.e.t.j.p.i.JtaPlatformInitiator       : HHH000489: No JTA platform available (set 'hibernate.transaction.jta.platform' to enable JTA platform integration)
2026-10-10T02:21:05.512+07:00  INFO 65816 --- [competitive-quiz] [           main] j.LocalContainerEntityManagerFactoryBean : Initialized JPA EntityManagerFactory for persistence unit 'default'
2026-10-10T02:21:06.736+07:00  INFO 65816 --- [competitive-quiz] [           main] r$InitializeUserDetailsManagerConfigurer : Global AuthenticationManager configured with UserDetailsService bean with name quizUserDetailsService
2026-10-10T02:21:06.777+07:00  INFO 65816 --- [competitive-quiz] [           main] o.s.b.a.w.s.WelcomePageHandlerMapping    : Adding welcome page: class path resource [static/index.html]
2026-10-10T02:21:07.145+07:00  INFO 65816 --- [competitive-quiz] [           main] o.s.b.w.embedded.tomcat.TomcatWebServer  : Tomcat started on port 54311 (http) with context path '/'
2026-10-10T02:21:07.155+07:00  INFO 65816 --- [competitive-quiz] [           main] v.e.q.g.service.ArrangementLifecycleIT   : Started ArrangementLifecycleIT in 2.123 seconds (process running for 31.303)
2026-10-10T02:21:08.039+07:00  INFO 65816 --- [competitive-quiz] [0-auto-3-exec-1] o.a.c.c.C.[Tomcat-1].[localhost].[/]     : Initializing Spring DispatcherServlet 'dispatcherServlet'
2026-10-10T02:21:08.039+07:00  INFO 65816 --- [competitive-quiz] [0-auto-3-exec-1] o.s.web.servlet.DispatcherServlet        : Initializing Servlet 'dispatcherServlet'
2026-10-10T02:21:08.040+07:00  INFO 65816 --- [competitive-quiz] [0-auto-3-exec-1] o.s.web.servlet.DispatcherServlet        : Completed initialization in 1 ms
[INFO] Tests run: 3, Failures: 0, Errors: 0, Skipped: 0, Time elapsed: 10.56 s -- in vn.edu.quiz.game.service.ArrangementLifecycleIT
[INFO] Running vn.edu.quiz.game.service.CluesLifecycleIT
2026-10-10T02:21:15.516+07:00  INFO 65816 --- [competitive-quiz] [           main] t.c.s.AnnotationConfigContextLoaderUtils : Could not detect default configuration classes for test class [vn.edu.quiz.game.service.CluesLifecycleIT]: CluesLifecycleIT does not declare any static, non-private, non-final, nested classes annotated with @Configuration.
2026-10-10T02:21:15.519+07:00  INFO 65816 --- [competitive-quiz] [           main] .b.t.c.SpringBootTestContextBootstrapper : Found @SpringBootConfiguration vn.edu.quiz.QuizApplication for test class vn.edu.quiz.game.service.CluesLifecycleIT

  .   ____          _            __ _ _
 /\\ / ___'_ __ _ _(_)_ __  __ _ \ \ \ \
( ( )\___ | '_ | '_| | '_ \/ _` | \ \ \ \
 \\/  ___)| |_)| | | | | || (_| |  ) ) ) )
  '  |____| .__|_| |_|_| |_\__, | / / / /
 =========|_|==============|___/=/_/_/_/

 :: Spring Boot ::               (v3.5.16)

2026-10-10T02:21:18.431+07:00  INFO 65816 --- [competitive-quiz] [           main] o.a.maven.surefire.booter.ForkedBooter   : Starting ForkedBooter v3.5.6 using Java 21.0.9 with PID 65816 (started by CodexSandboxOffline in D:\BTL_LTM)
2026-10-10T02:21:18.432+07:00  INFO 65816 --- [competitive-quiz] [           main] o.a.maven.surefire.booter.ForkedBooter   : The following 1 profile is active: "mysql"
2026-10-10T02:21:18.720+07:00  INFO 65816 --- [competitive-quiz] [           main] .s.d.r.c.RepositoryConfigurationDelegate : Bootstrapping Spring Data JPA repositories in DEFAULT mode.
2026-10-10T02:21:18.773+07:00  INFO 65816 --- [competitive-quiz] [           main] .s.d.r.c.RepositoryConfigurationDelegate : Finished Spring Data repository scanning in 52 ms. Found 13 JPA repository interfaces.
2026-10-10T02:21:18.907+07:00  INFO 65816 --- [competitive-quiz] [           main] o.s.b.w.embedded.tomcat.TomcatWebServer  : Tomcat initialized with port 0 (http)
2026-10-10T02:21:18.908+07:00  INFO 65816 --- [competitive-quiz] [           main] o.apache.catalina.core.StandardService   : Starting service [Tomcat]
2026-10-10T02:21:18.909+07:00  INFO 65816 --- [competitive-quiz] [           main] o.apache.catalina.core.StandardEngine    : Starting Servlet engine: [Apache Tomcat/10.1.55]
2026-10-10T02:21:18.937+07:00  INFO 65816 --- [competitive-quiz] [           main] o.a.c.c.C.[Tomcat-2].[localhost].[/]     : Initializing Spring embedded WebApplicationContext
2026-10-10T02:21:18.937+07:00  INFO 65816 --- [competitive-quiz] [           main] w.s.c.ServletWebServerApplicationContext : Root WebApplicationContext: initialization completed in 503 ms
2026-10-10T02:21:19.011+07:00  INFO 65816 --- [competitive-quiz] [           main] o.hibernate.jpa.internal.util.LogHelper  : HHH000204: Processing PersistenceUnitInfo [name: default]
2026-10-10T02:21:19.017+07:00  INFO 65816 --- [competitive-quiz] [           main] o.h.c.internal.RegionFactoryInitiator    : HHH000026: Second-level cache disabled
2026-10-10T02:21:19.032+07:00  INFO 65816 --- [competitive-quiz] [           main] o.s.o.j.p.SpringPersistenceUnitInfo      : No LoadTimeWeaver setup: ignoring JPA class transformer
2026-10-10T02:21:19.036+07:00  INFO 65816 --- [competitive-quiz] [           main] com.zaxxer.hikari.HikariDataSource       : HikariPool-5 - Starting...
2026-10-10T02:21:19.131+07:00  INFO 65816 --- [competitive-quiz] [           main] com.zaxxer.hikari.pool.HikariPool        : HikariPool-5 - Added connection com.mysql.cj.jdbc.ConnectionImpl@3e56b1fd
2026-10-10T02:21:19.133+07:00  INFO 65816 --- [competitive-quiz] [           main] com.zaxxer.hikari.HikariDataSource       : HikariPool-5 - Start completed.
2026-10-10T02:21:19.135+07:00  INFO 65816 --- [competitive-quiz] [           main] org.hibernate.orm.connections.pooling    : HHH10001005: Database info:
	Database JDBC URL [Connecting through datasource 'HikariDataSource (HikariPool-5)']
	Database driver: undefined/unknown
	Database version: 8.0.45
	Autocommit mode: undefined/unknown
	Isolation level: undefined/unknown
	Minimum pool size: undefined/unknown
	Maximum pool size: undefined/unknown
2026-10-10T02:21:19.304+07:00  INFO 65816 --- [competitive-quiz] [           main] o.h.e.t.j.p.i.JtaPlatformInitiator       : HHH000489: No JTA platform available (set 'hibernate.transaction.jta.platform' to enable JTA platform integration)
2026-10-10T02:21:19.313+07:00  INFO 65816 --- [competitive-quiz] [           main] j.LocalContainerEntityManagerFactoryBean : Initialized JPA EntityManagerFactory for persistence unit 'default'
2026-10-10T02:21:19.598+07:00  INFO 65816 --- [competitive-quiz] [           main] r$InitializeUserDetailsManagerConfigurer : Global AuthenticationManager configured with UserDetailsService bean with name quizUserDetailsService
2026-10-10T02:21:19.608+07:00  INFO 65816 --- [competitive-quiz] [           main] o.s.b.a.w.s.WelcomePageHandlerMapping    : Adding welcome page: class path resource [static/index.html]
2026-10-10T02:21:19.697+07:00  INFO 65816 --- [competitive-quiz] [           main] o.s.b.w.embedded.tomcat.TomcatWebServer  : Tomcat started on port 53524 (http) with context path '/'
2026-10-10T02:21:19.701+07:00  INFO 65816 --- [competitive-quiz] [           main] o.a.maven.surefire.booter.ForkedBooter   : Started ForkedBooter in 1.3 seconds (process running for 43.848)
2026-10-10T02:21:19.768+07:00  INFO 65816 --- [competitive-quiz] [           main] o.s.b.w.e.tomcat.GracefulShutdown        : Commencing graceful shutdown. Waiting for active requests to complete
2026-10-10T02:21:19.781+07:00  INFO 65816 --- [competitive-quiz] [tomcat-shutdown] o.s.b.w.e.tomcat.GracefulShutdown        : Graceful shutdown complete
2026-10-10T02:21:19.785+07:00  INFO 65816 --- [competitive-quiz] [           main] j.LocalContainerEntityManagerFactoryBean : Closing JPA EntityManagerFactory for persistence unit 'default'
2026-10-10T02:21:19.785+07:00  INFO 65816 --- [competitive-quiz] [           main] com.zaxxer.hikari.HikariDataSource       : HikariPool-5 - Shutdown initiated...
2026-10-10T02:21:19.791+07:00  INFO 65816 --- [competitive-quiz] [           main] com.zaxxer.hikari.HikariDataSource       : HikariPool-5 - Shutdown completed.
[INFO] Tests run: 7, Failures: 0, Errors: 0, Skipped: 0, Time elapsed: 9.107 s -- in vn.edu.quiz.game.service.CluesLifecycleIT
[INFO] Running vn.edu.quiz.game.service.GameCommandNetworkIT
2026-10-10T02:21:24.621+07:00  INFO 65816 --- [competitive-quiz] [           main] t.c.s.AnnotationConfigContextLoaderUtils : Could not detect default configuration classes for test class [vn.edu.quiz.game.service.GameCommandNetworkIT]: GameCommandNetworkIT does not declare any static, non-private, non-final, nested classes annotated with @Configuration.
2026-10-10T02:21:24.623+07:00  INFO 65816 --- [competitive-quiz] [           main] .b.t.c.SpringBootTestContextBootstrapper : Found @SpringBootConfiguration vn.edu.quiz.QuizApplication for test class vn.edu.quiz.game.service.GameCommandNetworkIT
[INFO] Tests run: 11, Failures: 0, Errors: 0, Skipped: 0, Time elapsed: 9.412 s -- in vn.edu.quiz.game.service.GameCommandNetworkIT
[INFO] Running vn.edu.quiz.game.service.GameHistoryCancelIT
2026-10-10T02:21:34.035+07:00  INFO 65816 --- [competitive-quiz] [           main] t.c.s.AnnotationConfigContextLoaderUtils : Could not detect default configuration classes for test class [vn.edu.quiz.game.service.GameHistoryCancelIT]: GameHistoryCancelIT does not declare any static, non-private, non-final, nested classes annotated with @Configuration.
2026-10-10T02:21:34.036+07:00  INFO 65816 --- [competitive-quiz] [           main] .b.t.c.SpringBootTestContextBootstrapper : Found @SpringBootConfiguration vn.edu.quiz.QuizApplication for test class vn.edu.quiz.game.service.GameHistoryCancelIT

  .   ____          _            __ _ _
 /\\ / ___'_ __ _ _(_)_ __  __ _ \ \ \ \
( ( )\___ | '_ | '_| | '_ \/ _` | \ \ \ \
 \\/  ___)| |_)| | | | | || (_| |  ) ) ) )
  '  |____| .__|_| |_|_| |_\__, | / / / /
 =========|_|==============|___/=/_/_/_/

 :: Spring Boot ::               (v3.5.16)

2026-10-10T02:21:34.709+07:00  INFO 65816 --- [competitive-quiz] [           main] o.a.maven.surefire.booter.ForkedBooter   : Starting ForkedBooter v3.5.6 using Java 21.0.9 with PID 65816 (started by CodexSandboxOffline in D:\BTL_LTM)
2026-10-10T02:21:34.709+07:00  INFO 65816 --- [competitive-quiz] [           main] o.a.maven.surefire.booter.ForkedBooter   : The following 1 profile is active: "mysql"
2026-10-10T02:21:34.876+07:00  INFO 65816 --- [competitive-quiz] [           main] .s.d.r.c.RepositoryConfigurationDelegate : Bootstrapping Spring Data JPA repositories in DEFAULT mode.
2026-10-10T02:21:34.921+07:00  INFO 65816 --- [competitive-quiz] [           main] .s.d.r.c.RepositoryConfigurationDelegate : Finished Spring Data repository scanning in 44 ms. Found 13 JPA repository interfaces.
2026-10-10T02:21:34.972+07:00  INFO 65816 --- [competitive-quiz] [           main] o.s.b.w.embedded.tomcat.TomcatWebServer  : Tomcat initialized with port 0 (http)
2026-10-10T02:21:34.974+07:00  INFO 65816 --- [competitive-quiz] [           main] o.apache.catalina.core.StandardService   : Starting service [Tomcat]
2026-10-10T02:21:34.975+07:00  INFO 65816 --- [competitive-quiz] [           main] o.apache.catalina.core.StandardEngine    : Starting Servlet engine: [Apache Tomcat/10.1.55]
2026-10-10T02:21:34.989+07:00  INFO 65816 --- [competitive-quiz] [           main] o.a.c.c.C.[Tomcat-2].[localhost].[/]     : Initializing Spring embedded WebApplicationContext
2026-10-10T02:21:34.989+07:00  INFO 65816 --- [competitive-quiz] [           main] w.s.c.ServletWebServerApplicationContext : Root WebApplicationContext: initialization completed in 279 ms
2026-10-10T02:21:35.025+07:00  INFO 65816 --- [competitive-quiz] [           main] o.hibernate.jpa.internal.util.LogHelper  : HHH000204: Processing PersistenceUnitInfo [name: default]
2026-10-10T02:21:35.026+07:00  INFO 65816 --- [competitive-quiz] [           main] o.h.c.internal.RegionFactoryInitiator    : HHH000026: Second-level cache disabled
2026-10-10T02:21:35.033+07:00  INFO 65816 --- [competitive-quiz] [           main] o.s.o.j.p.SpringPersistenceUnitInfo      : No LoadTimeWeaver setup: ignoring JPA class transformer
2026-10-10T02:21:35.034+07:00  INFO 65816 --- [competitive-quiz] [           main] com.zaxxer.hikari.HikariDataSource       : HikariPool-6 - Starting...
2026-10-10T02:21:35.045+07:00  INFO 65816 --- [competitive-quiz] [           main] com.zaxxer.hikari.pool.HikariPool        : HikariPool-6 - Added connection com.mysql.cj.jdbc.ConnectionImpl@4ac782b2
2026-10-10T02:21:35.045+07:00  INFO 65816 --- [competitive-quiz] [           main] com.zaxxer.hikari.HikariDataSource       : HikariPool-6 - Start completed.
2026-10-10T02:21:35.046+07:00  INFO 65816 --- [competitive-quiz] [           main] org.hibernate.orm.connections.pooling    : HHH10001005: Database info:
	Database JDBC URL [Connecting through datasource 'HikariDataSource (HikariPool-6)']
	Database driver: undefined/unknown
	Database version: 8.0.45
	Autocommit mode: undefined/unknown
	Isolation level: undefined/unknown
	Minimum pool size: undefined/unknown
	Maximum pool size: undefined/unknown
2026-10-10T02:21:35.140+07:00  INFO 65816 --- [competitive-quiz] [           main] o.h.e.t.j.p.i.JtaPlatformInitiator       : HHH000489: No JTA platform available (set 'hibernate.transaction.jta.platform' to enable JTA platform integration)
2026-10-10T02:21:35.153+07:00  INFO 65816 --- [competitive-quiz] [           main] j.LocalContainerEntityManagerFactoryBean : Initialized JPA EntityManagerFactory for persistence unit 'default'
2026-10-10T02:21:35.418+07:00  INFO 65816 --- [competitive-quiz] [           main] r$InitializeUserDetailsManagerConfigurer : Global AuthenticationManager configured with UserDetailsService bean with name quizUserDetailsService
2026-10-10T02:21:35.425+07:00  INFO 65816 --- [competitive-quiz] [           main] o.s.b.a.w.s.WelcomePageHandlerMapping    : Adding welcome page: class path resource [static/index.html]
2026-10-10T02:21:35.509+07:00  INFO 65816 --- [competitive-quiz] [           main] o.s.b.w.embedded.tomcat.TomcatWebServer  : Tomcat started on port 54924 (http) with context path '/'
2026-10-10T02:21:35.511+07:00  INFO 65816 --- [competitive-quiz] [           main] o.a.maven.surefire.booter.ForkedBooter   : Started ForkedBooter in 0.828 seconds (process running for 59.658)
2026-10-10T02:21:35.582+07:00  INFO 65816 --- [competitive-quiz] [0-auto-5-exec-1] o.a.c.c.C.[Tomcat-2].[localhost].[/]     : Initializing Spring DispatcherServlet 'dispatcherServlet'
2026-10-10T02:21:35.582+07:00  INFO 65816 --- [competitive-quiz] [0-auto-5-exec-1] o.s.web.servlet.DispatcherServlet        : Initializing Servlet 'dispatcherServlet'
2026-10-10T02:21:35.583+07:00  INFO 65816 --- [competitive-quiz] [0-auto-5-exec-1] o.s.web.servlet.DispatcherServlet        : Completed initialization in 1 ms
2026-10-10T02:21:35.752+07:00  INFO 65816 --- [competitive-quiz] [           main] o.s.b.w.e.tomcat.GracefulShutdown        : Commencing graceful shutdown. Waiting for active requests to complete
2026-10-10T02:21:35.766+07:00  INFO 65816 --- [competitive-quiz] [tomcat-shutdown] o.s.b.w.e.tomcat.GracefulShutdown        : Graceful shutdown complete
2026-10-10T02:21:35.769+07:00  INFO 65816 --- [competitive-quiz] [           main] j.LocalContainerEntityManagerFactoryBean : Closing JPA EntityManagerFactory for persistence unit 'default'
2026-10-10T02:21:35.770+07:00  INFO 65816 --- [competitive-quiz] [           main] com.zaxxer.hikari.HikariDataSource       : HikariPool-6 - Shutdown initiated...
2026-10-10T02:21:35.772+07:00  INFO 65816 --- [competitive-quiz] [           main] com.zaxxer.hikari.HikariDataSource       : HikariPool-6 - Shutdown completed.
2026-10-10T02:21:36.725+07:00  WARN 65816 --- [competitive-quiz] [  game-worker-3] com.zaxxer.hikari.pool.ProxyConnection   : HikariPool-4 - Connection com.mysql.cj.jdbc.ConnectionImpl@4b1d75ea marked as broken because of SQLSTATE(08S01), ErrorCode(0)

com.mysql.cj.jdbc.exceptions.CommunicationsException: Communications link failure

The last packet successfully received from the server was 4 milliseconds ago. The last packet sent successfully to the server was 5 milliseconds ago.
	at com.mysql.cj.jdbc.exceptions.SQLError.createCommunicationsException(SQLError.java:165) ~[mysql-connector-j-9.7.0.jar:9.7.0]
	at com.mysql.cj.jdbc.exceptions.SQLExceptionsMapping.translateException(SQLExceptionsMapping.java:55) ~[mysql-connector-j-9.7.0.jar:9.7.0]
	at com.mysql.cj.jdbc.StatementImpl.executeQuery(StatementImpl.java:1318) ~[mysql-connector-j-9.7.0.jar:9.7.0]
	at com.zaxxer.hikari.pool.ProxyStatement.executeQuery(ProxyStatement.java:111) ~[HikariCP-6.3.3.jar:na]
	at com.zaxxer.hikari.pool.HikariProxyStatement.executeQuery(HikariProxyStatement.java) ~[HikariCP-6.3.3.jar:na]
	at org.springframework.jdbc.core.JdbcTemplate$1QueryStatementCallback.doInStatement(JdbcTemplate.java:463) ~[spring-jdbc-6.2.19.jar:6.2.19]
	at org.springframework.jdbc.core.JdbcTemplate.execute(JdbcTemplate.java:393) ~[spring-jdbc-6.2.19.jar:6.2.19]
	at org.springframework.jdbc.core.JdbcTemplate.query(JdbcTemplate.java:476) ~[spring-jdbc-6.2.19.jar:6.2.19]
	at org.springframework.jdbc.core.JdbcTemplate.query(JdbcTemplate.java:486) ~[spring-jdbc-6.2.19.jar:6.2.19]
	at org.springframework.jdbc.core.JdbcTemplate.queryForObject(JdbcTemplate.java:519) ~[spring-jdbc-6.2.19.jar:6.2.19]
	at org.springframework.jdbc.core.JdbcTemplate.queryForObject(JdbcTemplate.java:526) ~[spring-jdbc-6.2.19.jar:6.2.19]
	at vn.edu.quiz.game.service.GameHistoryCancelIT.lambda$actualMysqlConnectionLossRollsBackCancelAndCommitsInterruptedCleanup$20(GameHistoryCancelIT.java:183) ~[test-classes/:na]
	at org.mockito.internal.stubbing.StubbedInvocationMatcher.answer(StubbedInvocationMatcher.java:42) ~[mockito-core-5.17.0.jar:na]
	at org.mockito.internal.handler.MockHandlerImpl.handle(MockHandlerImpl.java:103) ~[mockito-core-5.17.0.jar:na]
	at org.mockito.internal.handler.NullResultGuardian.handle(NullResultGuardian.java:29) ~[mockito-core-5.17.0.jar:na]
	at org.mockito.internal.handler.InvocationNotifierHandler.handle(InvocationNotifierHandler.java:34) ~[mockito-core-5.17.0.jar:na]
	at org.mockito.internal.creation.bytebuddy.access.MockMethodInterceptor.doIntercept(MockMethodInterceptor.java:84) ~[mockito-core-5.17.0.jar:na]
	at org.mockito.internal.creation.bytebuddy.access.MockMethodInterceptor.doIntercept(MockMethodInterceptor.java:58) ~[mockito-core-5.17.0.jar:na]
	at org.mockito.internal.creation.bytebuddy.access.MockMethodInterceptor$DispatcherDefaultingToRealMethod.interceptAbstract(MockMethodInterceptor.java:163) ~[mockito-core-5.17.0.jar:na]
	at vn.edu.quiz.game.repository.PlayerSessionRepository$MockitoMock$4l4fOKGY.flush(Unknown Source) ~[classes/:na]
	at vn.edu.quiz.game.service.GameTransactions.cancel(GameTransactions.java:398) ~[classes/:na]
	at java.base/java.lang.invoke.MethodHandle.invokeWithArguments(MethodHandle.java:733) ~[na:na]
	at org.mockito.internal.util.reflection.InstrumentationMemberAccessor$Dispatcher$ByteBuddy$DcaSkphX.invokeWithArguments(Unknown Source) ~[na:na]
	at org.mockito.internal.util.reflection.InstrumentationMemberAccessor.invoke(InstrumentationMemberAccessor.java:265) ~[mockito-core-5.17.0.jar:na]
	at org.mockito.internal.util.reflection.ModuleMemberAccessor.invoke(ModuleMemberAccessor.java:55) ~[mockito-core-5.17.0.jar:na]
	at org.mockito.internal.creation.bytebuddy.MockMethodAdvice.tryInvoke(MockMethodAdvice.java:316) ~[mockito-core-5.17.0.jar:na]
	at org.mockito.internal.creation.bytebuddy.MockMethodAdvice$RealMethodCall.invoke(MockMethodAdvice.java:236) ~[mockito-core-5.17.0.jar:na]
	at org.mockito.internal.invocation.InterceptedInvocation.callRealMethod(InterceptedInvocation.java:142) ~[mockito-core-5.17.0.jar:na]
	at org.mockito.internal.stubbing.answers.CallsRealMethods.answer(CallsRealMethods.java:45) ~[mockito-core-5.17.0.jar:na]
	at org.mockito.Answers.answer(Answers.java:90) ~[mockito-core-5.17.0.jar:na]
	at org.mockito.internal.handler.MockHandlerImpl.handle(MockHandlerImpl.java:111) ~[mockito-core-5.17.0.jar:na]
	at org.mockito.internal.handler.NullResultGuardian.handle(NullResultGuardian.java:29) ~[mockito-core-5.17.0.jar:na]
	at org.mockito.internal.handler.InvocationNotifierHandler.handle(InvocationNotifierHandler.java:34) ~[mockito-core-5.17.0.jar:na]
	at org.mockito.internal.creation.bytebuddy.access.MockMethodInterceptor.doIntercept(MockMethodInterceptor.java:84) ~[mockito-core-5.17.0.jar:na]
	at org.mockito.internal.creation.bytebuddy.MockMethodAdvice.handle(MockMethodAdvice.java:136) ~[mockito-core-5.17.0.jar:na]
	at vn.edu.quiz.game.service.GameTransactions.cancel(GameTransactions.java:393) ~[classes/:na]
	at java.base/jdk.internal.reflect.DirectMethodHandleAccessor.invoke(DirectMethodHandleAccessor.java:103) ~[na:na]
	at java.base/java.lang.reflect.Method.invoke(Method.java:580) ~[na:na]
	at org.springframework.aop.support.AopUtils.invokeJoinpointUsingReflection(AopUtils.java:360) ~[spring-aop-6.2.19.jar:6.2.19]
	at org.springframework.aop.framework.ReflectiveMethodInvocation.invokeJoinpoint(ReflectiveMethodInvocation.java:196) ~[spring-aop-6.2.19.jar:6.2.19]
	at org.springframework.aop.framework.ReflectiveMethodInvocation.proceed(ReflectiveMethodInvocation.java:163) ~[spring-aop-6.2.19.jar:6.2.19]
	at org.springframework.transaction.interceptor.TransactionAspectSupport.invokeWithinTransaction(TransactionAspectSupport.java:380) ~[spring-tx-6.2.19.jar:6.2.19]
	at org.springframework.transaction.interceptor.TransactionInterceptor.invoke(TransactionInterceptor.java:119) ~[spring-tx-6.2.19.jar:6.2.19]
	at org.springframework.aop.framework.ReflectiveMethodInvocation.proceed(ReflectiveMethodInvocation.java:184) ~[spring-aop-6.2.19.jar:6.2.19]
	at org.springframework.aop.framework.CglibAopProxy$DynamicAdvisedInterceptor.intercept(CglibAopProxy.java:728) ~[spring-aop-6.2.19.jar:6.2.19]
	at vn.edu.quiz.game.service.GameTransactions$$SpringCGLIB$$0.cancel(<generated>) ~[classes/:na]
	at vn.edu.quiz.game.service.GameLifecycle.lambda$27(GameLifecycle.java:223) ~[classes/:na]
	at vn.edu.quiz.game.service.GameLifecycle.attempt(GameLifecycle.java:202) ~[classes/:na]
	at vn.edu.quiz.game.service.GameLifecycle.cancel(GameLifecycle.java:223) ~[classes/:na]
	at vn.edu.quiz.realtime.session.GameRuntime.lambda$2(GameRuntime.java:127) ~[classes/:na]
	at vn.edu.quiz.realtime.session.GameRuntime$2.onCommand(GameRuntime.java:75) ~[classes/:na]
	at vn.edu.quiz.realtime.session.SessionQueue.lambda$submit$1(SessionQueue.java:105) ~[classes/:na]
	at vn.edu.quiz.realtime.session.SessionQueue.drain(SessionQueue.java:229) ~[classes/:na]
	at vn.edu.quiz.realtime.session.SessionQueue.lambda$dispatch$9(SessionQueue.java:210) ~[classes/:na]
	at java.base/java.util.concurrent.ThreadPoolExecutor.runWorker(ThreadPoolExecutor.java:1144) ~[na:na]
	at java.base/java.util.concurrent.ThreadPoolExecutor$Worker.run(ThreadPoolExecutor.java:642) ~[na:na]
	at java.base/java.lang.Thread.run(Thread.java:1583) ~[na:na]
Caused by: com.mysql.cj.exceptions.CJCommunicationsException: Communications link failure

The last packet successfully received from the server was 4 milliseconds ago. The last packet sent successfully to the server was 5 milliseconds ago.
	at java.base/jdk.internal.reflect.DirectConstructorHandleAccessor.newInstance(DirectConstructorHandleAccessor.java:62) ~[na:na]
	at java.base/java.lang.reflect.Constructor.newInstanceWithCaller(Constructor.java:502) ~[na:na]
	at java.base/java.lang.reflect.Constructor.newInstance(Constructor.java:486) ~[na:na]
	at com.mysql.cj.exceptions.ExceptionFactory.createException(ExceptionFactory.java:52) ~[mysql-connector-j-9.7.0.jar:9.7.0]
	at com.mysql.cj.exceptions.ExceptionFactory.createException(ExceptionFactory.java:95) ~[mysql-connector-j-9.7.0.jar:9.7.0]
	at com.mysql.cj.exceptions.ExceptionFactory.createException(ExceptionFactory.java:140) ~[mysql-connector-j-9.7.0.jar:9.7.0]
	at com.mysql.cj.exceptions.ExceptionFactory.createCommunicationsException(ExceptionFactory.java:156) ~[mysql-connector-j-9.7.0.jar:9.7.0]
	at com.mysql.cj.protocol.a.NativeProtocol.readMessage(NativeProtocol.java:590) ~[mysql-connector-j-9.7.0.jar:9.7.0]
	at com.mysql.cj.protocol.a.NativeProtocol.checkErrorMessage(NativeProtocol.java:767) ~[mysql-connector-j-9.7.0.jar:9.7.0]
	at com.mysql.cj.protocol.a.NativeProtocol.sendCommand(NativeProtocol.java:706) ~[mysql-connector-j-9.7.0.jar:9.7.0]
	at com.mysql.cj.protocol.a.NativeProtocol.sendQueryPacket(NativeProtocol.java:938) ~[mysql-connector-j-9.7.0.jar:9.7.0]
	at com.mysql.cj.NativeSession.execSQL(NativeSession.java:817) ~[mysql-connector-j-9.7.0.jar:9.7.0]
	at com.mysql.cj.jdbc.StatementImpl.executeQuery(StatementImpl.java:1280) ~[mysql-connector-j-9.7.0.jar:9.7.0]
	... 54 common frames omitted
Caused by: java.net.SocketException: An established connection was aborted by the software in your host machine
	at java.base/sun.nio.ch.SocketDispatcher.read0(Native Method) ~[na:na]
	at java.base/sun.nio.ch.SocketDispatcher.read(SocketDispatcher.java:46) ~[na:na]
	at java.base/sun.nio.ch.NioSocketImpl.tryRead(NioSocketImpl.java:256) ~[na:na]
	at java.base/sun.nio.ch.NioSocketImpl.timedRead(NioSocketImpl.java:274) ~[na:na]
	at java.base/sun.nio.ch.NioSocketImpl.implRead(NioSocketImpl.java:304) ~[na:na]
	at java.base/sun.nio.ch.NioSocketImpl.read(NioSocketImpl.java:346) ~[na:na]
	at java.base/sun.nio.ch.NioSocketImpl$1.read(NioSocketImpl.java:796) ~[na:na]
	at java.base/java.net.Socket$SocketInputStream.read(Socket.java:1099) ~[na:na]
	at java.base/sun.security.ssl.SSLSocketInputRecord.read(SSLSocketInputRecord.java:489) ~[na:na]
	at java.base/sun.security.ssl.SSLSocketInputRecord.readHeader(SSLSocketInputRecord.java:483) ~[na:na]
	at java.base/sun.security.ssl.SSLSocketInputRecord.bytesInCompletePacket(SSLSocketInputRecord.java:70) ~[na:na]
	at java.base/sun.security.ssl.SSLSocketImpl.readApplicationRecord(SSLSocketImpl.java:1461) ~[na:na]
	at java.base/sun.security.ssl.SSLSocketImpl$AppInputStream.read(SSLSocketImpl.java:1066) ~[na:na]
	at java.base/java.io.FilterInputStream.read(FilterInputStream.java:119) ~[na:na]
	at com.mysql.cj.protocol.FullReadInputStream.readFully(FullReadInputStream.java:55) ~[mysql-connector-j-9.7.0.jar:9.7.0]
	at com.mysql.cj.protocol.a.SimplePacketReader.readHeaderLocal(SimplePacketReader.java:72) ~[mysql-connector-j-9.7.0.jar:9.7.0]
	at com.mysql.cj.protocol.a.SimplePacketReader.readHeader(SimplePacketReader.java:54) ~[mysql-connector-j-9.7.0.jar:9.7.0]
	at com.mysql.cj.protocol.a.SimplePacketReader.readHeader(SimplePacketReader.java:36) ~[mysql-connector-j-9.7.0.jar:9.7.0]
	at com.mysql.cj.protocol.a.TimeTrackingPacketReader.readHeader(TimeTrackingPacketReader.java:43) ~[mysql-connector-j-9.7.0.jar:9.7.0]
	at com.mysql.cj.protocol.a.TimeTrackingPacketReader.readHeader(TimeTrackingPacketReader.java:32) ~[mysql-connector-j-9.7.0.jar:9.7.0]
	at com.mysql.cj.protocol.a.MultiPacketReader.readHeader(MultiPacketReader.java:45) ~[mysql-connector-j-9.7.0.jar:9.7.0]
	at com.mysql.cj.protocol.a.MultiPacketReader.readHeader(MultiPacketReader.java:35) ~[mysql-connector-j-9.7.0.jar:9.7.0]
	at com.mysql.cj.protocol.a.NativeProtocol.readMessage(NativeProtocol.java:584) ~[mysql-connector-j-9.7.0.jar:9.7.0]
	... 59 common frames omitted

2026-10-10T02:21:36.735+07:00 ERROR 65816 --- [competitive-quiz] [  game-worker-3] o.s.t.i.TransactionInterceptor           : Application exception overridden by rollback exception

org.springframework.dao.RecoverableDataAccessException: StatementCallback; SQL [select 1]; Communications link failure

The last packet successfully received from the server was 4 milliseconds ago. The last packet sent successfully to the server was 5 milliseconds ago.
	at org.springframework.jdbc.support.SQLExceptionSubclassTranslator.doTranslate(SQLExceptionSubclassTranslator.java:119) ~[spring-jdbc-6.2.19.jar:6.2.19]
	at org.springframework.jdbc.support.AbstractFallbackSQLExceptionTranslator.translate(AbstractFallbackSQLExceptionTranslator.java:107) ~[spring-jdbc-6.2.19.jar:6.2.19]
	at org.springframework.jdbc.core.JdbcTemplate.translateException(JdbcTemplate.java:1556) ~[spring-jdbc-6.2.19.jar:6.2.19]
	at org.springframework.jdbc.core.JdbcTemplate.execute(JdbcTemplate.java:408) ~[spring-jdbc-6.2.19.jar:6.2.19]
	at org.springframework.jdbc.core.JdbcTemplate.query(JdbcTemplate.java:476) ~[spring-jdbc-6.2.19.jar:6.2.19]
	at org.springframework.jdbc.core.JdbcTemplate.query(JdbcTemplate.java:486) ~[spring-jdbc-6.2.19.jar:6.2.19]
	at org.springframework.jdbc.core.JdbcTemplate.queryForObject(JdbcTemplate.java:519) ~[spring-jdbc-6.2.19.jar:6.2.19]
	at org.springframework.jdbc.core.JdbcTemplate.queryForObject(JdbcTemplate.java:526) ~[spring-jdbc-6.2.19.jar:6.2.19]
	at vn.edu.quiz.game.service.GameHistoryCancelIT.lambda$actualMysqlConnectionLossRollsBackCancelAndCommitsInterruptedCleanup$20(GameHistoryCancelIT.java:183) ~[test-classes/:na]
	at vn.edu.quiz.game.service.GameTransactions.cancel(GameTransactions.java:398) ~[classes/:na]
	at vn.edu.quiz.game.service.GameTransactions.cancel(GameTransactions.java:393) ~[classes/:na]
	at java.base/jdk.internal.reflect.DirectMethodHandleAccessor.invoke(DirectMethodHandleAccessor.java:103) ~[na:na]
	at java.base/java.lang.reflect.Method.invoke(Method.java:580) ~[na:na]
	at org.springframework.aop.support.AopUtils.invokeJoinpointUsingReflection(AopUtils.java:360) ~[spring-aop-6.2.19.jar:6.2.19]
	at org.springframework.aop.framework.ReflectiveMethodInvocation.invokeJoinpoint(ReflectiveMethodInvocation.java:196) ~[spring-aop-6.2.19.jar:6.2.19]
	at org.springframework.aop.framework.ReflectiveMethodInvocation.proceed(ReflectiveMethodInvocation.java:163) ~[spring-aop-6.2.19.jar:6.2.19]
	at org.springframework.transaction.interceptor.TransactionAspectSupport.invokeWithinTransaction(TransactionAspectSupport.java:380) ~[spring-tx-6.2.19.jar:6.2.19]
	at org.springframework.transaction.interceptor.TransactionInterceptor.invoke(TransactionInterceptor.java:119) ~[spring-tx-6.2.19.jar:6.2.19]
	at org.springframework.aop.framework.ReflectiveMethodInvocation.proceed(ReflectiveMethodInvocation.java:184) ~[spring-aop-6.2.19.jar:6.2.19]
	at org.springframework.aop.framework.CglibAopProxy$DynamicAdvisedInterceptor.intercept(CglibAopProxy.java:728) ~[spring-aop-6.2.19.jar:6.2.19]
	at vn.edu.quiz.game.service.GameTransactions$$SpringCGLIB$$0.cancel(<generated>) ~[classes/:na]
	at vn.edu.quiz.game.service.GameLifecycle.lambda$27(GameLifecycle.java:223) ~[classes/:na]
	at vn.edu.quiz.game.service.GameLifecycle.attempt(GameLifecycle.java:202) ~[classes/:na]
	at vn.edu.quiz.game.service.GameLifecycle.cancel(GameLifecycle.java:223) ~[classes/:na]
	at vn.edu.quiz.realtime.session.GameRuntime.lambda$2(GameRuntime.java:127) ~[classes/:na]
	at vn.edu.quiz.realtime.session.GameRuntime$2.onCommand(GameRuntime.java:75) ~[classes/:na]
	at vn.edu.quiz.realtime.session.SessionQueue.lambda$submit$1(SessionQueue.java:105) ~[classes/:na]
	at vn.edu.quiz.realtime.session.SessionQueue.drain(SessionQueue.java:229) ~[classes/:na]
	at vn.edu.quiz.realtime.session.SessionQueue.lambda$dispatch$9(SessionQueue.java:210) ~[classes/:na]
	at java.base/java.util.concurrent.ThreadPoolExecutor.runWorker(ThreadPoolExecutor.java:1144) ~[na:na]
	at java.base/java.util.concurrent.ThreadPoolExecutor$Worker.run(ThreadPoolExecutor.java:642) ~[na:na]
	at java.base/java.lang.Thread.run(Thread.java:1583) ~[na:na]
Caused by: com.mysql.cj.jdbc.exceptions.CommunicationsException: Communications link failure

The last packet successfully received from the server was 4 milliseconds ago. The last packet sent successfully to the server was 5 milliseconds ago.
	at com.mysql.cj.jdbc.exceptions.SQLError.createCommunicationsException(SQLError.java:165) ~[mysql-connector-j-9.7.0.jar:9.7.0]
	at com.mysql.cj.jdbc.exceptions.SQLExceptionsMapping.translateException(SQLExceptionsMapping.java:55) ~[mysql-connector-j-9.7.0.jar:9.7.0]
	at com.mysql.cj.jdbc.StatementImpl.executeQuery(StatementImpl.java:1318) ~[mysql-connector-j-9.7.0.jar:9.7.0]
	at com.zaxxer.hikari.pool.ProxyStatement.executeQuery(ProxyStatement.java:111) ~[HikariCP-6.3.3.jar:na]
	at com.zaxxer.hikari.pool.HikariProxyStatement.executeQuery(HikariProxyStatement.java) ~[HikariCP-6.3.3.jar:na]
	at org.springframework.jdbc.core.JdbcTemplate$1QueryStatementCallback.doInStatement(JdbcTemplate.java:463) ~[spring-jdbc-6.2.19.jar:6.2.19]
	at org.springframework.jdbc.core.JdbcTemplate.execute(JdbcTemplate.java:393) ~[spring-jdbc-6.2.19.jar:6.2.19]
	at org.springframework.jdbc.core.JdbcTemplate.query(JdbcTemplate.java:476) ~[spring-jdbc-6.2.19.jar:6.2.19]
	at org.springframework.jdbc.core.JdbcTemplate.query(JdbcTemplate.java:486) ~[spring-jdbc-6.2.19.jar:6.2.19]
	at org.springframework.jdbc.core.JdbcTemplate.queryForObject(JdbcTemplate.java:519) ~[spring-jdbc-6.2.19.jar:6.2.19]
	at org.springframework.jdbc.core.JdbcTemplate.queryForObject(JdbcTemplate.java:526) ~[spring-jdbc-6.2.19.jar:6.2.19]
	at vn.edu.quiz.game.service.GameHistoryCancelIT.lambda$actualMysqlConnectionLossRollsBackCancelAndCommitsInterruptedCleanup$20(GameHistoryCancelIT.java:183) ~[test-classes/:na]
	at org.mockito.internal.stubbing.StubbedInvocationMatcher.answer(StubbedInvocationMatcher.java:42) ~[mockito-core-5.17.0.jar:na]
	at org.mockito.internal.handler.MockHandlerImpl.handle(MockHandlerImpl.java:103) ~[mockito-core-5.17.0.jar:na]
	at org.mockito.internal.handler.NullResultGuardian.handle(NullResultGuardian.java:29) ~[mockito-core-5.17.0.jar:na]
	at org.mockito.internal.handler.InvocationNotifierHandler.handle(InvocationNotifierHandler.java:34) ~[mockito-core-5.17.0.jar:na]
	at org.mockito.internal.creation.bytebuddy.access.MockMethodInterceptor.doIntercept(MockMethodInterceptor.java:84) ~[mockito-core-5.17.0.jar:na]
	at org.mockito.internal.creation.bytebuddy.access.MockMethodInterceptor.doIntercept(MockMethodInterceptor.java:58) ~[mockito-core-5.17.0.jar:na]
	at org.mockito.internal.creation.bytebuddy.access.MockMethodInterceptor$DispatcherDefaultingToRealMethod.interceptAbstract(MockMethodInterceptor.java:163) ~[mockito-core-5.17.0.jar:na]
	at vn.edu.quiz.game.repository.PlayerSessionRepository$MockitoMock$4l4fOKGY.flush(Unknown Source) ~[classes/:na]
	at vn.edu.quiz.game.service.GameTransactions.cancel(GameTransactions.java:398) ~[classes/:na]
	at java.base/java.lang.invoke.MethodHandle.invokeWithArguments(MethodHandle.java:733) ~[na:na]
	at org.mockito.internal.util.reflection.InstrumentationMemberAccessor$Dispatcher$ByteBuddy$DcaSkphX.invokeWithArguments(Unknown Source) ~[na:na]
	at org.mockito.internal.util.reflection.InstrumentationMemberAccessor.invoke(InstrumentationMemberAccessor.java:265) ~[mockito-core-5.17.0.jar:na]
	at org.mockito.internal.util.reflection.ModuleMemberAccessor.invoke(ModuleMemberAccessor.java:55) ~[mockito-core-5.17.0.jar:na]
	at org.mockito.internal.creation.bytebuddy.MockMethodAdvice.tryInvoke(MockMethodAdvice.java:316) ~[mockito-core-5.17.0.jar:na]
	at org.mockito.internal.creation.bytebuddy.MockMethodAdvice$RealMethodCall.invoke(MockMethodAdvice.java:236) ~[mockito-core-5.17.0.jar:na]
	at org.mockito.internal.invocation.InterceptedInvocation.callRealMethod(InterceptedInvocation.java:142) ~[mockito-core-5.17.0.jar:na]
	at org.mockito.internal.stubbing.answers.CallsRealMethods.answer(CallsRealMethods.java:45) ~[mockito-core-5.17.0.jar:na]
	at org.mockito.Answers.answer(Answers.java:90) ~[mockito-core-5.17.0.jar:na]
	at org.mockito.internal.handler.MockHandlerImpl.handle(MockHandlerImpl.java:111) ~[mockito-core-5.17.0.jar:na]
	at org.mockito.internal.handler.NullResultGuardian.handle(NullResultGuardian.java:29) ~[mockito-core-5.17.0.jar:na]
	at org.mockito.internal.handler.InvocationNotifierHandler.handle(InvocationNotifierHandler.java:34) ~[mockito-core-5.17.0.jar:na]
	at org.mockito.internal.creation.bytebuddy.access.MockMethodInterceptor.doIntercept(MockMethodInterceptor.java:84) ~[mockito-core-5.17.0.jar:na]
	at org.mockito.internal.creation.bytebuddy.MockMethodAdvice.handle(MockMethodAdvice.java:136) ~[mockito-core-5.17.0.jar:na]
	... 22 common frames omitted
Caused by: com.mysql.cj.exceptions.CJCommunicationsException: Communications link failure

The last packet successfully received from the server was 4 milliseconds ago. The last packet sent successfully to the server was 5 milliseconds ago.
	at java.base/jdk.internal.reflect.DirectConstructorHandleAccessor.newInstance(DirectConstructorHandleAccessor.java:62) ~[na:na]
	at java.base/java.lang.reflect.Constructor.newInstanceWithCaller(Constructor.java:502) ~[na:na]
	at java.base/java.lang.reflect.Constructor.newInstance(Constructor.java:486) ~[na:na]
	at com.mysql.cj.exceptions.ExceptionFactory.createException(ExceptionFactory.java:52) ~[mysql-connector-j-9.7.0.jar:9.7.0]
	at com.mysql.cj.exceptions.ExceptionFactory.createException(ExceptionFactory.java:95) ~[mysql-connector-j-9.7.0.jar:9.7.0]
	at com.mysql.cj.exceptions.ExceptionFactory.createException(ExceptionFactory.java:140) ~[mysql-connector-j-9.7.0.jar:9.7.0]
	at com.mysql.cj.exceptions.ExceptionFactory.createCommunicationsException(ExceptionFactory.java:156) ~[mysql-connector-j-9.7.0.jar:9.7.0]
	at com.mysql.cj.protocol.a.NativeProtocol.readMessage(NativeProtocol.java:590) ~[mysql-connector-j-9.7.0.jar:9.7.0]
	at com.mysql.cj.protocol.a.NativeProtocol.checkErrorMessage(NativeProtocol.java:767) ~[mysql-connector-j-9.7.0.jar:9.7.0]
	at com.mysql.cj.protocol.a.NativeProtocol.sendCommand(NativeProtocol.java:706) ~[mysql-connector-j-9.7.0.jar:9.7.0]
	at com.mysql.cj.protocol.a.NativeProtocol.sendQueryPacket(NativeProtocol.java:938) ~[mysql-connector-j-9.7.0.jar:9.7.0]
	at com.mysql.cj.NativeSession.execSQL(NativeSession.java:817) ~[mysql-connector-j-9.7.0.jar:9.7.0]
	at com.mysql.cj.jdbc.StatementImpl.executeQuery(StatementImpl.java:1280) ~[mysql-connector-j-9.7.0.jar:9.7.0]
	... 54 common frames omitted
Caused by: java.net.SocketException: An established connection was aborted by the software in your host machine
	at java.base/sun.nio.ch.SocketDispatcher.read0(Native Method) ~[na:na]
	at java.base/sun.nio.ch.SocketDispatcher.read(SocketDispatcher.java:46) ~[na:na]
	at java.base/sun.nio.ch.NioSocketImpl.tryRead(NioSocketImpl.java:256) ~[na:na]
	at java.base/sun.nio.ch.NioSocketImpl.timedRead(NioSocketImpl.java:274) ~[na:na]
	at java.base/sun.nio.ch.NioSocketImpl.implRead(NioSocketImpl.java:304) ~[na:na]
	at java.base/sun.nio.ch.NioSocketImpl.read(NioSocketImpl.java:346) ~[na:na]
	at java.base/sun.nio.ch.NioSocketImpl$1.read(NioSocketImpl.java:796) ~[na:na]
	at java.base/java.net.Socket$SocketInputStream.read(Socket.java:1099) ~[na:na]
	at java.base/sun.security.ssl.SSLSocketInputRecord.read(SSLSocketInputRecord.java:489) ~[na:na]
	at java.base/sun.security.ssl.SSLSocketInputRecord.readHeader(SSLSocketInputRecord.java:483) ~[na:na]
	at java.base/sun.security.ssl.SSLSocketInputRecord.bytesInCompletePacket(SSLSocketInputRecord.java:70) ~[na:na]
	at java.base/sun.security.ssl.SSLSocketImpl.readApplicationRecord(SSLSocketImpl.java:1461) ~[na:na]
	at java.base/sun.security.ssl.SSLSocketImpl$AppInputStream.read(SSLSocketImpl.java:1066) ~[na:na]
	at java.base/java.io.FilterInputStream.read(FilterInputStream.java:119) ~[na:na]
	at com.mysql.cj.protocol.FullReadInputStream.readFully(FullReadInputStream.java:55) ~[mysql-connector-j-9.7.0.jar:9.7.0]
	at com.mysql.cj.protocol.a.SimplePacketReader.readHeaderLocal(SimplePacketReader.java:72) ~[mysql-connector-j-9.7.0.jar:9.7.0]
	at com.mysql.cj.protocol.a.SimplePacketReader.readHeader(SimplePacketReader.java:54) ~[mysql-connector-j-9.7.0.jar:9.7.0]
	at com.mysql.cj.protocol.a.SimplePacketReader.readHeader(SimplePacketReader.java:36) ~[mysql-connector-j-9.7.0.jar:9.7.0]
	at com.mysql.cj.protocol.a.TimeTrackingPacketReader.readHeader(TimeTrackingPacketReader.java:43) ~[mysql-connector-j-9.7.0.jar:9.7.0]
	at com.mysql.cj.protocol.a.TimeTrackingPacketReader.readHeader(TimeTrackingPacketReader.java:32) ~[mysql-connector-j-9.7.0.jar:9.7.0]
	at com.mysql.cj.protocol.a.MultiPacketReader.readHeader(MultiPacketReader.java:45) ~[mysql-connector-j-9.7.0.jar:9.7.0]
	at com.mysql.cj.protocol.a.MultiPacketReader.readHeader(MultiPacketReader.java:35) ~[mysql-connector-j-9.7.0.jar:9.7.0]
	at com.mysql.cj.protocol.a.NativeProtocol.readMessage(NativeProtocol.java:584) ~[mysql-connector-j-9.7.0.jar:9.7.0]
	... 59 common frames omitted

[INFO] Tests run: 12, Failures: 0, Errors: 0, Skipped: 0, Time elapsed: 10.44 s -- in vn.edu.quiz.game.service.GameHistoryCancelIT
[INFO] Running vn.edu.quiz.game.service.GameIsolationIT
2026-10-10T02:21:44.472+07:00  INFO 65816 --- [competitive-quiz] [           main] t.c.s.AnnotationConfigContextLoaderUtils : Could not detect default configuration classes for test class [vn.edu.quiz.game.service.GameIsolationIT]: GameIsolationIT does not declare any static, non-private, non-final, nested classes annotated with @Configuration.
2026-10-10T02:21:44.473+07:00  INFO 65816 --- [competitive-quiz] [           main] .b.t.c.SpringBootTestContextBootstrapper : Found @SpringBootConfiguration vn.edu.quiz.QuizApplication for test class vn.edu.quiz.game.service.GameIsolationIT
[INFO] Tests run: 2, Failures: 0, Errors: 0, Skipped: 0, Time elapsed: 2.026 s -- in vn.edu.quiz.game.service.GameIsolationIT
[INFO] Running vn.edu.quiz.game.service.GameLifecycleIT
2026-10-10T02:21:46.500+07:00  INFO 65816 --- [competitive-quiz] [           main] t.c.s.AnnotationConfigContextLoaderUtils : Could not detect default configuration classes for test class [vn.edu.quiz.game.service.GameLifecycleIT]: GameLifecycleIT does not declare any static, non-private, non-final, nested classes annotated with @Configuration.
2026-10-10T02:21:46.501+07:00  INFO 65816 --- [competitive-quiz] [           main] .b.t.c.SpringBootTestContextBootstrapper : Found @SpringBootConfiguration vn.edu.quiz.QuizApplication for test class vn.edu.quiz.game.service.GameLifecycleIT

  .   ____          _            __ _ _
 /\\ / ___'_ __ _ _(_)_ __  __ _ \ \ \ \
( ( )\___ | '_ | '_| | '_ \/ _` | \ \ \ \
 \\/  ___)| |_)| | | | | || (_| |  ) ) ) )
  '  |____| .__|_| |_|_| |_\__, | / / / /
 =========|_|==============|___/=/_/_/_/

 :: Spring Boot ::               (v3.5.16)

2026-10-10T02:21:46.527+07:00  INFO 65816 --- [competitive-quiz] [           main] v.edu.quiz.game.service.GameLifecycleIT  : Starting GameLifecycleIT using Java 21.0.9 with PID 65816 (started by CodexSandboxOffline in D:\BTL_LTM)
2026-10-10T02:21:46.527+07:00  INFO 65816 --- [competitive-quiz] [           main] v.edu.quiz.game.service.GameLifecycleIT  : The following 1 profile is active: "mysql"
2026-10-10T02:21:46.666+07:00  INFO 65816 --- [competitive-quiz] [           main] .s.d.r.c.RepositoryConfigurationDelegate : Bootstrapping Spring Data JPA repositories in DEFAULT mode.
2026-10-10T02:21:46.713+07:00  INFO 65816 --- [competitive-quiz] [           main] .s.d.r.c.RepositoryConfigurationDelegate : Finished Spring Data repository scanning in 45 ms. Found 13 JPA repository interfaces.
2026-10-10T02:21:46.771+07:00  INFO 65816 --- [competitive-quiz] [           main] o.s.b.w.embedded.tomcat.TomcatWebServer  : Tomcat initialized with port 0 (http)
2026-10-10T02:21:46.772+07:00  INFO 65816 --- [competitive-quiz] [           main] o.apache.catalina.core.StandardService   : Starting service [Tomcat]
2026-10-10T02:21:46.773+07:00  INFO 65816 --- [competitive-quiz] [           main] o.apache.catalina.core.StandardEngine    : Starting Servlet engine: [Apache Tomcat/10.1.55]
2026-10-10T02:21:46.783+07:00  INFO 65816 --- [competitive-quiz] [           main] o.a.c.c.C.[Tomcat-2].[localhost].[/]     : Initializing Spring embedded WebApplicationContext
2026-10-10T02:21:46.783+07:00  INFO 65816 --- [competitive-quiz] [           main] w.s.c.ServletWebServerApplicationContext : Root WebApplicationContext: initialization completed in 255 ms
2026-10-10T02:21:46.814+07:00  INFO 65816 --- [competitive-quiz] [           main] com.zaxxer.hikari.HikariDataSource       : HikariPool-7 - Starting...
2026-10-10T02:21:46.822+07:00  INFO 65816 --- [competitive-quiz] [           main] com.zaxxer.hikari.pool.HikariPool        : HikariPool-7 - Added connection com.mysql.cj.jdbc.ConnectionImpl@9c1028d
2026-10-10T02:21:46.822+07:00  INFO 65816 --- [competitive-quiz] [           main] com.zaxxer.hikari.HikariDataSource       : HikariPool-7 - Start completed.
2026-10-10T02:21:46.825+07:00  INFO 65816 --- [competitive-quiz] [           main] org.flywaydb.core.FlywayExecutor         : Database: jdbc:mysql://127.0.0.1:3306/quizz_task2_test?connectionTimeZone=UTC&connectTimeout=3000&socketTimeout=3000 (MySQL 8.0)
2026-10-10T02:21:46.834+07:00  INFO 65816 --- [competitive-quiz] [           main] o.f.core.internal.command.DbValidate     : Successfully validated 7 migrations (execution time 00:00.005s)
2026-10-10T02:21:46.838+07:00  INFO 65816 --- [competitive-quiz] [           main] o.f.core.internal.command.DbMigrate      : Current version of schema `quizz_task2_test`: 7
2026-10-10T02:21:46.838+07:00  INFO 65816 --- [competitive-quiz] [           main] o.f.core.internal.command.DbMigrate      : Schema `quizz_task2_test` is up to date. No migration necessary.
2026-10-10T02:21:46.865+07:00  INFO 65816 --- [competitive-quiz] [           main] o.hibernate.jpa.internal.util.LogHelper  : HHH000204: Processing PersistenceUnitInfo [name: default]
2026-10-10T02:21:46.866+07:00  INFO 65816 --- [competitive-quiz] [           main] o.h.c.internal.RegionFactoryInitiator    : HHH000026: Second-level cache disabled
2026-10-10T02:21:46.872+07:00  INFO 65816 --- [competitive-quiz] [           main] o.s.o.j.p.SpringPersistenceUnitInfo      : No LoadTimeWeaver setup: ignoring JPA class transformer
2026-10-10T02:21:46.874+07:00  INFO 65816 --- [competitive-quiz] [           main] org.hibernate.orm.connections.pooling    : HHH10001005: Database info:
	Database JDBC URL [Connecting through datasource 'HikariDataSource (HikariPool-7)']
	Database driver: undefined/unknown
	Database version: 8.0.45
	Autocommit mode: undefined/unknown
	Isolation level: undefined/unknown
	Minimum pool size: undefined/unknown
	Maximum pool size: undefined/unknown
2026-10-10T02:21:47.015+07:00  INFO 65816 --- [competitive-quiz] [           main] o.h.e.t.j.p.i.JtaPlatformInitiator       : HHH000489: No JTA platform available (set 'hibernate.transaction.jta.platform' to enable JTA platform integration)
2026-10-10T02:21:47.023+07:00  INFO 65816 --- [competitive-quiz] [           main] j.LocalContainerEntityManagerFactoryBean : Initialized JPA EntityManagerFactory for persistence unit 'default'
2026-10-10T02:21:47.216+07:00  INFO 65816 --- [competitive-quiz] [           main] r$InitializeUserDetailsManagerConfigurer : Global AuthenticationManager configured with UserDetailsService bean with name quizUserDetailsService
2026-10-10T02:21:47.221+07:00  INFO 65816 --- [competitive-quiz] [           main] o.s.b.a.w.s.WelcomePageHandlerMapping    : Adding welcome page: class path resource [static/index.html]
2026-10-10T02:21:47.316+07:00  INFO 65816 --- [competitive-quiz] [           main] o.s.b.w.embedded.tomcat.TomcatWebServer  : Tomcat started on port 58656 (http) with context path '/'
2026-10-10T02:21:47.319+07:00  INFO 65816 --- [competitive-quiz] [           main] v.edu.quiz.game.service.GameLifecycleIT  : Started GameLifecycleIT in 0.816 seconds (process running for 71.465)
2026-10-10T02:21:49.066+07:00 ERROR 65816 --- [competitive-quiz] [  game-worker-1] vn.edu.quiz.game.service.GameLifecycle   : Game cleanup pending; restore MySQL and restart Server
2026-10-10T02:21:52.213+07:00  INFO 65816 --- [competitive-quiz] [0-auto-6-exec-1] o.a.c.c.C.[Tomcat-2].[localhost].[/]     : Initializing Spring DispatcherServlet 'dispatcherServlet'
2026-10-10T02:21:52.213+07:00  INFO 65816 --- [competitive-quiz] [0-auto-6-exec-1] o.s.web.servlet.DispatcherServlet        : Initializing Servlet 'dispatcherServlet'
2026-10-10T02:21:52.213+07:00  INFO 65816 --- [competitive-quiz] [0-auto-6-exec-1] o.s.web.servlet.DispatcherServlet        : Completed initialization in 0 ms
[INFO] Tests run: 18, Failures: 0, Errors: 0, Skipped: 0, Time elapsed: 9.651 s -- in vn.edu.quiz.game.service.GameLifecycleIT
[INFO] Running vn.edu.quiz.game.service.GamePresentationIT
2026-10-10T02:21:56.154+07:00  INFO 65816 --- [competitive-quiz] [           main] t.c.s.AnnotationConfigContextLoaderUtils : Could not detect default configuration classes for test class [vn.edu.quiz.game.service.GamePresentationIT]: GamePresentationIT does not declare any static, non-private, non-final, nested classes annotated with @Configuration.
2026-10-10T02:21:56.155+07:00  INFO 65816 --- [competitive-quiz] [           main] .b.t.c.SpringBootTestContextBootstrapper : Found @SpringBootConfiguration vn.edu.quiz.QuizApplication for test class vn.edu.quiz.game.service.GamePresentationIT
[INFO] Tests run: 6, Failures: 0, Errors: 0, Skipped: 0, Time elapsed: 2.541 s -- in vn.edu.quiz.game.service.GamePresentationIT
[INFO] Running vn.edu.quiz.game.service.GameReconnectNetworkIT
2026-10-10T02:21:58.698+07:00  INFO 65816 --- [competitive-quiz] [           main] t.c.s.AnnotationConfigContextLoaderUtils : Could not detect default configuration classes for test class [vn.edu.quiz.game.service.GameReconnectNetworkIT]: GameReconnectNetworkIT does not declare any static, non-private, non-final, nested classes annotated with @Configuration.
2026-10-10T02:21:58.700+07:00  INFO 65816 --- [competitive-quiz] [           main] .b.t.c.SpringBootTestContextBootstrapper : Found @SpringBootConfiguration vn.edu.quiz.QuizApplication for test class vn.edu.quiz.game.service.GameReconnectNetworkIT

  .   ____          _            __ _ _
 /\\ / ___'_ __ _ _(_)_ __  __ _ \ \ \ \
( ( )\___ | '_ | '_| | '_ \/ _` | \ \ \ \
 \\/  ___)| |_)| | | | | || (_| |  ) ) ) )
  '  |____| .__|_| |_|_| |_\__, | / / / /
 =========|_|==============|___/=/_/_/_/

 :: Spring Boot ::               (v3.5.16)

2026-10-10T02:21:58.714+07:00  INFO 65816 --- [competitive-quiz] [           main] v.e.q.g.service.GameReconnectNetworkIT   : Starting GameReconnectNetworkIT using Java 21.0.9 with PID 65816 (started by CodexSandboxOffline in D:\BTL_LTM)
2026-10-10T02:21:58.714+07:00  INFO 65816 --- [competitive-quiz] [           main] v.e.q.g.service.GameReconnectNetworkIT   : The following 1 profile is active: "mysql"
2026-10-10T02:21:58.843+07:00  INFO 65816 --- [competitive-quiz] [           main] .s.d.r.c.RepositoryConfigurationDelegate : Bootstrapping Spring Data JPA repositories in DEFAULT mode.
2026-10-10T02:21:58.872+07:00  INFO 65816 --- [competitive-quiz] [           main] .s.d.r.c.RepositoryConfigurationDelegate : Finished Spring Data repository scanning in 28 ms. Found 13 JPA repository interfaces.
2026-10-10T02:21:58.927+07:00  INFO 65816 --- [competitive-quiz] [           main] o.s.b.w.embedded.tomcat.TomcatWebServer  : Tomcat initialized with port 0 (http)
2026-10-10T02:21:58.928+07:00  INFO 65816 --- [competitive-quiz] [           main] o.apache.catalina.core.StandardService   : Starting service [Tomcat]
2026-10-10T02:21:58.928+07:00  INFO 65816 --- [competitive-quiz] [           main] o.apache.catalina.core.StandardEngine    : Starting Servlet engine: [Apache Tomcat/10.1.55]
2026-10-10T02:21:58.941+07:00  INFO 65816 --- [competitive-quiz] [           main] o.a.c.c.C.[Tomcat-3].[localhost].[/]     : Initializing Spring embedded WebApplicationContext
2026-10-10T02:21:58.941+07:00  INFO 65816 --- [competitive-quiz] [           main] w.s.c.ServletWebServerApplicationContext : Root WebApplicationContext: initialization completed in 226 ms
2026-10-10T02:21:58.964+07:00  INFO 65816 --- [competitive-quiz] [           main] com.zaxxer.hikari.HikariDataSource       : HikariPool-8 - Starting...
2026-10-10T02:21:58.974+07:00  INFO 65816 --- [competitive-quiz] [           main] com.zaxxer.hikari.pool.HikariPool        : HikariPool-8 - Added connection com.mysql.cj.jdbc.ConnectionImpl@339d85aa
2026-10-10T02:21:58.974+07:00  INFO 65816 --- [competitive-quiz] [           main] com.zaxxer.hikari.HikariDataSource       : HikariPool-8 - Start completed.
2026-10-10T02:21:58.977+07:00  INFO 65816 --- [competitive-quiz] [           main] org.flywaydb.core.FlywayExecutor         : Database: jdbc:mysql://127.0.0.1:3306/quizz_task2_test?connectionTimeZone=UTC&connectTimeout=3000&socketTimeout=3000 (MySQL 8.0)
2026-10-10T02:21:58.987+07:00  INFO 65816 --- [competitive-quiz] [           main] o.f.core.internal.command.DbValidate     : Successfully validated 7 migrations (execution time 00:00.005s)
2026-10-10T02:21:58.992+07:00  INFO 65816 --- [competitive-quiz] [           main] o.f.core.internal.command.DbMigrate      : Current version of schema `quizz_task2_test`: 7
2026-10-10T02:21:58.992+07:00  INFO 65816 --- [competitive-quiz] [           main] o.f.core.internal.command.DbMigrate      : Schema `quizz_task2_test` is up to date. No migration necessary.
2026-10-10T02:21:59.019+07:00  INFO 65816 --- [competitive-quiz] [           main] o.hibernate.jpa.internal.util.LogHelper  : HHH000204: Processing PersistenceUnitInfo [name: default]
2026-10-10T02:21:59.020+07:00  INFO 65816 --- [competitive-quiz] [           main] o.h.c.internal.RegionFactoryInitiator    : HHH000026: Second-level cache disabled
2026-10-10T02:21:59.024+07:00  INFO 65816 --- [competitive-quiz] [           main] o.s.o.j.p.SpringPersistenceUnitInfo      : No LoadTimeWeaver setup: ignoring JPA class transformer
2026-10-10T02:21:59.026+07:00  INFO 65816 --- [competitive-quiz] [           main] org.hibernate.orm.connections.pooling    : HHH10001005: Database info:
	Database JDBC URL [Connecting through datasource 'HikariDataSource (HikariPool-8)']
	Database driver: undefined/unknown
	Database version: 8.0.45
	Autocommit mode: undefined/unknown
	Isolation level: undefined/unknown
	Minimum pool size: undefined/unknown
	Maximum pool size: undefined/unknown
2026-10-10T02:21:59.097+07:00  INFO 65816 --- [competitive-quiz] [           main] o.h.e.t.j.p.i.JtaPlatformInitiator       : HHH000489: No JTA platform available (set 'hibernate.transaction.jta.platform' to enable JTA platform integration)
2026-10-10T02:21:59.107+07:00  INFO 65816 --- [competitive-quiz] [           main] j.LocalContainerEntityManagerFactoryBean : Initialized JPA EntityManagerFactory for persistence unit 'default'
2026-10-10T02:21:59.395+07:00  INFO 65816 --- [competitive-quiz] [           main] r$InitializeUserDetailsManagerConfigurer : Global AuthenticationManager configured with UserDetailsService bean with name quizUserDetailsService
2026-10-10T02:21:59.401+07:00  INFO 65816 --- [competitive-quiz] [           main] o.s.b.a.w.s.WelcomePageHandlerMapping    : Adding welcome page: class path resource [static/index.html]
2026-10-10T02:21:59.480+07:00  INFO 65816 --- [competitive-quiz] [           main] o.s.b.w.embedded.tomcat.TomcatWebServer  : Tomcat started on port 58669 (http) with context path '/'
2026-10-10T02:21:59.482+07:00  INFO 65816 --- [competitive-quiz] [           main] v.e.q.g.service.GameReconnectNetworkIT   : Started GameReconnectNetworkIT in 0.781 seconds (process running for 83.627)
2026-10-10T02:21:59.819+07:00  INFO 65816 --- [competitive-quiz] [0-auto-7-exec-1] o.a.c.c.C.[Tomcat-3].[localhost].[/]     : Initializing Spring DispatcherServlet 'dispatcherServlet'
2026-10-10T02:21:59.819+07:00  INFO 65816 --- [competitive-quiz] [0-auto-7-exec-1] o.s.web.servlet.DispatcherServlet        : Initializing Servlet 'dispatcherServlet'
2026-10-10T02:21:59.820+07:00  INFO 65816 --- [competitive-quiz] [0-auto-7-exec-1] o.s.web.servlet.DispatcherServlet        : Completed initialization in 1 ms
[INFO] Tests run: 12, Failures: 0, Errors: 0, Skipped: 0, Time elapsed: 9.517 s -- in vn.edu.quiz.game.service.GameReconnectNetworkIT
[INFO] Running vn.edu.quiz.game.service.GameStartAuthorizationIT
2026-10-10T02:22:08.214+07:00  INFO 65816 --- [competitive-quiz] [           main] t.c.s.AnnotationConfigContextLoaderUtils : Could not detect default configuration classes for test class [vn.edu.quiz.game.service.GameStartAuthorizationIT]: GameStartAuthorizationIT does not declare any static, non-private, non-final, nested classes annotated with @Configuration.
2026-10-10T02:22:08.217+07:00  INFO 65816 --- [competitive-quiz] [           main] .b.t.c.SpringBootTestContextBootstrapper : Found @SpringBootConfiguration vn.edu.quiz.QuizApplication for test class vn.edu.quiz.game.service.GameStartAuthorizationIT

  .   ____          _            __ _ _
 /\\ / ___'_ __ _ _(_)_ __  __ _ \ \ \ \
( ( )\___ | '_ | '_| | '_ \/ _` | \ \ \ \
 \\/  ___)| |_)| | | | | || (_| |  ) ) ) )
  '  |____| .__|_| |_|_| |_\__, | / / / /
 =========|_|==============|___/=/_/_/_/

 :: Spring Boot ::               (v3.5.16)

2026-10-10T02:22:08.232+07:00  INFO 65816 --- [competitive-quiz] [           main] v.e.q.g.s.GameStartAuthorizationIT       : Starting GameStartAuthorizationIT using Java 21.0.9 with PID 65816 (started by CodexSandboxOffline in D:\BTL_LTM)
2026-10-10T02:22:08.232+07:00  INFO 65816 --- [competitive-quiz] [           main] v.e.q.g.s.GameStartAuthorizationIT       : The following 1 profile is active: "mysql"
2026-10-10T02:22:08.349+07:00  INFO 65816 --- [competitive-quiz] [           main] .s.d.r.c.RepositoryConfigurationDelegate : Bootstrapping Spring Data JPA repositories in DEFAULT mode.
2026-10-10T02:22:08.393+07:00  INFO 65816 --- [competitive-quiz] [           main] .s.d.r.c.RepositoryConfigurationDelegate : Finished Spring Data repository scanning in 43 ms. Found 13 JPA repository interfaces.
2026-10-10T02:22:08.451+07:00  INFO 65816 --- [competitive-quiz] [           main] o.s.b.w.embedded.tomcat.TomcatWebServer  : Tomcat initialized with port 0 (http)
2026-10-10T02:22:08.452+07:00  INFO 65816 --- [competitive-quiz] [           main] o.apache.catalina.core.StandardService   : Starting service [Tomcat]
2026-10-10T02:22:08.452+07:00  INFO 65816 --- [competitive-quiz] [           main] o.apache.catalina.core.StandardEngine    : Starting Servlet engine: [Apache Tomcat/10.1.55]
2026-10-10T02:22:08.465+07:00  INFO 65816 --- [competitive-quiz] [           main] o.a.c.c.C.[Tomcat-4].[localhost].[/]     : Initializing Spring embedded WebApplicationContext
2026-10-10T02:22:08.465+07:00  INFO 65816 --- [competitive-quiz] [           main] w.s.c.ServletWebServerApplicationContext : Root WebApplicationContext: initialization completed in 232 ms
2026-10-10T02:22:08.494+07:00  INFO 65816 --- [competitive-quiz] [           main] com.zaxxer.hikari.HikariDataSource       : HikariPool-9 - Starting...
2026-10-10T02:22:08.504+07:00  INFO 65816 --- [competitive-quiz] [           main] com.zaxxer.hikari.pool.HikariPool        : HikariPool-9 - Added connection com.mysql.cj.jdbc.ConnectionImpl@5eb5689e
2026-10-10T02:22:08.504+07:00  INFO 65816 --- [competitive-quiz] [           main] com.zaxxer.hikari.HikariDataSource       : HikariPool-9 - Start completed.
2026-10-10T02:22:08.506+07:00  INFO 65816 --- [competitive-quiz] [           main] org.flywaydb.core.FlywayExecutor         : Database: jdbc:mysql://127.0.0.1:3306/quizz_task2_test?connectionTimeZone=UTC&connectTimeout=3000&socketTimeout=3000 (MySQL 8.0)
2026-10-10T02:22:08.517+07:00  INFO 65816 --- [competitive-quiz] [           main] o.f.core.internal.command.DbValidate     : Successfully validated 7 migrations (execution time 00:00.007s)
2026-10-10T02:22:08.523+07:00  INFO 65816 --- [competitive-quiz] [           main] o.f.core.internal.command.DbMigrate      : Current version of schema `quizz_task2_test`: 7
2026-10-10T02:22:08.523+07:00  INFO 65816 --- [competitive-quiz] [           main] o.f.core.internal.command.DbMigrate      : Schema `quizz_task2_test` is up to date. No migration necessary.
2026-10-10T02:22:08.545+07:00  INFO 65816 --- [competitive-quiz] [           main] o.hibernate.jpa.internal.util.LogHelper  : HHH000204: Processing PersistenceUnitInfo [name: default]
2026-10-10T02:22:08.547+07:00  INFO 65816 --- [competitive-quiz] [           main] o.h.c.internal.RegionFactoryInitiator    : HHH000026: Second-level cache disabled
2026-10-10T02:22:08.552+07:00  INFO 65816 --- [competitive-quiz] [           main] o.s.o.j.p.SpringPersistenceUnitInfo      : No LoadTimeWeaver setup: ignoring JPA class transformer
2026-10-10T02:22:08.553+07:00  INFO 65816 --- [competitive-quiz] [           main] org.hibernate.orm.connections.pooling    : HHH10001005: Database info:
	Database JDBC URL [Connecting through datasource 'HikariDataSource (HikariPool-9)']
	Database driver: undefined/unknown
	Database version: 8.0.45
	Autocommit mode: undefined/unknown
	Isolation level: undefined/unknown
	Minimum pool size: undefined/unknown
	Maximum pool size: undefined/unknown
2026-10-10T02:22:08.618+07:00  INFO 65816 --- [competitive-quiz] [           main] o.h.e.t.j.p.i.JtaPlatformInitiator       : HHH000489: No JTA platform available (set 'hibernate.transaction.jta.platform' to enable JTA platform integration)
2026-10-10T02:22:08.629+07:00  INFO 65816 --- [competitive-quiz] [           main] j.LocalContainerEntityManagerFactoryBean : Initialized JPA EntityManagerFactory for persistence unit 'default'
2026-10-10T02:22:08.914+07:00  INFO 65816 --- [competitive-quiz] [           main] r$InitializeUserDetailsManagerConfigurer : Global AuthenticationManager configured with UserDetailsService bean with name quizUserDetailsService
2026-10-10T02:22:08.926+07:00  INFO 65816 --- [competitive-quiz] [           main] o.s.b.a.w.s.WelcomePageHandlerMapping    : Adding welcome page: class path resource [static/index.html]
2026-10-10T02:22:09.010+07:00  INFO 65816 --- [competitive-quiz] [           main] o.s.b.w.embedded.tomcat.TomcatWebServer  : Tomcat started on port 55367 (http) with context path '/'
2026-10-10T02:22:09.013+07:00  INFO 65816 --- [competitive-quiz] [           main] v.e.q.g.s.GameStartAuthorizationIT       : Started GameStartAuthorizationIT in 0.794 seconds (process running for 93.157)
2026-10-10T02:22:09.163+07:00  INFO 65816 --- [competitive-quiz] [0-auto-8-exec-1] o.a.c.c.C.[Tomcat-4].[localhost].[/]     : Initializing Spring DispatcherServlet 'dispatcherServlet'
2026-10-10T02:22:09.163+07:00  INFO 65816 --- [competitive-quiz] [0-auto-8-exec-1] o.s.web.servlet.DispatcherServlet        : Initializing Servlet 'dispatcherServlet'
2026-10-10T02:22:09.163+07:00  INFO 65816 --- [competitive-quiz] [0-auto-8-exec-1] o.s.web.servlet.DispatcherServlet        : Completed initialization in 0 ms
[INFO] Tests run: 1, Failures: 0, Errors: 0, Skipped: 0, Time elapsed: 1.430 s -- in vn.edu.quiz.game.service.GameStartAuthorizationIT
[INFO] Running vn.edu.quiz.game.service.ImageWordLifecycleIT
2026-10-10T02:22:09.646+07:00  INFO 65816 --- [competitive-quiz] [           main] t.c.s.AnnotationConfigContextLoaderUtils : Could not detect default configuration classes for test class [vn.edu.quiz.game.service.ImageWordLifecycleIT]: ImageWordLifecycleIT does not declare any static, non-private, non-final, nested classes annotated with @Configuration.
2026-10-10T02:22:09.648+07:00  INFO 65816 --- [competitive-quiz] [           main] .b.t.c.SpringBootTestContextBootstrapper : Found @SpringBootConfiguration vn.edu.quiz.QuizApplication for test class vn.edu.quiz.game.service.ImageWordLifecycleIT

  .   ____          _            __ _ _
 /\\ / ___'_ __ _ _(_)_ __  __ _ \ \ \ \
( ( )\___ | '_ | '_| | '_ \/ _` | \ \ \ \
 \\/  ___)| |_)| | | | | || (_| |  ) ) ) )
  '  |____| .__|_| |_|_| |_\__, | / / / /
 =========|_|==============|___/=/_/_/_/

 :: Spring Boot ::               (v3.5.16)

2026-10-10T02:22:09.665+07:00  INFO 65816 --- [competitive-quiz] [           main] v.e.q.game.service.ImageWordLifecycleIT  : Starting ImageWordLifecycleIT using Java 21.0.9 with PID 65816 (started by CodexSandboxOffline in D:\BTL_LTM)
2026-10-10T02:22:09.665+07:00  INFO 65816 --- [competitive-quiz] [           main] v.e.q.game.service.ImageWordLifecycleIT  : The following 1 profile is active: "mysql"
2026-10-10T02:22:09.777+07:00  INFO 65816 --- [competitive-quiz] [           main] .s.d.r.c.RepositoryConfigurationDelegate : Bootstrapping Spring Data JPA repositories in DEFAULT mode.
2026-10-10T02:22:09.801+07:00  INFO 65816 --- [competitive-quiz] [           main] .s.d.r.c.RepositoryConfigurationDelegate : Finished Spring Data repository scanning in 24 ms. Found 13 JPA repository interfaces.
2026-10-10T02:22:09.849+07:00  INFO 65816 --- [competitive-quiz] [           main] o.s.b.w.embedded.tomcat.TomcatWebServer  : Tomcat initialized with port 0 (http)
2026-10-10T02:22:09.850+07:00  INFO 65816 --- [competitive-quiz] [           main] o.apache.catalina.core.StandardService   : Starting service [Tomcat]
2026-10-10T02:22:09.850+07:00  INFO 65816 --- [competitive-quiz] [           main] o.apache.catalina.core.StandardEngine    : Starting Servlet engine: [Apache Tomcat/10.1.55]
2026-10-10T02:22:09.860+07:00  INFO 65816 --- [competitive-quiz] [           main] o.a.c.c.C.[Tomcat-5].[localhost].[/]     : Initializing Spring embedded WebApplicationContext
2026-10-10T02:22:09.861+07:00  INFO 65816 --- [competitive-quiz] [           main] w.s.c.ServletWebServerApplicationContext : Root WebApplicationContext: initialization completed in 196 ms
2026-10-10T02:22:09.880+07:00  INFO 65816 --- [competitive-quiz] [           main] com.zaxxer.hikari.HikariDataSource       : HikariPool-10 - Starting...
2026-10-10T02:22:09.888+07:00  INFO 65816 --- [competitive-quiz] [           main] com.zaxxer.hikari.pool.HikariPool        : HikariPool-10 - Added connection com.mysql.cj.jdbc.ConnectionImpl@27f1773
2026-10-10T02:22:09.889+07:00  INFO 65816 --- [competitive-quiz] [           main] com.zaxxer.hikari.HikariDataSource       : HikariPool-10 - Start completed.
2026-10-10T02:22:09.891+07:00  INFO 65816 --- [competitive-quiz] [           main] org.flywaydb.core.FlywayExecutor         : Database: jdbc:mysql://127.0.0.1:3306/quizz_task2_test?connectionTimeZone=UTC&connectTimeout=3000&socketTimeout=3000 (MySQL 8.0)
2026-10-10T02:22:09.901+07:00  INFO 65816 --- [competitive-quiz] [           main] o.f.core.internal.command.DbValidate     : Successfully validated 7 migrations (execution time 00:00.006s)
2026-10-10T02:22:09.907+07:00  INFO 65816 --- [competitive-quiz] [           main] o.f.core.internal.command.DbMigrate      : Current version of schema `quizz_task2_test`: 7
2026-10-10T02:22:09.907+07:00  INFO 65816 --- [competitive-quiz] [           main] o.f.core.internal.command.DbMigrate      : Schema `quizz_task2_test` is up to date. No migration necessary.
2026-10-10T02:22:09.923+07:00  INFO 65816 --- [competitive-quiz] [           main] o.hibernate.jpa.internal.util.LogHelper  : HHH000204: Processing PersistenceUnitInfo [name: default]
2026-10-10T02:22:09.924+07:00  INFO 65816 --- [competitive-quiz] [           main] o.h.c.internal.RegionFactoryInitiator    : HHH000026: Second-level cache disabled
2026-10-10T02:22:09.928+07:00  INFO 65816 --- [competitive-quiz] [           main] o.s.o.j.p.SpringPersistenceUnitInfo      : No LoadTimeWeaver setup: ignoring JPA class transformer
2026-10-10T02:22:09.929+07:00  INFO 65816 --- [competitive-quiz] [           main] org.hibernate.orm.connections.pooling    : HHH10001005: Database info:
	Database JDBC URL [Connecting through datasource 'HikariDataSource (HikariPool-10)']
	Database driver: undefined/unknown
	Database version: 8.0.45
	Autocommit mode: undefined/unknown
	Isolation level: undefined/unknown
	Minimum pool size: undefined/unknown
	Maximum pool size: undefined/unknown
2026-10-10T02:22:09.992+07:00  INFO 65816 --- [competitive-quiz] [           main] o.h.e.t.j.p.i.JtaPlatformInitiator       : HHH000489: No JTA platform available (set 'hibernate.transaction.jta.platform' to enable JTA platform integration)
2026-10-10T02:22:09.999+07:00  INFO 65816 --- [competitive-quiz] [           main] j.LocalContainerEntityManagerFactoryBean : Initialized JPA EntityManagerFactory for persistence unit 'default'
2026-10-10T02:22:10.180+07:00  INFO 65816 --- [competitive-quiz] [           main] r$InitializeUserDetailsManagerConfigurer : Global AuthenticationManager configured with UserDetailsService bean with name quizUserDetailsService
2026-10-10T02:22:10.187+07:00  INFO 65816 --- [competitive-quiz] [           main] o.s.b.a.w.s.WelcomePageHandlerMapping    : Adding welcome page: class path resource [static/index.html]
2026-10-10T02:22:10.259+07:00  INFO 65816 --- [competitive-quiz] [           main] o.s.b.w.embedded.tomcat.TomcatWebServer  : Tomcat started on port 55378 (http) with context path '/'
2026-10-10T02:22:10.261+07:00  INFO 65816 --- [competitive-quiz] [           main] v.e.q.game.service.ImageWordLifecycleIT  : Started ImageWordLifecycleIT in 0.611 seconds (process running for 94.405)
2026-10-10T02:22:10.301+07:00  INFO 65816 --- [competitive-quiz] [0-auto-9-exec-1] o.a.c.c.C.[Tomcat-5].[localhost].[/]     : Initializing Spring DispatcherServlet 'dispatcherServlet'
2026-10-10T02:22:10.301+07:00  INFO 65816 --- [competitive-quiz] [0-auto-9-exec-1] o.s.web.servlet.DispatcherServlet        : Initializing Servlet 'dispatcherServlet'
2026-10-10T02:22:10.302+07:00  INFO 65816 --- [competitive-quiz] [0-auto-9-exec-1] o.s.web.servlet.DispatcherServlet        : Completed initialization in 1 ms
[INFO] Tests run: 2, Failures: 0, Errors: 0, Skipped: 0, Time elapsed: 3.474 s -- in vn.edu.quiz.game.service.ImageWordLifecycleIT
[INFO] Running vn.edu.quiz.game.service.MultimodeIntegrationIT
2026-10-10T02:22:13.121+07:00  INFO 65816 --- [competitive-quiz] [           main] t.c.s.AnnotationConfigContextLoaderUtils : Could not detect default configuration classes for test class [vn.edu.quiz.game.service.MultimodeIntegrationIT]: MultimodeIntegrationIT does not declare any static, non-private, non-final, nested classes annotated with @Configuration.
2026-10-10T02:22:13.122+07:00  INFO 65816 --- [competitive-quiz] [           main] .b.t.c.SpringBootTestContextBootstrapper : Found @SpringBootConfiguration vn.edu.quiz.QuizApplication for test class vn.edu.quiz.game.service.MultimodeIntegrationIT
TASK24_MAXIMUM: game=2052, one RIDDLE stage,50 questions/150 answers, score30/30/30, correct-time200/400/200, rank1/3/1
[INFO] Tests run: 1, Failures: 0, Errors: 0, Skipped: 0, Time elapsed: 6.242 s -- in vn.edu.quiz.game.service.MultimodeIntegrationIT
[INFO] Running vn.edu.quiz.game.service.MultimodeLifecycleIT
2026-10-10T02:22:19.364+07:00  INFO 65816 --- [competitive-quiz] [           main] t.c.s.AnnotationConfigContextLoaderUtils : Could not detect default configuration classes for test class [vn.edu.quiz.game.service.MultimodeLifecycleIT]: MultimodeLifecycleIT does not declare any static, non-private, non-final, nested classes annotated with @Configuration.
2026-10-10T02:22:19.366+07:00  INFO 65816 --- [competitive-quiz] [           main] .b.t.c.SpringBootTestContextBootstrapper : Found @SpringBootConfiguration vn.edu.quiz.QuizApplication for test class vn.edu.quiz.game.service.MultimodeLifecycleIT
[INFO] Tests run: 13, Failures: 0, Errors: 0, Skipped: 0, Time elapsed: 11.48 s -- in vn.edu.quiz.game.service.MultimodeLifecycleIT
[INFO] Running vn.edu.quiz.game.service.MultimodeRoomStartIT

  .   ____          _            __ _ _
 /\\ / ___'_ __ _ _(_)_ __  __ _ \ \ \ \
( ( )\___ | '_ | '_| | '_ \/ _` | \ \ \ \
 \\/  ___)| |_)| | | | | || (_| |  ) ) ) )
  '  |____| .__|_| |_|_| |_\__, | / / / /
 =========|_|==============|___/=/_/_/_/

 :: Spring Boot ::               (v3.5.16)

2026-10-10T02:22:30.870+07:00  INFO 65816 --- [competitive-quiz] [           main] o.a.maven.surefire.booter.ForkedBooter   : Starting ForkedBooter v3.5.6 using Java 21.0.9 with PID 65816 (started by CodexSandboxOffline in D:\BTL_LTM)
2026-10-10T02:22:30.870+07:00  INFO 65816 --- [competitive-quiz] [           main] o.a.maven.surefire.booter.ForkedBooter   : The following 1 profile is active: "mysql"
2026-10-10T02:22:30.956+07:00  INFO 65816 --- [competitive-quiz] [           main] .s.d.r.c.RepositoryConfigurationDelegate : Bootstrapping Spring Data JPA repositories in DEFAULT mode.
2026-10-10T02:22:30.984+07:00  INFO 65816 --- [competitive-quiz] [           main] .s.d.r.c.RepositoryConfigurationDelegate : Finished Spring Data repository scanning in 28 ms. Found 13 JPA repository interfaces.
2026-10-10T02:22:31.023+07:00  INFO 65816 --- [competitive-quiz] [           main] o.s.b.w.embedded.tomcat.TomcatWebServer  : Tomcat initialized with port 0 (http)
2026-10-10T02:22:31.025+07:00  INFO 65816 --- [competitive-quiz] [           main] o.apache.catalina.core.StandardService   : Starting service [Tomcat]
2026-10-10T02:22:31.025+07:00  INFO 65816 --- [competitive-quiz] [           main] o.apache.catalina.core.StandardEngine    : Starting Servlet engine: [Apache Tomcat/10.1.55]
2026-10-10T02:22:31.032+07:00  INFO 65816 --- [competitive-quiz] [           main] o.a.c.c.C.[Tomcat-6].[localhost].[/]     : Initializing Spring embedded WebApplicationContext
2026-10-10T02:22:31.032+07:00  INFO 65816 --- [competitive-quiz] [           main] w.s.c.ServletWebServerApplicationContext : Root WebApplicationContext: initialization completed in 161 ms
2026-10-10T02:22:31.048+07:00  INFO 65816 --- [competitive-quiz] [           main] com.zaxxer.hikari.HikariDataSource       : HikariPool-11 - Starting...
2026-10-10T02:22:31.055+07:00  INFO 65816 --- [competitive-quiz] [           main] com.zaxxer.hikari.pool.HikariPool        : HikariPool-11 - Added connection com.mysql.cj.jdbc.ConnectionImpl@29b1d918
2026-10-10T02:22:31.055+07:00  INFO 65816 --- [competitive-quiz] [           main] com.zaxxer.hikari.HikariDataSource       : HikariPool-11 - Start completed.
2026-10-10T02:22:31.057+07:00  INFO 65816 --- [competitive-quiz] [           main] org.flywaydb.core.FlywayExecutor         : Database: jdbc:mysql://127.0.0.1:3306/quizz_task17_0187f95b353d?connectionTimeZone=UTC&connectTimeout=3000&socketTimeout=3000 (MySQL 8.0)
2026-10-10T02:22:31.065+07:00  INFO 65816 --- [competitive-quiz] [           main] o.f.c.i.s.JdbcTableSchemaHistory         : Schema history table `quizz_task17_0187f95b353d`.`flyway_schema_history` does not exist yet
2026-10-10T02:22:31.067+07:00  INFO 65816 --- [competitive-quiz] [           main] o.f.core.internal.command.DbValidate     : Successfully validated 7 migrations (execution time 00:00.006s)
2026-10-10T02:22:31.078+07:00  INFO 65816 --- [competitive-quiz] [           main] o.f.c.i.s.JdbcTableSchemaHistory         : Creating Schema History table `quizz_task17_0187f95b353d`.`flyway_schema_history` ...
2026-10-10T02:22:31.118+07:00  INFO 65816 --- [competitive-quiz] [           main] o.f.core.internal.command.DbMigrate      : Current version of schema `quizz_task17_0187f95b353d`: << Empty Schema >>
2026-10-10T02:22:31.133+07:00  INFO 65816 --- [competitive-quiz] [           main] o.f.core.internal.command.DbMigrate      : Migrating schema `quizz_task17_0187f95b353d` to version "1 - quiz domain"
2026-10-10T02:22:31.520+07:00  INFO 65816 --- [competitive-quiz] [           main] o.f.core.internal.command.DbMigrate      : Migrating schema `quizz_task17_0187f95b353d` to version "2 - require answer effect snapshots"
2026-10-10T02:22:31.579+07:00  INFO 65816 --- [competitive-quiz] [           main] o.f.core.internal.command.DbMigrate      : Migrating schema `quizz_task17_0187f95b353d` to version "3 - decision seven seconds"
2026-10-10T02:22:31.608+07:00  INFO 65816 --- [competitive-quiz] [           main] o.f.core.internal.command.DbMigrate      : Migrating schema `quizz_task17_0187f95b353d` to version "4 - multimode data foundation"
2026-10-10T02:22:32.104+07:00  INFO 65816 --- [competitive-quiz] [           main] o.f.core.internal.command.DbMigrate      : Migrating schema `quizz_task17_0187f95b353d` to version "5 - room stage plans"
2026-10-10T02:22:32.230+07:00  INFO 65816 --- [competitive-quiz] [           main] o.f.core.internal.command.DbMigrate      : Migrating schema `quizz_task17_0187f95b353d` to version "6 - vietnamese arrangement aliases"
2026-10-10T02:22:32.379+07:00  INFO 65816 --- [competitive-quiz] [           main] o.f.core.internal.command.DbMigrate      : Migrating schema `quizz_task17_0187f95b353d` to version "7 - released clues"
2026-10-10T02:22:32.589+07:00  INFO 65816 --- [competitive-quiz] [           main] o.f.core.internal.command.DbMigrate      : Successfully applied 7 migrations to schema `quizz_task17_0187f95b353d`, now at version v7 (execution time 00:01.360s)
2026-10-10T02:22:32.632+07:00  INFO 65816 --- [competitive-quiz] [           main] o.hibernate.jpa.internal.util.LogHelper  : HHH000204: Processing PersistenceUnitInfo [name: default]
2026-10-10T02:22:32.635+07:00  INFO 65816 --- [competitive-quiz] [           main] o.h.c.internal.RegionFactoryInitiator    : HHH000026: Second-level cache disabled
2026-10-10T02:22:32.645+07:00  INFO 65816 --- [competitive-quiz] [           main] o.s.o.j.p.SpringPersistenceUnitInfo      : No LoadTimeWeaver setup: ignoring JPA class transformer
2026-10-10T02:22:32.645+07:00  INFO 65816 --- [competitive-quiz] [           main] org.hibernate.orm.connections.pooling    : HHH10001005: Database info:
	Database JDBC URL [Connecting through datasource 'HikariDataSource (HikariPool-11)']
	Database driver: undefined/unknown
	Database version: 8.0.45
	Autocommit mode: undefined/unknown
	Isolation level: undefined/unknown
	Minimum pool size: undefined/unknown
	Maximum pool size: undefined/unknown
2026-10-10T02:22:32.726+07:00  INFO 65816 --- [competitive-quiz] [           main] o.h.e.t.j.p.i.JtaPlatformInitiator       : HHH000489: No JTA platform available (set 'hibernate.transaction.jta.platform' to enable JTA platform integration)
2026-10-10T02:22:32.735+07:00  INFO 65816 --- [competitive-quiz] [           main] j.LocalContainerEntityManagerFactoryBean : Initialized JPA EntityManagerFactory for persistence unit 'default'
2026-10-10T02:22:32.933+07:00  INFO 65816 --- [competitive-quiz] [           main] r$InitializeUserDetailsManagerConfigurer : Global AuthenticationManager configured with UserDetailsService bean with name quizUserDetailsService
2026-10-10T02:22:32.940+07:00  INFO 65816 --- [competitive-quiz] [           main] o.s.b.a.w.s.WelcomePageHandlerMapping    : Adding welcome page: class path resource [static/index.html]
2026-10-10T02:22:33.022+07:00  INFO 65816 --- [competitive-quiz] [           main] o.s.b.w.embedded.tomcat.TomcatWebServer  : Tomcat started on port 53420 (http) with context path '/'
2026-10-10T02:22:33.025+07:00  INFO 65816 --- [competitive-quiz] [           main] o.a.maven.surefire.booter.ForkedBooter   : Started ForkedBooter in 2.166 seconds (process running for 117.169)
2026-10-10T02:22:33.052+07:00  INFO 65816 --- [competitive-quiz] [-auto-10-exec-1] o.a.c.c.C.[Tomcat-6].[localhost].[/]     : Initializing Spring DispatcherServlet 'dispatcherServlet'
2026-10-10T02:22:33.052+07:00  INFO 65816 --- [competitive-quiz] [-auto-10-exec-1] o.s.web.servlet.DispatcherServlet        : Initializing Servlet 'dispatcherServlet'
2026-10-10T02:22:33.053+07:00  INFO 65816 --- [competitive-quiz] [-auto-10-exec-1] o.s.web.servlet.DispatcherServlet        : Completed initialization in 1 ms
2026-10-10T02:22:41.738+07:00  WARN 65816 --- [competitive-quiz] [           main] o.h.engine.jdbc.spi.SqlExceptionHelper   : SQL Error: 1644, SQLState: 45000
2026-10-10T02:22:41.738+07:00 ERROR 65816 --- [competitive-quiz] [           main] o.h.engine.jdbc.spi.SqlExceptionHelper   : Task17 injected rollback
2026-10-10T02:22:42.476+07:00  INFO 65816 --- [competitive-quiz] [           main] o.s.b.w.e.tomcat.GracefulShutdown        : Commencing graceful shutdown. Waiting for active requests to complete
2026-10-10T02:22:42.478+07:00  INFO 65816 --- [competitive-quiz] [tomcat-shutdown] o.s.b.w.e.tomcat.GracefulShutdown        : Graceful shutdown complete
2026-10-10T02:22:42.480+07:00  INFO 65816 --- [competitive-quiz] [           main] j.LocalContainerEntityManagerFactoryBean : Closing JPA EntityManagerFactory for persistence unit 'default'
2026-10-10T02:22:42.480+07:00  INFO 65816 --- [competitive-quiz] [           main] com.zaxxer.hikari.HikariDataSource       : HikariPool-11 - Shutdown initiated...
2026-10-10T02:22:42.482+07:00  INFO 65816 --- [competitive-quiz] [           main] com.zaxxer.hikari.HikariDataSource       : HikariPool-11 - Shutdown completed.
TASK17_MYSQL: configuration/snapshot/races/gate; retained schema=quizz_task17_0187f95b353d
[INFO] Tests run: 10, Failures: 0, Errors: 0, Skipped: 0, Time elapsed: 11.64 s -- in vn.edu.quiz.game.service.MultimodeRoomStartIT
[INFO] Running vn.edu.quiz.game.service.SongLifecycleIT
2026-10-10T02:22:42.489+07:00  INFO 65816 --- [competitive-quiz] [           main] t.c.s.AnnotationConfigContextLoaderUtils : Could not detect default configuration classes for test class [vn.edu.quiz.game.service.SongLifecycleIT]: SongLifecycleIT does not declare any static, non-private, non-final, nested classes annotated with @Configuration.
2026-10-10T02:22:42.490+07:00  INFO 65816 --- [competitive-quiz] [           main] .b.t.c.SpringBootTestContextBootstrapper : Found @SpringBootConfiguration vn.edu.quiz.QuizApplication for test class vn.edu.quiz.game.service.SongLifecycleIT

  .   ____          _            __ _ _
 /\\ / ___'_ __ _ _(_)_ __  __ _ \ \ \ \
( ( )\___ | '_ | '_| | '_ \/ _` | \ \ \ \
 \\/  ___)| |_)| | | | | || (_| |  ) ) ) )
  '  |____| .__|_| |_|_| |_\__, | / / / /
 =========|_|==============|___/=/_/_/_/

 :: Spring Boot ::               (v3.5.16)

2026-10-10T02:22:42.514+07:00  INFO 65816 --- [competitive-quiz] [           main] v.edu.quiz.game.service.SongLifecycleIT  : Starting SongLifecycleIT using Java 21.0.9 with PID 65816 (started by CodexSandboxOffline in D:\BTL_LTM)
2026-10-10T02:22:42.514+07:00  INFO 65816 --- [competitive-quiz] [           main] v.edu.quiz.game.service.SongLifecycleIT  : The following 1 profile is active: "mysql"
2026-10-10T02:22:42.650+07:00  INFO 65816 --- [competitive-quiz] [           main] .s.d.r.c.RepositoryConfigurationDelegate : Bootstrapping Spring Data JPA repositories in DEFAULT mode.
2026-10-10T02:22:42.698+07:00  INFO 65816 --- [competitive-quiz] [           main] .s.d.r.c.RepositoryConfigurationDelegate : Finished Spring Data repository scanning in 47 ms. Found 13 JPA repository interfaces.
2026-10-10T02:22:42.758+07:00  INFO 65816 --- [competitive-quiz] [           main] o.s.b.w.embedded.tomcat.TomcatWebServer  : Tomcat initialized with port 0 (http)
2026-10-10T02:22:42.759+07:00  INFO 65816 --- [competitive-quiz] [           main] o.apache.catalina.core.StandardService   : Starting service [Tomcat]
2026-10-10T02:22:42.759+07:00  INFO 65816 --- [competitive-quiz] [           main] o.apache.catalina.core.StandardEngine    : Starting Servlet engine: [Apache Tomcat/10.1.55]
2026-10-10T02:22:42.772+07:00  INFO 65816 --- [competitive-quiz] [           main] o.a.c.c.C.[Tomcat-6].[localhost].[/]     : Initializing Spring embedded WebApplicationContext
2026-10-10T02:22:42.772+07:00  INFO 65816 --- [competitive-quiz] [           main] w.s.c.ServletWebServerApplicationContext : Root WebApplicationContext: initialization completed in 256 ms
2026-10-10T02:22:42.802+07:00  INFO 65816 --- [competitive-quiz] [           main] com.zaxxer.hikari.HikariDataSource       : HikariPool-12 - Starting...
2026-10-10T02:22:42.810+07:00  INFO 65816 --- [competitive-quiz] [           main] com.zaxxer.hikari.pool.HikariPool        : HikariPool-12 - Added connection com.mysql.cj.jdbc.ConnectionImpl@66b4a6c
2026-10-10T02:22:42.810+07:00  INFO 65816 --- [competitive-quiz] [           main] com.zaxxer.hikari.HikariDataSource       : HikariPool-12 - Start completed.
2026-10-10T02:22:42.813+07:00  INFO 65816 --- [competitive-quiz] [           main] org.flywaydb.core.FlywayExecutor         : Database: jdbc:mysql://127.0.0.1:3306/quizz_task2_test?connectionTimeZone=UTC&connectTimeout=3000&socketTimeout=3000 (MySQL 8.0)
2026-10-10T02:22:42.825+07:00  INFO 65816 --- [competitive-quiz] [           main] o.f.core.internal.command.DbValidate     : Successfully validated 7 migrations (execution time 00:00.007s)
2026-10-10T02:22:42.830+07:00  INFO 65816 --- [competitive-quiz] [           main] o.f.core.internal.command.DbMigrate      : Current version of schema `quizz_task2_test`: 7
2026-10-10T02:22:42.831+07:00  INFO 65816 --- [competitive-quiz] [           main] o.f.core.internal.command.DbMigrate      : Schema `quizz_task2_test` is up to date. No migration necessary.
2026-10-10T02:22:42.860+07:00  INFO 65816 --- [competitive-quiz] [           main] o.hibernate.jpa.internal.util.LogHelper  : HHH000204: Processing PersistenceUnitInfo [name: default]
2026-10-10T02:22:42.862+07:00  INFO 65816 --- [competitive-quiz] [           main] o.h.c.internal.RegionFactoryInitiator    : HHH000026: Second-level cache disabled
2026-10-10T02:22:42.877+07:00  INFO 65816 --- [competitive-quiz] [           main] o.s.o.j.p.SpringPersistenceUnitInfo      : No LoadTimeWeaver setup: ignoring JPA class transformer
2026-10-10T02:22:42.879+07:00  INFO 65816 --- [competitive-quiz] [           main] org.hibernate.orm.connections.pooling    : HHH10001005: Database info:
	Database JDBC URL [Connecting through datasource 'HikariDataSource (HikariPool-12)']
	Database driver: undefined/unknown
	Database version: 8.0.45
	Autocommit mode: undefined/unknown
	Isolation level: undefined/unknown
	Minimum pool size: undefined/unknown
	Maximum pool size: undefined/unknown
2026-10-10T02:22:42.964+07:00  INFO 65816 --- [competitive-quiz] [           main] o.h.e.t.j.p.i.JtaPlatformInitiator       : HHH000489: No JTA platform available (set 'hibernate.transaction.jta.platform' to enable JTA platform integration)
2026-10-10T02:22:42.976+07:00  INFO 65816 --- [competitive-quiz] [           main] j.LocalContainerEntityManagerFactoryBean : Initialized JPA EntityManagerFactory for persistence unit 'default'
2026-10-10T02:22:43.140+07:00  INFO 65816 --- [competitive-quiz] [           main] r$InitializeUserDetailsManagerConfigurer : Global AuthenticationManager configured with UserDetailsService bean with name quizUserDetailsService
2026-10-10T02:22:43.147+07:00  INFO 65816 --- [competitive-quiz] [           main] o.s.b.a.w.s.WelcomePageHandlerMapping    : Adding welcome page: class path resource [static/index.html]
2026-10-10T02:22:43.226+07:00  INFO 65816 --- [competitive-quiz] [           main] o.s.b.w.embedded.tomcat.TomcatWebServer  : Tomcat started on port 64314 (http) with context path '/'
2026-10-10T02:22:43.230+07:00  INFO 65816 --- [competitive-quiz] [           main] v.edu.quiz.game.service.SongLifecycleIT  : Started SongLifecycleIT in 0.737 seconds (process running for 127.373)
2026-10-10T02:22:43.257+07:00  INFO 65816 --- [competitive-quiz] [-auto-11-exec-1] o.a.c.c.C.[Tomcat-6].[localhost].[/]     : Initializing Spring DispatcherServlet 'dispatcherServlet'
2026-10-10T02:22:43.257+07:00  INFO 65816 --- [competitive-quiz] [-auto-11-exec-1] o.s.web.servlet.DispatcherServlet        : Initializing Servlet 'dispatcherServlet'
2026-10-10T02:22:43.258+07:00  INFO 65816 --- [competitive-quiz] [-auto-11-exec-1] o.s.web.servlet.DispatcherServlet        : Completed initialization in 1 ms
[INFO] Tests run: 3, Failures: 0, Errors: 0, Skipped: 0, Time elapsed: 3.318 s -- in vn.edu.quiz.game.service.SongLifecycleIT
[INFO] Running vn.edu.quiz.quiz.controller.QuizNetworkIT
2026-10-10T02:22:45.808+07:00  INFO 65816 --- [competitive-quiz] [           main] t.c.s.AnnotationConfigContextLoaderUtils : Could not detect default configuration classes for test class [vn.edu.quiz.quiz.controller.QuizNetworkIT]: QuizNetworkIT does not declare any static, non-private, non-final, nested classes annotated with @Configuration.
2026-10-10T02:22:45.819+07:00  INFO 65816 --- [competitive-quiz] [           main] .b.t.c.SpringBootTestContextBootstrapper : Found @SpringBootConfiguration vn.edu.quiz.QuizApplication for test class vn.edu.quiz.quiz.controller.QuizNetworkIT

  .   ____          _            __ _ _
 /\\ / ___'_ __ _ _(_)_ __  __ _ \ \ \ \
( ( )\___ | '_ | '_| | '_ \/ _` | \ \ \ \
 \\/  ___)| |_)| | | | | || (_| |  ) ) ) )
  '  |____| .__|_| |_|_| |_\__, | / / / /
 =========|_|==============|___/=/_/_/_/

 :: Spring Boot ::               (v3.5.16)

2026-10-10T02:22:45.830+07:00  INFO 65816 --- [competitive-quiz] [           main] v.e.quiz.quiz.controller.QuizNetworkIT   : Starting QuizNetworkIT using Java 21.0.9 with PID 65816 (started by CodexSandboxOffline in D:\BTL_LTM)
2026-10-10T02:22:45.831+07:00  INFO 65816 --- [competitive-quiz] [           main] v.e.quiz.quiz.controller.QuizNetworkIT   : The following 1 profile is active: "mysql"
2026-10-10T02:22:45.930+07:00  INFO 65816 --- [competitive-quiz] [           main] .s.d.r.c.RepositoryConfigurationDelegate : Bootstrapping Spring Data JPA repositories in DEFAULT mode.
2026-10-10T02:22:45.950+07:00  INFO 65816 --- [competitive-quiz] [           main] .s.d.r.c.RepositoryConfigurationDelegate : Finished Spring Data repository scanning in 19 ms. Found 13 JPA repository interfaces.
2026-10-10T02:22:45.981+07:00  INFO 65816 --- [competitive-quiz] [           main] o.s.b.w.embedded.tomcat.TomcatWebServer  : Tomcat initialized with port 0 (http)
2026-10-10T02:22:45.981+07:00  INFO 65816 --- [competitive-quiz] [           main] o.apache.catalina.core.StandardService   : Starting service [Tomcat]
2026-10-10T02:22:45.981+07:00  INFO 65816 --- [competitive-quiz] [           main] o.apache.catalina.core.StandardEngine    : Starting Servlet engine: [Apache Tomcat/10.1.55]
2026-10-10T02:22:45.990+07:00  INFO 65816 --- [competitive-quiz] [           main] o.a.c.c.C.[Tomcat-7].[localhost].[/]     : Initializing Spring embedded WebApplicationContext
2026-10-10T02:22:45.990+07:00  INFO 65816 --- [competitive-quiz] [           main] w.s.c.ServletWebServerApplicationContext : Root WebApplicationContext: initialization completed in 159 ms
2026-10-10T02:22:46.007+07:00  INFO 65816 --- [competitive-quiz] [           main] com.zaxxer.hikari.HikariDataSource       : HikariPool-13 - Starting...
2026-10-10T02:22:46.013+07:00  INFO 65816 --- [competitive-quiz] [           main] com.zaxxer.hikari.pool.HikariPool        : HikariPool-13 - Added connection com.mysql.cj.jdbc.ConnectionImpl@65809b6a
2026-10-10T02:22:46.014+07:00  INFO 65816 --- [competitive-quiz] [           main] com.zaxxer.hikari.HikariDataSource       : HikariPool-13 - Start completed.
2026-10-10T02:22:46.016+07:00  INFO 65816 --- [competitive-quiz] [           main] org.flywaydb.core.FlywayExecutor         : Database: jdbc:mysql://127.0.0.1:3306/quizz_task2_test?connectionTimeZone=UTC&connectTimeout=3000&socketTimeout=3000 (MySQL 8.0)
2026-10-10T02:22:46.026+07:00  INFO 65816 --- [competitive-quiz] [           main] o.f.core.internal.command.DbValidate     : Successfully validated 7 migrations (execution time 00:00.005s)
2026-10-10T02:22:46.030+07:00  INFO 65816 --- [competitive-quiz] [           main] o.f.core.internal.command.DbMigrate      : Current version of schema `quizz_task2_test`: 7
2026-10-10T02:22:46.031+07:00  INFO 65816 --- [competitive-quiz] [           main] o.f.core.internal.command.DbMigrate      : Schema `quizz_task2_test` is up to date. No migration necessary.
2026-10-10T02:22:46.056+07:00  INFO 65816 --- [competitive-quiz] [           main] o.hibernate.jpa.internal.util.LogHelper  : HHH000204: Processing PersistenceUnitInfo [name: default]
2026-10-10T02:22:46.058+07:00  INFO 65816 --- [competitive-quiz] [           main] o.h.c.internal.RegionFactoryInitiator    : HHH000026: Second-level cache disabled
2026-10-10T02:22:46.066+07:00  INFO 65816 --- [competitive-quiz] [           main] o.s.o.j.p.SpringPersistenceUnitInfo      : No LoadTimeWeaver setup: ignoring JPA class transformer
2026-10-10T02:22:46.068+07:00  INFO 65816 --- [competitive-quiz] [           main] org.hibernate.orm.connections.pooling    : HHH10001005: Database info:
	Database JDBC URL [Connecting through datasource 'HikariDataSource (HikariPool-13)']
	Database driver: undefined/unknown
	Database version: 8.0.45
	Autocommit mode: undefined/unknown
	Isolation level: undefined/unknown
	Minimum pool size: undefined/unknown
	Maximum pool size: undefined/unknown
2026-10-10T02:22:46.113+07:00  INFO 65816 --- [competitive-quiz] [           main] o.h.e.t.j.p.i.JtaPlatformInitiator       : HHH000489: No JTA platform available (set 'hibernate.transaction.jta.platform' to enable JTA platform integration)
2026-10-10T02:22:46.119+07:00  INFO 65816 --- [competitive-quiz] [           main] j.LocalContainerEntityManagerFactoryBean : Initialized JPA EntityManagerFactory for persistence unit 'default'
2026-10-10T02:22:46.226+07:00  INFO 65816 --- [competitive-quiz] [           main] r$InitializeUserDetailsManagerConfigurer : Global AuthenticationManager configured with UserDetailsService bean with name quizUserDetailsService
2026-10-10T02:22:46.232+07:00  INFO 65816 --- [competitive-quiz] [           main] o.s.b.a.w.s.WelcomePageHandlerMapping    : Adding welcome page: class path resource [static/index.html]
2026-10-10T02:22:46.304+07:00  INFO 65816 --- [competitive-quiz] [           main] o.s.b.w.embedded.tomcat.TomcatWebServer  : Tomcat started on port 57114 (http) with context path '/'
2026-10-10T02:22:46.306+07:00  INFO 65816 --- [competitive-quiz] [           main] v.e.quiz.quiz.controller.QuizNetworkIT   : Started QuizNetworkIT in 0.486 seconds (process running for 130.449)
2026-10-10T02:22:46.348+07:00  INFO 65816 --- [competitive-quiz] [-auto-12-exec-1] o.a.c.c.C.[Tomcat-7].[localhost].[/]     : Initializing Spring DispatcherServlet 'dispatcherServlet'
2026-10-10T02:22:46.348+07:00  INFO 65816 --- [competitive-quiz] [-auto-12-exec-1] o.s.web.servlet.DispatcherServlet        : Initializing Servlet 'dispatcherServlet'
2026-10-10T02:22:46.349+07:00  INFO 65816 --- [competitive-quiz] [-auto-12-exec-1] o.s.web.servlet.DispatcherServlet        : Completed initialization in 1 ms
[INFO] Tests run: 10, Failures: 0, Errors: 0, Skipped: 0, Time elapsed: 3.661 s -- in vn.edu.quiz.quiz.controller.QuizNetworkIT
[INFO] Running vn.edu.quiz.quiz.service.SampleDataIT
2026-10-10T02:22:49.469+07:00  INFO 65816 --- [competitive-quiz] [           main] t.c.s.AnnotationConfigContextLoaderUtils : Could not detect default configuration classes for test class [vn.edu.quiz.quiz.service.SampleDataIT]: SampleDataIT does not declare any static, non-private, non-final, nested classes annotated with @Configuration.
2026-10-10T02:22:49.481+07:00  INFO 65816 --- [competitive-quiz] [           main] .b.t.c.SpringBootTestContextBootstrapper : Found @SpringBootConfiguration vn.edu.quiz.QuizApplication for test class vn.edu.quiz.quiz.service.SampleDataIT
[INFO] Tests run: 1, Failures: 0, Errors: 0, Skipped: 0, Time elapsed: 0.719 s -- in vn.edu.quiz.quiz.service.SampleDataIT
[INFO] Running vn.edu.quiz.room.controller.RoomNetworkIT
2026-10-10T02:22:50.189+07:00  INFO 65816 --- [competitive-quiz] [           main] t.c.s.AnnotationConfigContextLoaderUtils : Could not detect default configuration classes for test class [vn.edu.quiz.room.controller.RoomNetworkIT]: RoomNetworkIT does not declare any static, non-private, non-final, nested classes annotated with @Configuration.
2026-10-10T02:22:50.207+07:00  INFO 65816 --- [competitive-quiz] [           main] .b.t.c.SpringBootTestContextBootstrapper : Found @SpringBootConfiguration vn.edu.quiz.QuizApplication for test class vn.edu.quiz.room.controller.RoomNetworkIT

  .   ____          _            __ _ _
 /\\ / ___'_ __ _ _(_)_ __  __ _ \ \ \ \
( ( )\___ | '_ | '_| | '_ \/ _` | \ \ \ \
 \\/  ___)| |_)| | | | | || (_| |  ) ) ) )
  '  |____| .__|_| |_|_| |_\__, | / / / /
 =========|_|==============|___/=/_/_/_/

 :: Spring Boot ::               (v3.5.16)

2026-10-10T02:22:50.217+07:00  INFO 65816 --- [competitive-quiz] [           main] v.e.quiz.room.controller.RoomNetworkIT   : Starting RoomNetworkIT using Java 21.0.9 with PID 65816 (started by CodexSandboxOffline in D:\BTL_LTM)
2026-10-10T02:22:50.217+07:00  INFO 65816 --- [competitive-quiz] [           main] v.e.quiz.room.controller.RoomNetworkIT   : The following 1 profile is active: "mysql"
2026-10-10T02:22:50.312+07:00  INFO 65816 --- [competitive-quiz] [           main] .s.d.r.c.RepositoryConfigurationDelegate : Bootstrapping Spring Data JPA repositories in DEFAULT mode.
2026-10-10T02:22:50.336+07:00  INFO 65816 --- [competitive-quiz] [           main] .s.d.r.c.RepositoryConfigurationDelegate : Finished Spring Data repository scanning in 24 ms. Found 13 JPA repository interfaces.
2026-10-10T02:22:50.364+07:00  INFO 65816 --- [competitive-quiz] [           main] o.s.b.w.embedded.tomcat.TomcatWebServer  : Tomcat initialized with port 0 (http)
2026-10-10T02:22:50.364+07:00  INFO 65816 --- [competitive-quiz] [           main] o.apache.catalina.core.StandardService   : Starting service [Tomcat]
2026-10-10T02:22:50.364+07:00  INFO 65816 --- [competitive-quiz] [           main] o.apache.catalina.core.StandardEngine    : Starting Servlet engine: [Apache Tomcat/10.1.55]
2026-10-10T02:22:50.371+07:00  INFO 65816 --- [competitive-quiz] [           main] o.a.c.c.C.[Tomcat-8].[localhost].[/]     : Initializing Spring embedded WebApplicationContext
2026-10-10T02:22:50.371+07:00  INFO 65816 --- [competitive-quiz] [           main] w.s.c.ServletWebServerApplicationContext : Root WebApplicationContext: initialization completed in 152 ms
2026-10-10T02:22:50.388+07:00  INFO 65816 --- [competitive-quiz] [           main] com.zaxxer.hikari.HikariDataSource       : HikariPool-14 - Starting...
2026-10-10T02:22:50.400+07:00  INFO 65816 --- [competitive-quiz] [           main] com.zaxxer.hikari.pool.HikariPool        : HikariPool-14 - Added connection com.mysql.cj.jdbc.ConnectionImpl@3b089f72
2026-10-10T02:22:50.400+07:00  INFO 65816 --- [competitive-quiz] [           main] com.zaxxer.hikari.HikariDataSource       : HikariPool-14 - Start completed.
2026-10-10T02:22:50.402+07:00  INFO 65816 --- [competitive-quiz] [           main] org.flywaydb.core.FlywayExecutor         : Database: jdbc:mysql://127.0.0.1:3306/quizz_task2_test?connectionTimeZone=UTC&connectTimeout=3000&socketTimeout=3000 (MySQL 8.0)
2026-10-10T02:22:50.410+07:00  INFO 65816 --- [competitive-quiz] [           main] o.f.core.internal.command.DbValidate     : Successfully validated 7 migrations (execution time 00:00.004s)
2026-10-10T02:22:50.417+07:00  INFO 65816 --- [competitive-quiz] [           main] o.f.core.internal.command.DbMigrate      : Current version of schema `quizz_task2_test`: 7
2026-10-10T02:22:50.417+07:00  INFO 65816 --- [competitive-quiz] [           main] o.f.core.internal.command.DbMigrate      : Schema `quizz_task2_test` is up to date. No migration necessary.
2026-10-10T02:22:50.429+07:00  INFO 65816 --- [competitive-quiz] [           main] o.hibernate.jpa.internal.util.LogHelper  : HHH000204: Processing PersistenceUnitInfo [name: default]
2026-10-10T02:22:50.430+07:00  INFO 65816 --- [competitive-quiz] [           main] o.h.c.internal.RegionFactoryInitiator    : HHH000026: Second-level cache disabled
2026-10-10T02:22:50.433+07:00  INFO 65816 --- [competitive-quiz] [           main] o.s.o.j.p.SpringPersistenceUnitInfo      : No LoadTimeWeaver setup: ignoring JPA class transformer
2026-10-10T02:22:50.435+07:00  INFO 65816 --- [competitive-quiz] [           main] org.hibernate.orm.connections.pooling    : HHH10001005: Database info:
	Database JDBC URL [Connecting through datasource 'HikariDataSource (HikariPool-14)']
	Database driver: undefined/unknown
	Database version: 8.0.45
	Autocommit mode: undefined/unknown
	Isolation level: undefined/unknown
	Minimum pool size: undefined/unknown
	Maximum pool size: undefined/unknown
2026-10-10T02:22:50.469+07:00  INFO 65816 --- [competitive-quiz] [           main] o.h.e.t.j.p.i.JtaPlatformInitiator       : HHH000489: No JTA platform available (set 'hibernate.transaction.jta.platform' to enable JTA platform integration)
2026-10-10T02:22:50.475+07:00  INFO 65816 --- [competitive-quiz] [           main] j.LocalContainerEntityManagerFactoryBean : Initialized JPA EntityManagerFactory for persistence unit 'default'
2026-10-10T02:22:50.706+07:00  INFO 65816 --- [competitive-quiz] [           main] r$InitializeUserDetailsManagerConfigurer : Global AuthenticationManager configured with UserDetailsService bean with name quizUserDetailsService
2026-10-10T02:22:50.712+07:00  INFO 65816 --- [competitive-quiz] [           main] o.s.b.a.w.s.WelcomePageHandlerMapping    : Adding welcome page: class path resource [static/index.html]
2026-10-10T02:22:50.772+07:00  INFO 65816 --- [competitive-quiz] [           main] o.s.b.w.embedded.tomcat.TomcatWebServer  : Tomcat started on port 54956 (http) with context path '/'
2026-10-10T02:22:50.774+07:00  INFO 65816 --- [competitive-quiz] [           main] v.e.quiz.room.controller.RoomNetworkIT   : Started RoomNetworkIT in 0.566 seconds (process running for 134.917)
2026-10-10T02:22:50.785+07:00  INFO 65816 --- [competitive-quiz] [-auto-13-exec-1] o.a.c.c.C.[Tomcat-8].[localhost].[/]     : Initializing Spring DispatcherServlet 'dispatcherServlet'
2026-10-10T02:22:50.785+07:00  INFO 65816 --- [competitive-quiz] [-auto-13-exec-1] o.s.web.servlet.DispatcherServlet        : Initializing Servlet 'dispatcherServlet'
2026-10-10T02:22:50.785+07:00  INFO 65816 --- [competitive-quiz] [-auto-13-exec-1] o.s.web.servlet.DispatcherServlet        : Completed initialization in 0 ms
[INFO] Tests run: 13, Failures: 0, Errors: 0, Skipped: 0, Time elapsed: 7.077 s -- in vn.edu.quiz.room.controller.RoomNetworkIT
[INFO] Running vn.edu.quiz.system.controller.MySqlSmokeIT
2026-10-10T02:22:57.268+07:00  INFO 65816 --- [competitive-quiz] [           main] t.c.s.AnnotationConfigContextLoaderUtils : Could not detect default configuration classes for test class [vn.edu.quiz.system.controller.MySqlSmokeIT]: MySqlSmokeIT does not declare any static, non-private, non-final, nested classes annotated with @Configuration.
2026-10-10T02:22:57.277+07:00  INFO 65816 --- [competitive-quiz] [           main] .b.t.c.SpringBootTestContextBootstrapper : Found @SpringBootConfiguration vn.edu.quiz.QuizApplication for test class vn.edu.quiz.system.controller.MySqlSmokeIT

  .   ____          _            __ _ _
 /\\ / ___'_ __ _ _(_)_ __  __ _ \ \ \ \
( ( )\___ | '_ | '_| | '_ \/ _` | \ \ \ \
 \\/  ___)| |_)| | | | | || (_| |  ) ) ) )
  '  |____| .__|_| |_|_| |_\__, | / / / /
 =========|_|==============|___/=/_/_/_/

 :: Spring Boot ::               (v3.5.16)

2026-10-10T02:22:57.287+07:00  INFO 65816 --- [competitive-quiz] [           main] v.e.quiz.system.controller.MySqlSmokeIT  : Starting MySqlSmokeIT using Java 21.0.9 with PID 65816 (started by CodexSandboxOffline in D:\BTL_LTM)
2026-10-10T02:22:57.287+07:00  INFO 65816 --- [competitive-quiz] [           main] v.e.quiz.system.controller.MySqlSmokeIT  : The following 1 profile is active: "mysql"
2026-10-10T02:22:57.364+07:00  INFO 65816 --- [competitive-quiz] [           main] .s.d.r.c.RepositoryConfigurationDelegate : Bootstrapping Spring Data JPA repositories in DEFAULT mode.
2026-10-10T02:22:57.389+07:00  INFO 65816 --- [competitive-quiz] [           main] .s.d.r.c.RepositoryConfigurationDelegate : Finished Spring Data repository scanning in 24 ms. Found 13 JPA repository interfaces.
2026-10-10T02:22:57.428+07:00  INFO 65816 --- [competitive-quiz] [           main] o.s.b.w.embedded.tomcat.TomcatWebServer  : Tomcat initialized with port 0 (http)
2026-10-10T02:22:57.428+07:00  INFO 65816 --- [competitive-quiz] [           main] o.apache.catalina.core.StandardService   : Starting service [Tomcat]
2026-10-10T02:22:57.428+07:00  INFO 65816 --- [competitive-quiz] [           main] o.apache.catalina.core.StandardEngine    : Starting Servlet engine: [Apache Tomcat/10.1.55]
2026-10-10T02:22:57.441+07:00  INFO 65816 --- [competitive-quiz] [           main] o.a.c.c.C.[Tomcat-9].[localhost].[/]     : Initializing Spring embedded WebApplicationContext
2026-10-10T02:22:57.441+07:00  INFO 65816 --- [competitive-quiz] [           main] w.s.c.ServletWebServerApplicationContext : Root WebApplicationContext: initialization completed in 154 ms
2026-10-10T02:22:57.467+07:00  INFO 65816 --- [competitive-quiz] [           main] com.zaxxer.hikari.HikariDataSource       : HikariPool-15 - Starting...
2026-10-10T02:22:57.476+07:00  INFO 65816 --- [competitive-quiz] [           main] com.zaxxer.hikari.pool.HikariPool        : HikariPool-15 - Added connection com.mysql.cj.jdbc.ConnectionImpl@51a0162a
2026-10-10T02:22:57.476+07:00  INFO 65816 --- [competitive-quiz] [           main] com.zaxxer.hikari.HikariDataSource       : HikariPool-15 - Start completed.
2026-10-10T02:22:57.479+07:00  INFO 65816 --- [competitive-quiz] [           main] org.flywaydb.core.FlywayExecutor         : Database: jdbc:mysql://127.0.0.1:3306/quizz_task2_test?connectionTimeZone=UTC&connectTimeout=3000&socketTimeout=3000 (MySQL 8.0)
2026-10-10T02:22:57.492+07:00  INFO 65816 --- [competitive-quiz] [           main] o.f.core.internal.command.DbValidate     : Successfully validated 7 migrations (execution time 00:00.007s)
2026-10-10T02:22:57.504+07:00  INFO 65816 --- [competitive-quiz] [           main] o.f.core.internal.command.DbMigrate      : Current version of schema `quizz_task2_test`: 7
2026-10-10T02:22:57.505+07:00  INFO 65816 --- [competitive-quiz] [           main] o.f.core.internal.command.DbMigrate      : Schema `quizz_task2_test` is up to date. No migration necessary.
2026-10-10T02:22:57.535+07:00  INFO 65816 --- [competitive-quiz] [           main] o.hibernate.jpa.internal.util.LogHelper  : HHH000204: Processing PersistenceUnitInfo [name: default]
2026-10-10T02:22:57.537+07:00  INFO 65816 --- [competitive-quiz] [           main] o.h.c.internal.RegionFactoryInitiator    : HHH000026: Second-level cache disabled
2026-10-10T02:22:57.542+07:00  INFO 65816 --- [competitive-quiz] [           main] o.s.o.j.p.SpringPersistenceUnitInfo      : No LoadTimeWeaver setup: ignoring JPA class transformer
2026-10-10T02:22:57.544+07:00  INFO 65816 --- [competitive-quiz] [           main] org.hibernate.orm.connections.pooling    : HHH10001005: Database info:
	Database JDBC URL [Connecting through datasource 'HikariDataSource (HikariPool-15)']
	Database driver: undefined/unknown
	Database version: 8.0.45
	Autocommit mode: undefined/unknown
	Isolation level: undefined/unknown
	Minimum pool size: undefined/unknown
	Maximum pool size: undefined/unknown
2026-10-10T02:22:57.597+07:00  INFO 65816 --- [competitive-quiz] [           main] o.h.e.t.j.p.i.JtaPlatformInitiator       : HHH000489: No JTA platform available (set 'hibernate.transaction.jta.platform' to enable JTA platform integration)
2026-10-10T02:22:57.603+07:00  INFO 65816 --- [competitive-quiz] [           main] j.LocalContainerEntityManagerFactoryBean : Initialized JPA EntityManagerFactory for persistence unit 'default'
2026-10-10T02:22:57.741+07:00  INFO 65816 --- [competitive-quiz] [           main] r$InitializeUserDetailsManagerConfigurer : Global AuthenticationManager configured with UserDetailsService bean with name quizUserDetailsService
2026-10-10T02:22:57.745+07:00  INFO 65816 --- [competitive-quiz] [           main] o.s.b.a.w.s.WelcomePageHandlerMapping    : Adding welcome page: class path resource [static/index.html]
2026-10-10T02:22:57.807+07:00  INFO 65816 --- [competitive-quiz] [           main] o.s.b.w.embedded.tomcat.TomcatWebServer  : Tomcat started on port 54017 (http) with context path '/'
2026-10-10T02:22:57.809+07:00  INFO 65816 --- [competitive-quiz] [           main] v.e.quiz.system.controller.MySqlSmokeIT  : Started MySqlSmokeIT in 0.531 seconds (process running for 141.952)
2026-10-10T02:22:57.819+07:00  INFO 65816 --- [competitive-quiz] [-auto-14-exec-1] o.a.c.c.C.[Tomcat-9].[localhost].[/]     : Initializing Spring DispatcherServlet 'dispatcherServlet'
2026-10-10T02:22:57.819+07:00  INFO 65816 --- [competitive-quiz] [-auto-14-exec-1] o.s.web.servlet.DispatcherServlet        : Initializing Servlet 'dispatcherServlet'
2026-10-10T02:22:57.819+07:00  INFO 65816 --- [competitive-quiz] [-auto-14-exec-1] o.s.web.servlet.DispatcherServlet        : Completed initialization in 0 ms
MYSQL_SMOKE: product=MySQL, version=8.0.45, database=quizz_task2_test
[INFO] Tests run: 2, Failures: 0, Errors: 0, Skipped: 0, Time elapsed: 0.598 s -- in vn.edu.quiz.system.controller.MySqlSmokeIT
[INFO] 
[INFO] Results:
[INFO] 
[INFO] Tests run: 149, Failures: 0, Errors: 0, Skipped: 0
[INFO] 
[INFO] 
[INFO] --- failsafe:3.5.6:verify (default) @ competitive-quiz ---
[INFO] ------------------------------------------------------------------------
[INFO] BUILD SUCCESS
[INFO] ------------------------------------------------------------------------
[INFO] Total time:  02:49 min
[INFO] Finished at: 2026-10-10T02:22:58+07:00
[INFO] ------------------------------------------------------------------------
